text,label,original_intent,split
what is the meaning of realism,faq,definition,train
what is regard mean,faq,definition,train
what is the meaning of interorganizational,faq,definition,train
what is it is all relative mean,faq,definition,train
what is intercontinental mean,faq,definition,train
what is the meaning of supercede,faq,definition,train
what is let it be mean,faq,definition,train
what is the definition of incomprehensible,faq,definition,train
what is the meaning of stupendous,faq,definition,train
what is the definition of intelligent,faq,definition,train
what is good riddance mean,faq,definition,train
what is break a leg mean,faq,definition,train
what is the meaning of hyperactive,faq,definition,train
what is the definition of valor,faq,definition,train
what is stupedous meant,faq,definition,train
find the meaning of qat,faq,definition,train
what the heck is qat,faq,definition,train
define qat for me,faq,definition,train
read me a definition for qat,faq,definition,train
look up qat please,faq,definition,train
what might the meaning of altruism be,faq,definition,train
exactly what does altruism mean,faq,definition,train
what does altruism mean,faq,definition,train
what is the definition of altruism,faq,definition,train
what is the meaning of altruism,faq,definition,train
affiliate's definition is what,faq,definition,train
the definition of affiliate is,faq,definition,train
what's the meaning of affiliate,faq,definition,train
what's affiliate definition,faq,definition,train
definition of affiliate is what,faq,definition,train
whats the definition of poor,faq,definition,train
"describe the meaning of ""dog",faq,definition,train
"what does ""money"" mean",faq,definition,train
tell me what the word die means,faq,definition,train
what is the definition of succumb,faq,definition,train
what is the meaning of telepathy,faq,definition,train
what does tertiary mean,faq,definition,train
tell me the definition of the word redemption,faq,definition,train
what is the meaning of the word lux,faq,definition,train
what is an ataraxy,faq,definition,train
what does the word ataraxy mean,faq,definition,train
what does ataraxy mean,faq,definition,train
use the word ataraxy in a sentence,faq,definition,train
define ataraxy,faq,definition,train
what does discretionary mean,faq,definition,train
define discretionary,faq,definition,train
i want to know the definition of discretionary,faq,definition,train
can you give the definition of deiscretionary,faq,definition,train
let's hear the definition of iridium,faq,definition,train
what's the definition of analogy,faq,definition,train
can you tell me the definition of sucrose,faq,definition,train
definition of anachronism,faq,definition,train
what's the definition of patriarchy,faq,definition,train
can you tell me the definition of yttrbium,faq,definition,train
please share the definition of episcopalian,faq,definition,train
what does saffron mean,faq,definition,train
define sonogram,faq,definition,train
define thoroughbred,faq,definition,train
what's the meaning of a fortnight,faq,definition,train
what is an anachronism,faq,definition,train
what's the meaning of emulsify,faq,definition,train
tell me what cyst means,faq,definition,train
what is the definition of flange,faq,definition,train
tell me what flange means,faq,definition,train
define flange,faq,definition,train
flange means what,faq,definition,train
what is the meaning of flange,faq,definition,train
"what does ""rescind"" mean",faq,definition,train
"what is the meaning of word ""rescind",faq,definition,train
"is ""rescind"" a word of positive connotation",faq,definition,train
"where i can use word ""rescind",faq,definition,train
read me the definition of ajar,faq,definition,train
what does ajar mean,faq,definition,train
can you show me the dictionary definition of ajar,faq,definition,train
tell me what monstrosity means,faq,definition,train
give me the definition of ajar,faq,definition,train
what is the definition of didactic,faq,definition,train
i need to know what adumbrate means can you look it up for me now,faq,definition,train
i want to know what the word discomfit means,faq,definition,train
find what the word diaphanous mean please,faq,definition,train
do you know what calumny means  please look it up for me,faq,definition,train
find out what the word abrogate means for me,faq,definition,train
tell me what edict means,faq,definition,train
what does the word abjure mean,faq,definition,train
can you tell me what dirge means,faq,definition,train
tell me what the word arboreal means,faq,definition,train
whats the definition of transmute,faq,definition,train
what is the meaning of the word slander,faq,definition,train
what is meant by defense,faq,definition,train
tell me what the word bounty means,faq,definition,train
what does deceive mean,faq,definition,train
define zesty,faq,definition,train
look up zesty in dictionary,faq,definition,train
definition of zesty,faq,definition,train
what is the definition of zesty,faq,definition,train
what does zesty mean,faq,definition,train
tell me what alternative means,faq,definition,train
what does alternative mean,faq,definition,train
give me the meaning of alternative,faq,definition,train
tell me the meaning of alternative,faq,definition,train
does life have meaning,faq,meaning_of_life,train
is being alive the meaning of life,faq,meaning_of_life,train
what is the real meaning of life,faq,meaning_of_life,train
what is the answer to the meaning of life,faq,meaning_of_life,train
is there really an answer to the meaning of life,faq,meaning_of_life,train
does life have a meaning,faq,meaning_of_life,train
who can tell me if there's any meaning to life,faq,meaning_of_life,train
what makes life have any meaning,faq,meaning_of_life,train
why do you think we're here,faq,meaning_of_life,train
what's the answer to existence,faq,meaning_of_life,train
what's the point of sentience,faq,meaning_of_life,train
what's the purpose of existence,faq,meaning_of_life,train
what's the purpose of life,faq,meaning_of_life,train
what's the point of this dumpster fire known as life,faq,meaning_of_life,train
what is life's meaning,faq,meaning_of_life,train
is there a greater purpose in life,faq,meaning_of_life,train
what is our purpose in life,faq,meaning_of_life,train
how is life in existence,faq,meaning_of_life,train
what's lifes meaning,faq,meaning_of_life,train
what exactly is the meaning of life,faq,meaning_of_life,train
whats lifes meaning exactly,faq,meaning_of_life,train
what's the meaning of this life,faq,meaning_of_life,train
what is the meaning of life here,faq,meaning_of_life,train
does my life have meaning,faq,meaning_of_life,train
i wish to know the meaning of life,faq,meaning_of_life,train
i wanna know the meaning of life,faq,meaning_of_life,train
i wanna know the point of life,faq,meaning_of_life,train
i need to know the point of life,faq,meaning_of_life,train
i must know the point of life,faq,meaning_of_life,train
tell the meaning of life,faq,meaning_of_life,train
i gotta know the meaning of life,faq,meaning_of_life,train
what is your take on the meaning of life,faq,meaning_of_life,train
tell me what is the purpose of life,faq,meaning_of_life,train
what meaning does life hold,faq,meaning_of_life,train
what do you think is the meaning of like,faq,meaning_of_life,train
how do i find the meaning of life,faq,meaning_of_life,train
what is the purpose of exsistance,faq,meaning_of_life,train
what is your version on the meaning of life,faq,meaning_of_life,train
what is your explanation for the meaning of life,faq,meaning_of_life,train
what is the purpose of creation,faq,meaning_of_life,train
can you figure out the meaning of life,faq,meaning_of_life,train
whats your take on the meaning of life,faq,meaning_of_life,train
can you explain the meaning of life to me,faq,meaning_of_life,train
what is life all about,faq,meaning_of_life,train
can you explain the meaning of life,faq,meaning_of_life,train
"what's the point of life, anyways",faq,meaning_of_life,train
the meaning of life please,faq,meaning_of_life,train
the meaning of life,faq,meaning_of_life,train
i'd like to me told the meaning of life,faq,meaning_of_life,train
do you know the meaning of life,faq,meaning_of_life,train
say what the meaning of life is,faq,meaning_of_life,train
can you tell me life's meaning,faq,meaning_of_life,train
what's the meaning of my life,faq,meaning_of_life,train
what is the underlying purpose to life,faq,meaning_of_life,train
what do you think about the meaning of life,faq,meaning_of_life,train
what is life’s meaning,faq,meaning_of_life,train
help me figure out the meaning of life,faq,meaning_of_life,train
"would you tell me the meaning of life, please",faq,meaning_of_life,train
"could you tell me the meaning of life, please",faq,meaning_of_life,train
can you tell me the meaning of life,faq,meaning_of_life,train
could you tell me the meaning of life,faq,meaning_of_life,train
"can you tell me the meaning of life, please",faq,meaning_of_life,train
what does life mean to you,faq,meaning_of_life,train
is there really a meaning of life,faq,meaning_of_life,train
is there any meaning to being alive,faq,meaning_of_life,train
what is the meaning of my life,faq,meaning_of_life,train
what is the point of life,faq,meaning_of_life,train
what's the point of everything,faq,meaning_of_life,train
is there a meaning to life,faq,meaning_of_life,train
why are we here in life,faq,meaning_of_life,train
can you share the meaning of life,faq,meaning_of_life,train
research the meaning of life,faq,meaning_of_life,train
can you tell me what you think the meaning of life is,faq,meaning_of_life,train
what is our purpose here on earth,faq,meaning_of_life,train
is love the meaning of life,faq,meaning_of_life,train
is there a reason people exist,faq,meaning_of_life,train
what is the secret or meaning to life,faq,meaning_of_life,train
what does life mean on a deeper level,faq,meaning_of_life,train
how would you put what life is all about,faq,meaning_of_life,train
how would you describe what life means,faq,meaning_of_life,train
what do people say life means or the meaning is,faq,meaning_of_life,train
life has what meaning or what's the secret to it,faq,meaning_of_life,train
where is there meaning in life,faq,meaning_of_life,train
what is the meaning of this life,faq,meaning_of_life,train
do you know what the meaning of life is,faq,meaning_of_life,train
what's life's meaning,faq,meaning_of_life,train
"does life have a meaning, according to you",faq,meaning_of_life,train
does this life have a meaning,faq,meaning_of_life,train
can you share with me your interpretation of the meaning of life,faq,meaning_of_life,train
what do you think is the meaning of life,faq,meaning_of_life,train
is there a meaning in life,faq,meaning_of_life,train
i wonder if you can explain the meaning of life,faq,meaning_of_life,train
"i always wonder about the meaning of life, can you tell me",faq,meaning_of_life,train
what's my meaning in life,faq,meaning_of_life,train
define the meaning of life,faq,meaning_of_life,train
meaning of life is,faq,meaning_of_life,train
what is your perception of the meaning of life,faq,meaning_of_life,train
whats the meaning of life,faq,meaning_of_life,train
what do you think the meaning of life is,faq,meaning_of_life,train
what is behind life's meaning,faq,meaning_of_life,train
lets hear an interesting fact about funko pops,faq,fun_fact,train
know any interesting facts,faq,fun_fact,train
what is one fun fact,faq,fun_fact,train
tell me a fact,faq,fun_fact,train
lets hear a fact,faq,fun_fact,train
any unique trivia about beats headphones,faq,fun_fact,train
tell me a fact i may not know,faq,fun_fact,train
what is one thing i might not know about nike shoes,faq,fun_fact,train
tell me something interesting about sperm whales,faq,fun_fact,train
i want to know a fun fact about pluto,faq,fun_fact,train
what's an interesting fact about flamingos,faq,fun_fact,train
tell me a random fact,faq,fun_fact,train
have any cool facts on reptiles,faq,fun_fact,train
i want to learn an interesting fact about cats,faq,fun_fact,train
read me some fun facts,faq,fun_fact,train
tell me a few facts about cats,faq,fun_fact,train
help me learn something intriguing about turtles,faq,fun_fact,train
read me some interesting information about cats,faq,fun_fact,train
what's an interesting tidbit about rivers,faq,fun_fact,train
can you tell me something i don't know about banks,faq,fun_fact,train
can you tell me a fun fact regarding cars,faq,fun_fact,train
do you know any fun facts about shampoo,faq,fun_fact,train
what's a fun fact about eggs,faq,fun_fact,train
what's a neat fact about twinkies,faq,fun_fact,train
i'd like to hear a fun fact about adult entertainment,faq,fun_fact,train
tell me something neat about slinkies,faq,fun_fact,train
tell me something fun about gravity,faq,fun_fact,train
say trivia about lebron james,faq,fun_fact,train
tell me a fun fact about mt everest,faq,fun_fact,train
give me some trivia about lebron james,faq,fun_fact,train
what are some trivia questions about lebron james,faq,fun_fact,train
repeat that fun fact about mt everest,faq,fun_fact,train
what is a fun fact about mt everest,faq,fun_fact,train
say a fun fact about mt everest,faq,fun_fact,train
do you know any fun facts about mt everest,faq,fun_fact,train
explain some trivia about lebron james,faq,fun_fact,train
communicate trivia about lebron james,faq,fun_fact,train
what are fun facts about lighthouses,faq,fun_fact,train
can you tell me fun facts about lighthouses,faq,fun_fact,train
tell me interesting facts about lighthouses,faq,fun_fact,train
tell me a fun trivia bit about artificial intelligence,faq,fun_fact,train
do you know any trivia about the ocean,faq,fun_fact,train
tell me something neat about the ocean floor,faq,fun_fact,train
i'd like to hear a fun fact about the nfl,faq,fun_fact,train
i want to hear an interesting fact about dinosaurs,faq,fun_fact,train
please tell me an interesting tidbit about the roman empire,faq,fun_fact,train
can you share some trivia with me about us history,faq,fun_fact,train
do you know any fun facts about the ocean,faq,fun_fact,train
i want to learn a neat fact about black holes,faq,fun_fact,train
can you give me a good piece of trivia about the rainforest,faq,fun_fact,train
tell me something interesting about outer space,faq,fun_fact,train
share with me a fun fact about outer space,faq,fun_fact,train
tell me a neat fact about the ocean,faq,fun_fact,train
tell me some interesting trivia about dinosaurs,faq,fun_fact,train
i want to hear a fun fact about american presidents,faq,fun_fact,train
give me an interesting fact about antarctica,faq,fun_fact,train
can you share something interesting about world war one,faq,fun_fact,train
i want to know some trivia about our solar system,faq,fun_fact,train
tell me a fun fact about the olympics,faq,fun_fact,train
tell me something cool about elephants,faq,fun_fact,train
name some awesome things about dogs,faq,fun_fact,train
list some neat stuff about rats,faq,fun_fact,train
what's a good trivia fact about china,faq,fun_fact,train
give me a fun fact about otters,faq,fun_fact,train
do you know any fun facts about australian football,faq,fun_fact,train
tell me some trivia about birds,faq,fun_fact,train
do you know any trivia about ostriches,faq,fun_fact,train
what's a good fun fact about great britain,faq,fun_fact,train
give me trivia about bats,faq,fun_fact,train
fun facts about tigers,faq,fun_fact,train
tell me something interesting about los angeles,faq,fun_fact,train
what's a fun fact about mythology,faq,fun_fact,train
what's a fun fact relating to elephants,faq,fun_fact,train
what's a cool and interesting thing about dogs,faq,fun_fact,train
i'd like to hear some trivia about florida,faq,fun_fact,train
tell me a fun fact about butterflies,faq,fun_fact,train
please give me a really impressive piece of trivia about bubble gum,faq,fun_fact,train
what is the most fun fact you know about the film industry,faq,fun_fact,train
please tell me trivia about hamburgers,faq,fun_fact,train
what is the most unique piece of trivia relating to cameras,faq,fun_fact,train
what's a fun fact about elephants,faq,fun_fact,train
tell me some amazing trivia about radios,faq,fun_fact,train
tell me a fun fact about computer,faq,fun_fact,train
please tell me a really fun fact about facebook,faq,fun_fact,train
can you tell me the most interesting fact about resistors,faq,fun_fact,train
what is an amazing trivia fact relating to 3d printing,faq,fun_fact,train
tell me a fun fact about tigers,faq,fun_fact,train
can you tell me a fun fact about elephants,faq,fun_fact,train
what is a fun fact about dogs,faq,fun_fact,train
what would be a fun fact about cats,faq,fun_fact,train
tell me all about the trivia with friends,faq,fun_fact,train
i need to know trivia on star wars,faq,fun_fact,train
lets fin out some fun facts about humans,faq,fun_fact,train
i want to know all about trivia for the office,faq,fun_fact,train
explain to me the trivia on twilight,faq,fun_fact,train
lets go threw some trivia on sports,faq,fun_fact,train
"trivia about something,tell me some",faq,fun_fact,train
tell me about something some trivia,faq,fun_fact,train
tell me some something trivia,faq,fun_fact,train
"about something,tell me some trivia",faq,fun_fact,train
tell me about today weather,escalate,replacement_card_duration,train
can my debit card be replaced quickly,escalate,replacement_card_duration,train
how long does visa take to get me a new card,escalate,replacement_card_duration,train
is my card made immedietly after reporting stolen,escalate,replacement_card_duration,train
can i replace a stolen card soon,escalate,replacement_card_duration,train
how long to replace a credit card,escalate,replacement_card_duration,train
how soon until you send me replacement card,escalate,replacement_card_duration,train
when will you mail me a replacement card,escalate,replacement_card_duration,train
how long until you send me a replacement card,escalate,replacement_card_duration,train
when will you send me a replacement card,escalate,replacement_card_duration,train
when can you send me a replacement card,escalate,replacement_card_duration,train
how long will delivery of a new card take,escalate,replacement_card_duration,train
when can i expect my replacement card,escalate,replacement_card_duration,train
how long can i expect to wait for a new card,escalate,replacement_card_duration,train
when do they mail me a replacement card,escalate,replacement_card_duration,train
when does the replacement card arrive,escalate,replacement_card_duration,train
"if my credit card was stolen, how long will it take to replace",escalate,replacement_card_duration,train
how long will i have to wait until they replace a stolen credit card,escalate,replacement_card_duration,train
how long does it take to replace a stolen credit card,escalate,replacement_card_duration,train
how long will a new card take to come in the mail,escalate,replacement_card_duration,train
what's the timeline on replacing a stolen credit card,escalate,replacement_card_duration,train
"do i get a replacement card mailed, and when",escalate,replacement_card_duration,train
what's the transit time on a new card,escalate,replacement_card_duration,train
will you notify me when my new card is on the way,escalate,replacement_card_duration,train
what is the quickest way to get a new card,escalate,replacement_card_duration,train
what is the turn around for a new card,escalate,replacement_card_duration,train
how long will it take to get a new card,escalate,replacement_card_duration,train
when can i expect my new card,escalate,replacement_card_duration,train
my new card will arrive when,escalate,replacement_card_duration,train
my new card arrives in the post when,escalate,replacement_card_duration,train
how long til my new card arrives by mail,escalate,replacement_card_duration,train
my new card will get here in the mail when,escalate,replacement_card_duration,train
"if i ordered a new card, how long til it comes",escalate,replacement_card_duration,train
when can i expect my new card to get here,escalate,replacement_card_duration,train
when will my new card come in the mail,escalate,replacement_card_duration,train
when will my new visa get here,escalate,replacement_card_duration,train
my card is coming by mail how long will that take,escalate,replacement_card_duration,train
how long will it take a new card to come in the mail,escalate,replacement_card_duration,train
what date will my card be here,escalate,replacement_card_duration,train
how many days do i have to wait for my card,escalate,replacement_card_duration,train
when will me new card arrive,escalate,replacement_card_duration,train
how long does it take to get a replacement card,escalate,replacement_card_duration,train
if i order a new card how long would it take,escalate,replacement_card_duration,train
if i need a new card mailed how long will it take,escalate,replacement_card_duration,train
how long will it be for me to get a new card,escalate,replacement_card_duration,train
how long will a new card take to reach me,escalate,replacement_card_duration,train
time to get replacement credit card for stolen one,escalate,replacement_card_duration,train
how long it takes to get a new replacement card,escalate,replacement_card_duration,train
mailing to me for a new card takes how long,escalate,replacement_card_duration,train
mailing a new card to me takes how long,escalate,replacement_card_duration,train
"for anew card to be mailed to me, how long does it take",escalate,replacement_card_duration,train
it takes how long to mail me a new card,escalate,replacement_card_duration,train
a new cards takes how long to mail to me,escalate,replacement_card_duration,train
average time to receive new card,escalate,replacement_card_duration,train
how long to get a new credit card,escalate,replacement_card_duration,train
how many days before my credit card arrives,escalate,replacement_card_duration,train
will my credit card be mailed soon,escalate,replacement_card_duration,train
when will i get my new credit card,escalate,replacement_card_duration,train
my credit card was stolen; how long before a new one will arrive,escalate,replacement_card_duration,train
my credit card has been stolen and i want to know how long it will be before i can get a new one,escalate,replacement_card_duration,train
how long will it take for me to get a new credit card to replace the one that was stolen,escalate,replacement_card_duration,train
my credit card got stolen and i need to know how long it will be before a new on arrives,escalate,replacement_card_duration,train
how many days will it take to get a new credit card to replace the one stolen from me,escalate,replacement_card_duration,train
what's the expected time to have a stolen credit card replaced,escalate,replacement_card_duration,train
how long does it take to replace a lost card,escalate,replacement_card_duration,train
how long should i expect to wait for my new card in the mail,escalate,replacement_card_duration,train
how long should i wait to get my new card when my old one was stolen,escalate,replacement_card_duration,train
what's the typical lag time in receiving a new credit card when your previous one was lost,escalate,replacement_card_duration,train
what's the usual time to get a new card when your previous one was lost,escalate,replacement_card_duration,train
how long will it take before the postal service delivers my new card,escalate,replacement_card_duration,train
what's the typical time it takes for a new card to arrive,escalate,replacement_card_duration,train
when will i get a replacement card for a lost one,escalate,replacement_card_duration,train
what's the eta for a new card to come in the mail,escalate,replacement_card_duration,train
my last card was stolen and i want to know how long until i get my new one,escalate,replacement_card_duration,train
how many days till i get a new card to replace the stolen one,escalate,replacement_card_duration,train
what's the average time it takes for a new card to arrive,escalate,replacement_card_duration,train
how long until the credit card company replaces my lost card,escalate,replacement_card_duration,train
how long does it take to get a replacement credit card when your last one was stolen,escalate,replacement_card_duration,train
how soon will i be sent a new card,escalate,replacement_card_duration,train
how many days does it take to receive a new card,escalate,replacement_card_duration,train
how long does it take you to mail me a new card,escalate,replacement_card_duration,train
how soon will you mail me a new card,escalate,replacement_card_duration,train
what is the earliest date i can get my new card,escalate,replacement_card_duration,train
whats the wait time for a replacement card,escalate,replacement_card_duration,train
how long until i get a replacement card,escalate,replacement_card_duration,train
how long before i can get a replacement card,escalate,replacement_card_duration,train
when will a replacement card get here,escalate,replacement_card_duration,train
how long is the shipping for my replacement card,escalate,replacement_card_duration,train
what date will my replacement card arrive on,escalate,replacement_card_duration,train
is my replacement card coming soon,escalate,replacement_card_duration,train
when will my card replacement arrive,escalate,replacement_card_duration,train
when will my card come,escalate,replacement_card_duration,train
when should i expect my replacement card,escalate,replacement_card_duration,train
when will my replacement card get mailed,escalate,replacement_card_duration,train
do you know when my card will come in,escalate,replacement_card_duration,train
do when you when my replacement card will get mailed,escalate,replacement_card_duration,train
what date will my replacement card get mailed,escalate,replacement_card_duration,train
what would be the estimated time from to get a new card mailed to me,escalate,replacement_card_duration,train
what is the time frame to get a new card mailed to me,escalate,replacement_card_duration,train
how long until i can expect my new card to get mailed to me,escalate,replacement_card_duration,train
"what time is it in punta gorda, florida",faq,time,train
"what time is it in glenwood springs, co",faq,time,train
"what time is it in fredericksburg, tx",faq,time,train
"what time is it in las vegas, nv",faq,time,train
"what time is it in houston, tx",faq,time,train
i need to know the current time in the central timezone,faq,time,train
would you tell me the current time in the eastern timezone,faq,time,train
let me know the current time in the central timezone,faq,time,train
tell me what time it is in the central timezone,faq,time,train
i am needing to know the current time in the eastern timezone,faq,time,train
what is the time right now in the hst timezone,faq,time,train
can you tell me the current time,faq,time,train
what is the current time in cst,faq,time,train
i need to know what time it is in florida,faq,time,train
what is the time right now,faq,time,train
"in the mst time zone, what time is it right now",faq,time,train
tell me what time it is right now,faq,time,train
can you tell me the current time in the pacific timezone,faq,time,train
look up the time in california,faq,time,train
what is the current est time,faq,time,train
can you tell me what time it is please,faq,time,train
what time is it getting to be,faq,time,train
what time do you have on your watch,faq,time,train
what time would it be in rome right now,faq,time,train
what's the time in london,faq,time,train
what's the time set to in florida right now,faq,time,train
what time is it currently in istanbul,faq,time,train
what time is it right now in paris,faq,time,train
what's the time right now,faq,time,train
"current time, please",faq,time,train
would you mind telling me the time,faq,time,train
can you give me the time,faq,time,train
please let me know what time it is,faq,time,train
what is the exact time right now in the hawaii time zone,faq,time,train
what is the time,faq,time,train
what is the time right now in the peruvian time zone,faq,time,train
what is the exact time,faq,time,train
what time is it exactly in the new zealand time zone,faq,time,train
what is the exact time in the ist time zone,faq,time,train
what is the time in the utc timezone,faq,time,train
what time is it exactly,faq,time,train
what is the time now,faq,time,train
what time is it in russia,faq,time,train
what time is it,faq,time,train
"what is the time in sydney, australia",faq,time,train
what time is it in honolulu,faq,time,train
what's the current time in greenwhich,faq,time,train
what's the current time in est,faq,time,train
what time is it on the pacific coast right now,faq,time,train
"given my time, what time is it in mst",faq,time,train
have you the time,faq,time,train
when is it right now,faq,time,train
what hour and minute is it,faq,time,train
what time is it right now in cst,faq,time,train
what time is it in the eastern standard timezone,faq,time,train
what time is it in the pacific standard timezone,faq,time,train
what time is it in the alaska standard timezone,faq,time,train
what time is it in the central standard timezone,faq,time,train
what time is it in the mountain standard timezone,faq,time,train
now what is the time,faq,time,train
at the moment what is the time,faq,time,train
i want to know the time,faq,time,train
what time is it now,faq,time,train
do you know the current time in southern california,faq,time,train
what is the current time in china,faq,time,train
what is the current time in mexico city,faq,time,train
what is the current time in new york,faq,time,train
what is the current time in istanbul,faq,time,train
what time is it in buenos aires,faq,time,train
what time is it in north korea,faq,time,train
what does it say on the clock,faq,time,train
"in tokyo, what's the time",faq,time,train
"in tokyo, what time is it",faq,time,train
what's the time in tokyo,faq,time,train
time in tokyo,faq,time,train
what time is it in tokyo,faq,time,train
the time please,faq,time,train
i want to know what time it is,faq,time,train
can you tell me the time,faq,time,train
i would like to know the time,faq,time,train
i need to know the time,faq,time,train
the current time,faq,time,train
"in the eastern timezone, what time is it now",faq,time,train
"in the central timezone, what time is it",faq,time,train
what's the current time now cst,faq,time,train
"in pacific time, what's the current time",faq,time,train
what time is it now pacific time,faq,time,train
"what is the current time, please",faq,time,train
"what's the current time, please",faq,time,train
"what is the time, please",faq,time,train
how is the time,faq,time,train
please tell me the time,faq,time,train
what time is it in london,faq,time,train
what time is it in new york,faq,time,train
what time is it in paris,faq,time,train
what time is it in daniel boone national forest timezone,faq,time,train
what is the time in atlantic timezone,faq,time,train
what's the time in anchorage timezone,faq,time,train
"in bst timezone, what time is it",faq,time,train
do you have the time,faq,time,train
what things can you help me with exactly,ambiguous,what_can_i_ask_you,train
what are the things you can help me with,ambiguous,what_can_i_ask_you,train
what exactly can you help me with,ambiguous,what_can_i_ask_you,train
what can you help me with exactly,ambiguous,what_can_i_ask_you,train
what can you help me with,ambiguous,what_can_i_ask_you,train
what kinds of questions can you answer,ambiguous,what_can_i_ask_you,train
tell me the subject areas you are familiar with,ambiguous,what_can_i_ask_you,train
what sorts of subjects are you well versed in,ambiguous,what_can_i_ask_you,train
what are the subject areas you are knowledgable in,ambiguous,what_can_i_ask_you,train
what kinds of things are you knowledgable about,ambiguous,what_can_i_ask_you,train
tell me the types of things i can ask you about,ambiguous,what_can_i_ask_you,train
what sorts of things can i ask you about,ambiguous,what_can_i_ask_you,train
tell me what you are capable of answering,ambiguous,what_can_i_ask_you,train
what sorts of queries should i give you,ambiguous,what_can_i_ask_you,train
what sorts of subjects do you know about,ambiguous,what_can_i_ask_you,train
what type of questions may i ask you,ambiguous,what_can_i_ask_you,train
which types of questions may i ask you,ambiguous,what_can_i_ask_you,train
what kind of questions may i ask you,ambiguous,what_can_i_ask_you,train
which types of questions can i ask you,ambiguous,what_can_i_ask_you,train
what kind of questions can i ask you,ambiguous,what_can_i_ask_you,train
what topics can i ask you about,ambiguous,what_can_i_ask_you,train
what information can i ask you,ambiguous,what_can_i_ask_you,train
what subjects do you know something about,ambiguous,what_can_i_ask_you,train
what kinds of questions can i ask you,ambiguous,what_can_i_ask_you,train
what types of things do you know,ambiguous,what_can_i_ask_you,train
what kind of questions do you accept,ambiguous,what_can_i_ask_you,train
what questions are permissible,ambiguous,what_can_i_ask_you,train
what can i ask you,ambiguous,what_can_i_ask_you,train
what are my list of commands,ambiguous,what_can_i_ask_you,train
what are the kinds of things you can help me with,ambiguous,what_can_i_ask_you,train
what kind of questions are you good at answering,ambiguous,what_can_i_ask_you,train
can i ask you about anything,ambiguous,what_can_i_ask_you,train
can you help me with anything i need,ambiguous,what_can_i_ask_you,train
what all can you do,ambiguous,what_can_i_ask_you,train
what things do you know about,ambiguous,what_can_i_ask_you,train
what are you able to help me with,ambiguous,what_can_i_ask_you,train
what types of things are you able to do,ambiguous,what_can_i_ask_you,train
what can you answer for me,ambiguous,what_can_i_ask_you,train
is there anything i can't ask you,ambiguous,what_can_i_ask_you,train
what questions do you respond to,ambiguous,what_can_i_ask_you,train
what should i ask you about,ambiguous,what_can_i_ask_you,train
what are you able to answer,ambiguous,what_can_i_ask_you,train
what's the sort of thing i should ask,ambiguous,what_can_i_ask_you,train
what kind of things can you answer,ambiguous,what_can_i_ask_you,train
what things can you do,ambiguous,what_can_i_ask_you,train
what can you do,ambiguous,what_can_i_ask_you,train
what types of questions do you have a response for,ambiguous,what_can_i_ask_you,train
what kinds of questions can you respond to,ambiguous,what_can_i_ask_you,train
what do you have answers for,ambiguous,what_can_i_ask_you,train
what questions am i allowed to ask,ambiguous,what_can_i_ask_you,train
what kinds of things can you do,ambiguous,what_can_i_ask_you,train
ai can you tell me what things i may ask,ambiguous,what_can_i_ask_you,train
"what can i ask you, ai",ambiguous,what_can_i_ask_you,train
what am i able to ask the ai,ambiguous,what_can_i_ask_you,train
"ai, tell me what things i should ask of you",ambiguous,what_can_i_ask_you,train
what sorts of things am i able to ask of you ai,ambiguous,what_can_i_ask_you,train
how can i get you to help me,ambiguous,what_can_i_ask_you,train
what types of things can i ask you,ambiguous,what_can_i_ask_you,train
what sort of things can you help me with,ambiguous,what_can_i_ask_you,train
what are you able to do,ambiguous,what_can_i_ask_you,train
what can i use you to help me with,ambiguous,what_can_i_ask_you,train
how can i use you,ambiguous,what_can_i_ask_you,train
what subjects do you know,ambiguous,what_can_i_ask_you,train
what subjects are you familiar with,ambiguous,what_can_i_ask_you,train
what subjects do you know about,ambiguous,what_can_i_ask_you,train
what types of subjects do you know,ambiguous,what_can_i_ask_you,train
what are you familiar with,ambiguous,what_can_i_ask_you,train
what do you know,ambiguous,what_can_i_ask_you,train
what subjects are you versed in,ambiguous,what_can_i_ask_you,train
can you tell me the subjects you know best,ambiguous,what_can_i_ask_you,train
tell me the subjects you're aware of,ambiguous,what_can_i_ask_you,train
let me know what subjects you comprehend well,ambiguous,what_can_i_ask_you,train
what are the sorts of things i can ask you about,ambiguous,what_can_i_ask_you,train
what questions are you programmed to answer,ambiguous,what_can_i_ask_you,train
what kinds of things can i ask you,ambiguous,what_can_i_ask_you,train
what kinds of questions can i ask of you,ambiguous,what_can_i_ask_you,train
are there certain types of questions i can ask you,ambiguous,what_can_i_ask_you,train
what kinds of things would you be able to help me with,ambiguous,what_can_i_ask_you,train
i need to know what kind of things you can help with,ambiguous,what_can_i_ask_you,train
i want to know what sort of things you can assist me with,ambiguous,what_can_i_ask_you,train
what sort of things are you able to help with,ambiguous,what_can_i_ask_you,train
let me know what you can assist me with,ambiguous,what_can_i_ask_you,train
how can i benefit from using you,ambiguous,what_can_i_ask_you,train
how can you assist me,ambiguous,what_can_i_ask_you,train
i wanna know the types of subjects are you familiar with,ambiguous,what_can_i_ask_you,train
i wish to know the types of subjects are you familiar with,ambiguous,what_can_i_ask_you,train
please inform me of the types of subjects are you familiar with,ambiguous,what_can_i_ask_you,train
what can you be asked about,ambiguous,what_can_i_ask_you,train
tell me the types of subjects are you familiar with,ambiguous,what_can_i_ask_you,train
i would like to know the types of subjects are you familiar with,ambiguous,what_can_i_ask_you,train
what can i ask you all about,ambiguous,what_can_i_ask_you,train
are you familiar with any types of subjects,ambiguous,what_can_i_ask_you,train
what skills do you have,ambiguous,what_can_i_ask_you,train
what are your capabilities,ambiguous,what_can_i_ask_you,train
what topics are you versed in,ambiguous,what_can_i_ask_you,train
what sort of stuff do you know,ambiguous,what_can_i_ask_you,train
what subjects do you know well,ambiguous,what_can_i_ask_you,train
what can i ask you to accomplish,ambiguous,what_can_i_ask_you,train
what tasks can you complete for me,ambiguous,what_can_i_ask_you,train
what type of questions are you partial to that i can ask you,ambiguous,what_can_i_ask_you,train
i don't know the answer,ambiguous,maybe,train
i'm unsure,ambiguous,maybe,train
shit if i know,ambiguous,maybe,train
no idea,ambiguous,maybe,train
hell if i know,ambiguous,maybe,train
either or should work,ambiguous,maybe,train
i dont know,ambiguous,maybe,train
both would work,ambiguous,maybe,train
it could be one or the other,ambiguous,maybe,train
i dont have an answer for that,ambiguous,maybe,train
not a clue,ambiguous,maybe,train
who knows,ambiguous,maybe,train
it could be either,ambiguous,maybe,train
"sorry, i do not know",ambiguous,maybe,train
i'm unsure of the proper answer,ambiguous,maybe,train
i do not know that,ambiguous,maybe,train
"maybe one, maybe the other",ambiguous,maybe,train
"maybe, maybe not",ambiguous,maybe,train
it might be either one,ambiguous,maybe,train
perhaps either of them,ambiguous,maybe,train
i don't know how to answer to that,ambiguous,maybe,train
maybe either,ambiguous,maybe,train
i dunno,ambiguous,maybe,train
"maybe yes, maybe no",ambiguous,maybe,train
"might be true, might be false",ambiguous,maybe,train
possibly,ambiguous,maybe,train
it depends,ambiguous,maybe,train
i'm not sure what the answer is,ambiguous,maybe,train
i will know later,ambiguous,maybe,train
maybe,ambiguous,maybe,train
"one or the other, or both",ambiguous,maybe,train
no clue,ambiguous,maybe,train
i am not to sure about that,ambiguous,maybe,train
either one would work,ambiguous,maybe,train
i really don't know,ambiguous,maybe,train
i am not confident on that,ambiguous,maybe,train
that i don't know,ambiguous,maybe,train
both maybe,ambiguous,maybe,train
i think it could be both,ambiguous,maybe,train
i don't know for sure,ambiguous,maybe,train
cant say,ambiguous,maybe,train
im not certain,ambiguous,maybe,train
im not sure,ambiguous,maybe,train
really dont know,ambiguous,maybe,train
i'm unsure of the answer,ambiguous,maybe,train
it could be possible,ambiguous,maybe,train
i can't answer yes or no right now,ambiguous,maybe,train
i can't answer that,ambiguous,maybe,train
i don't know the answer to that,ambiguous,maybe,train
i'm not sure,ambiguous,maybe,train
i can't decide,ambiguous,maybe,train
i can't tell,ambiguous,maybe,train
i'll have to think about it,ambiguous,maybe,train
not sure if that's a yes or a no,ambiguous,maybe,train
not quite sure how to respond,ambiguous,maybe,train
i'm torn on how to answer,ambiguous,maybe,train
"not sure, maybe",ambiguous,maybe,train
that could maybe be it,ambiguous,maybe,train
i have no earthly idea at all,ambiguous,maybe,train
it may be either one,ambiguous,maybe,train
i don't have that information,ambiguous,maybe,train
i can't make up my mind,ambiguous,maybe,train
it's either of them,ambiguous,maybe,train
i don't have the answer,ambiguous,maybe,train
sorry no idea,ambiguous,maybe,train
it could be that one or the other one,ambiguous,maybe,train
i'm not sure which one because it could be either of them,ambiguous,maybe,train
i'm drawing a blank,ambiguous,maybe,train
i have no knowledge about it,ambiguous,maybe,train
"no idea, sorry",ambiguous,maybe,train
i'm not sure which it is,ambiguous,maybe,train
i'm really not sure,ambiguous,maybe,train
i'm uncertain,ambiguous,maybe,train
i'm unaware of that,ambiguous,maybe,train
i have no knowledge of that,ambiguous,maybe,train
i am thinking it is either,ambiguous,maybe,train
"hmmm, either could be a choice",ambiguous,maybe,train
i'm sure it could be either,ambiguous,maybe,train
"well, i guess maybe",ambiguous,maybe,train
maybe is my answer,ambiguous,maybe,train
i know it could be either one,ambiguous,maybe,train
maybe is what i am going to answer,ambiguous,maybe,train
"hmm, either",ambiguous,maybe,train
i'm pretty sure it could be either,ambiguous,maybe,train
i have no clue,ambiguous,maybe,train
it might be either,ambiguous,maybe,train
i don't know anything about that,ambiguous,maybe,train
it's possible that it could be either,ambiguous,maybe,train
i don't have a clue,ambiguous,maybe,train
"it could be either, i think",ambiguous,maybe,train
i think it could be either one,ambiguous,maybe,train
i don't really know,ambiguous,maybe,train
i'm not sure of that,ambiguous,maybe,train
that's a possibility,ambiguous,maybe,train
how is the weather today,ambiguous,maybe,train
i haven't a clue,ambiguous,maybe,train
i haven't the foggiest,ambiguous,maybe,train
that answer's above my pay scale,ambiguous,maybe,train
i really don't have a clue,ambiguous,maybe,train
i have no idea,ambiguous,maybe,train
"you need to call the melt in lakewood for a table for at 2:00, monday, the first week in march",lead_intent,restaurant_reservation,train
"hey computer, make a reservation for 2 for my parents at red lobster on wednseday next, 2:00pm if possible",lead_intent,restaurant_reservation,train
"i think we should reserve dad's regular table friday for 6 people, use his name, make that close to 4:00 pm at the club",lead_intent,restaurant_reservation,train
"listen i need to get a reservation for , me and teresa at georgetown cafe on tuesday at 7:00 pm",lead_intent,restaurant_reservation,train
can you make me a reservation for 4 pm on the 22nd at ruth's,lead_intent,restaurant_reservation,train
i need a reservation at 8 on the 22nd of november at ruth's,lead_intent,restaurant_reservation,train
can i make a reservation for 6 pm on the 21st at sidetracks,lead_intent,restaurant_reservation,train
please reserve me a table at hell's kitchen on may 3rd at 8 pm,lead_intent,restaurant_reservation,train
please reserve me a table for 2 pm at maxwell's on the 14th,lead_intent,restaurant_reservation,train
can you make a reservation for me at the restaurant,lead_intent,restaurant_reservation,train
can you make a reservation at the restaurant for tomorrow,lead_intent,restaurant_reservation,train
can you book a table at the restaurant for me and my husband,lead_intent,restaurant_reservation,train
can you make a reservation at the restaurant for tonight,lead_intent,restaurant_reservation,train
can you get me a table for 6 at mark's at 11am,lead_intent,restaurant_reservation,train
can you get me a table for 1 at the vega at 1pm,lead_intent,restaurant_reservation,train
can you get a table for 5 at joe's at 5pm,lead_intent,restaurant_reservation,train
can you get me a table for 3 at captain d's at 2pm,lead_intent,restaurant_reservation,train
can you get me a table for 2 at mexico viejo at 3pm,lead_intent,restaurant_reservation,train
can you get me a table for 2 at diablo,lead_intent,restaurant_reservation,train
can you get me a table for 5 at johnnys,lead_intent,restaurant_reservation,train
can you get me a table for 8 at johnnys,lead_intent,restaurant_reservation,train
can you get me a table for 6 at johnnys,lead_intent,restaurant_reservation,train
can you get me a table for 4 at steve's,lead_intent,restaurant_reservation,train
reserve a table for 3 at outback steakhouse under the name lance at 7:00pm,lead_intent,restaurant_reservation,train
reserve a table for 4 at red lobster under the name dave at 7:30pm,lead_intent,restaurant_reservation,train
reserve a table for 6 at morton's under the name jaime at 8:30pm,lead_intent,restaurant_reservation,train
can you get me a table for 3 at olive garden at 7pm,lead_intent,restaurant_reservation,train
book a reservation for 6 at shakey's under the name jason,lead_intent,restaurant_reservation,train
reserve a table for 5 at lawry's under the name steve at 8:00pm,lead_intent,restaurant_reservation,train
book a reservation for 5 at lawry's under the name chris,lead_intent,restaurant_reservation,train
reserve a table for 2 at olive garden under the name jim at 6:00pm,lead_intent,restaurant_reservation,train
book a reservation for 4 at outback steakhouse under the name dave,lead_intent,restaurant_reservation,train
can you get me a table for 5 at outback steakhouse at 6:30pm,lead_intent,restaurant_reservation,train
book a reservation for 3 at red lobster under the name steve,lead_intent,restaurant_reservation,train
book a reservation for 2 at olive garden under the name jim,lead_intent,restaurant_reservation,train
can you get me a table for 8 at mastro's at 8:30pm,lead_intent,restaurant_reservation,train
can you get me a table for 4 at red lobster at 8pm,lead_intent,restaurant_reservation,train
can you get me a table for 6 at lawry's at 7:30pm,lead_intent,restaurant_reservation,train
is it possible to get a table for 4 at the village inn around 10am,lead_intent,restaurant_reservation,train
can you get me a table for 5 at mcdonalds at 5pm,lead_intent,restaurant_reservation,train
give me a table for 3 at o'reilly's bar for 7 please,lead_intent,restaurant_reservation,train
can i have a table held at the outback steakhouse for johnson at 5,lead_intent,restaurant_reservation,train
is it possible to book a room at the taco bell for reavers at 3,lead_intent,restaurant_reservation,train
i'd like to set up a reservation for kibble at 4,lead_intent,restaurant_reservation,train
can i reserve a table for 2 at the olive garden at 8,lead_intent,restaurant_reservation,train
i want to reserve a table at 8 at long john silver's under the name freddie,lead_intent,restaurant_reservation,train
i want to have a table for 2 at the broadmore around 6,lead_intent,restaurant_reservation,train
i need an 8 o'clock reservation at pizza hut for the last name mercury,lead_intent,restaurant_reservation,train
"hey, i need to make a reservation for three at umi, six pm on february 30th",lead_intent,restaurant_reservation,train
"hello, i'd like a reservation for two at the olive garden at six tonight",lead_intent,restaurant_reservation,train
can you set me up for a reservation for five at outback steakhouse on february 28th at seven pm,lead_intent,restaurant_reservation,train
"i need a reservation for one at applebee's, four in the afternoon on march 3rd",lead_intent,restaurant_reservation,train
"please make a reservation for me: party of two, february 22nd at chili's, two in the afternoon",lead_intent,restaurant_reservation,train
i gotta make a reservation for 8 pm at red robin for 3,lead_intent,restaurant_reservation,train
can i make a reservation for 8 pm at red robin for 3,lead_intent,restaurant_reservation,train
please book a reservation for 8 pm at red robin under the name kevin,lead_intent,restaurant_reservation,train
i want you to book a reservation for 8 pm at red robin under the name kevin,lead_intent,restaurant_reservation,train
you have to reserve a table for 4 at red robin under the name kevin at 7,lead_intent,restaurant_reservation,train
please reserve a table for 4 at red robin under the name kevin at 7,lead_intent,restaurant_reservation,train
i need you to reserve a table for 4 at red robin under the name kevin at 7,lead_intent,restaurant_reservation,train
reserve a table for 4 at red robin under the name kevin at 7,lead_intent,restaurant_reservation,train
i want to make a reservation for 8 pm at red robin for 3,lead_intent,restaurant_reservation,train
you must reserve a table for 4 at red robin under the name kevin at 7,lead_intent,restaurant_reservation,train
i think i need to make a reservation for 8 pm at red robin for 3,lead_intent,restaurant_reservation,train
i need you to book a reservation for 8 pm at red robin under the name kevin,lead_intent,restaurant_reservation,train
go ahead and book a reservation for 8 pm at red robin under the name kevin,lead_intent,restaurant_reservation,train
i need to make a reservation for 8 pm at red robin for 3,lead_intent,restaurant_reservation,train
book a reservation for 8 pm at red robin under the name kevin,lead_intent,restaurant_reservation,train
would you please make a reservation for 2 at olive garden for 5 pm today,lead_intent,restaurant_reservation,train
i'd like a reservation for 2 at olive garden for 5 pm today,lead_intent,restaurant_reservation,train
could you make reservations for 2 at olive garden for 5 pm today,lead_intent,restaurant_reservation,train
make a reservation at 5 pm today for 2 at olive garden,lead_intent,restaurant_reservation,train
please make a reservation for 2 at olive garden for 5 pm today,lead_intent,restaurant_reservation,train
i need you to reserve a table for 6:00 pm for three at devon's seafood,lead_intent,restaurant_reservation,train
make a reservation for three at prime rib at 6:30 pm,lead_intent,restaurant_reservation,train
i would like a reservation for 6:30 pm at pietro's under the name david jones,lead_intent,restaurant_reservation,train
please reserve a table for two at rouge for 7:00 pm,lead_intent,restaurant_reservation,train
can you get me a table for two for 8:00 pm at parc,lead_intent,restaurant_reservation,train
i would like you to secure a 4:30 pm reservation for five people at morton's steakhouse,lead_intent,restaurant_reservation,train
"call and make a 5:45 pm reservation for jason rogers, table for four",lead_intent,restaurant_reservation,train
i need you to reserve at table for a party of four at devon's for 6:00 pm,lead_intent,restaurant_reservation,train
reserve a table for two for 7:30 pm at dibruno's under patrick donoghue,lead_intent,restaurant_reservation,train
please make a reservation at ruth's steaks for a party of five at 7:00 pm under jack arnold,lead_intent,restaurant_reservation,train
"can i make a reservation for 2 at state bird for 7:30, please",lead_intent,restaurant_reservation,train
"can i make a reservation for 2 at state bird for 8:30, please",lead_intent,restaurant_reservation,train
"can i make a reservation for 2 at state bird for 6:30, please",lead_intent,restaurant_reservation,train
"can i make a reservation for 3 at state bird for 8:30, please",lead_intent,restaurant_reservation,train
can i make a reservation for 2 at state bird for 8:30,lead_intent,restaurant_reservation,train
please make a reservation for us at joy bar for 4 adults,lead_intent,restaurant_reservation,train
please make me a reservation for monty's at noon for 55555,lead_intent,restaurant_reservation,train
"now, i need a reservation for backwoods crossing at seven for 6 people",lead_intent,restaurant_reservation,train
make me a reservation for tomorrow at happys for four,lead_intent,restaurant_reservation,train
make me a reservation for 5 at coral for 10 pm immediately,lead_intent,restaurant_reservation,train
can you reserve a table for 2 at red lobster at 8pm,lead_intent,restaurant_reservation,train
schedule me a table for 2 at red lobster at 8,lead_intent,restaurant_reservation,train
check reservation availability for 2 at red lobster at 8pm,lead_intent,restaurant_reservation,train
make a reservation for 2 at red lobster at 8pm,lead_intent,restaurant_reservation,train
reserve a table for 2 at red lobster at 8:00,lead_intent,restaurant_reservation,train
reserve a table for four for tonight at 7 at the fatted calf,lead_intent,restaurant_reservation,train
make a reservation for tuesday at 7:00 pm at cielo for 2,lead_intent,restaurant_reservation,train
can you block my chase account right away please,escalate,freeze_account,train
i want my chase account blocked immediately,escalate,freeze_account,train
i need you to block my chase account immediately,escalate,freeze_account,train
can you put a block on my chase account right away,escalate,freeze_account,train
please block my chase account right away,escalate,freeze_account,train
what do i do to freeze my account,escalate,freeze_account,train
place a hold on my bank account,escalate,freeze_account,train
how can i stop transactions on my account,escalate,freeze_account,train
freeze my account immediately,escalate,freeze_account,train
block my monkey market right now,escalate,freeze_account,train
put a stop on my deposit account,escalate,freeze_account,train
stop any future processing on my savings account,escalate,freeze_account,train
put a hault on my savings account,escalate,freeze_account,train
"could you put a stop on my bank account, please",escalate,freeze_account,train
can you put a stop on my bank account now,escalate,freeze_account,train
"can you put a stop on my bank account, please",escalate,freeze_account,train
could you freeze my account,escalate,freeze_account,train
"could you freeze my account, please",escalate,freeze_account,train
can you put a stop on my bank account,escalate,freeze_account,train
"can you freeze my account, please",escalate,freeze_account,train
could you freeze my account now,escalate,freeze_account,train
can you freeze my account,escalate,freeze_account,train
could you put a stop on my bank account,escalate,freeze_account,train
do you mind putting a stop on my bank account,escalate,freeze_account,train
i would like you to put a stop on my bank account,escalate,freeze_account,train
please turn my account to frozen,escalate,freeze_account,train
please make my account a frozen one,escalate,freeze_account,train
please make sure my account is frozen,escalate,freeze_account,train
is it too much trouble to put a stop on my bank account,escalate,freeze_account,train
i would love it if you could put a stop on my bank account,escalate,freeze_account,train
i would appreciate it if you put a stop on my bank account,escalate,freeze_account,train
please set my account as frozen,escalate,freeze_account,train
please freeze my account,escalate,freeze_account,train
i need my account frozen,escalate,freeze_account,train
i'd like my account frozen,escalate,freeze_account,train
i would like my account frozen,escalate,freeze_account,train
i want my account frozen,escalate,freeze_account,train
i really want my account frozen,escalate,freeze_account,train
no payments on my bank account,escalate,freeze_account,train
turn off my bank account,escalate,freeze_account,train
stop all payments to my bank account,escalate,freeze_account,train
shut down my account,escalate,freeze_account,train
close out my account,escalate,freeze_account,train
turn off my account,escalate,freeze_account,train
i need to hold off on my account,escalate,freeze_account,train
plase hold my account for now,escalate,freeze_account,train
terminate the account,escalate,freeze_account,train
i am going to need a block put on my chase account right away,escalate,freeze_account,train
would you please put a block on my chase account right away,escalate,freeze_account,train
i would like a block put on my chase account asap,escalate,freeze_account,train
can you please put a block on my chase account quickly,escalate,freeze_account,train
i need a block put on my chase account right away,escalate,freeze_account,train
i need to put a freeze on my banking account,escalate,freeze_account,train
put a freeze on my bank account,escalate,freeze_account,train
freeze my bank account,escalate,freeze_account,train
can i freeze my bank account,escalate,freeze_account,train
i want you to immediatly block any further activity on my bb&t bank account,escalate,freeze_account,train
block my citibank account right away,escalate,freeze_account,train
add a block to my capital one bank account so it cannot be used any more,escalate,freeze_account,train
please immediatly block my presidential bank account right now,escalate,freeze_account,train
put a block on my amalgamated bank account right now,escalate,freeze_account,train
please put a stop on my back account,escalate,freeze_account,train
please put a block on my td ameritrade account now,escalate,freeze_account,train
i'd like a stop placed on my bank account,escalate,freeze_account,train
place a block on my capital one account right now,escalate,freeze_account,train
i'd like a block on my charles schwab account immediately,escalate,freeze_account,train
"i need you to place a stop on my bank account, thank you",escalate,freeze_account,train
place a stop on my bank account,escalate,freeze_account,train
i need you to freeze my account,escalate,freeze_account,train
i need you to block my mutualone account now,escalate,freeze_account,train
"help me freeze my bank account, please",escalate,freeze_account,train
i'd like to put a freeze on my bank account,escalate,freeze_account,train
block my chase account asap,escalate,freeze_account,train
can you please freeze my bank account,escalate,freeze_account,train
can you please put a stop on my bank account,escalate,freeze_account,train
pause my account,escalate,freeze_account,train
put a hold on my bank account,escalate,freeze_account,train
please do a stop on my bank account,escalate,freeze_account,train
stop payments from my bank,escalate,freeze_account,train
put a hold on my account,escalate,freeze_account,train
stop my account activity,escalate,freeze_account,train
please pause my banking actions,escalate,freeze_account,train
dont allow any action on my account,escalate,freeze_account,train
don't let payments go through using my bank account,escalate,freeze_account,train
please freeze my bank account,escalate,freeze_account,train
i want my bank account frozen,escalate,freeze_account,train
my bank account must be frozen,escalate,freeze_account,train
please ask the bank to freeze my account,escalate,freeze_account,train
i need to freeze my bank account,escalate,freeze_account,train
put a block on my chase account right away,escalate,freeze_account,train
put a hold on my chase account right away please,escalate,freeze_account,train
freeze my account,escalate,freeze_account,train
place a stop on my main account for me please,escalate,freeze_account,train
please put a block on my wells fargo account,escalate,freeze_account,train
put a hold on my bank account please,escalate,freeze_account,train
put a hold on my bank of america account right away please,escalate,freeze_account,train
can you notify the bank to put a stop on my account,escalate,freeze_account,train
can you put a stop on my account,escalate,freeze_account,train
i need a stop placed on my bank account please,escalate,freeze_account,train
can you put a block on my visa account right away,escalate,freeze_account,train
who formed you,faq,who_made_you,train
who constructed you,faq,who_made_you,train
what's your design company,faq,who_made_you,train
what company coded you,faq,who_made_you,train
who fabricated you,faq,who_made_you,train
what company wrote your code,faq,who_made_you,train
what company owns your code,faq,who_made_you,train
who brought you up,faq,who_made_you,train
who is it that programmed you,faq,who_made_you,train
whats it like to be programmed,faq,who_made_you,train
who was the inventor of ai,faq,who_made_you,train
ai was made by whom,faq,who_made_you,train
tell me the inventor of ai,faq,who_made_you,train
can you tell me who made ai,faq,who_made_you,train
could you let me know who made you,faq,who_made_you,train
would you let me know who programmed you,faq,who_made_you,train
provide me the name of who programmed you,faq,who_made_you,train
i want to know who made you,faq,who_made_you,train
provide me the name of who made you,faq,who_made_you,train
i am needing to know who made you,faq,who_made_you,train
tell me who made you,faq,who_made_you,train
tell me who programmed you,faq,who_made_you,train
let me know who made you,faq,who_made_you,train
i need to know who programmed you,faq,who_made_you,train
i am wanting to know who programmed you,faq,who_made_you,train
give me an answer to who made you,faq,who_made_you,train
i'm needing to know who made you,faq,who_made_you,train
what's your brand,faq,who_made_you,train
who created you,faq,who_made_you,train
who was your creator,faq,who_made_you,train
who made your algorithms,faq,who_made_you,train
who manufactured you,faq,who_made_you,train
what's the name of the company that designed you,faq,who_made_you,train
who's responsible for your existence,faq,who_made_you,train
what's the business that caused you to be made,faq,who_made_you,train
can you remember who compiled you,faq,who_made_you,train
what company's software engineers gave you life,faq,who_made_you,train
who are the people responsible for you,faq,who_made_you,train
who invented you,faq,who_made_you,train
who designed you,faq,who_made_you,train
who developed your actions,faq,who_made_you,train
who supplied your instructions,faq,who_made_you,train
who formulated you,faq,who_made_you,train
which company can i credit your design to,faq,who_made_you,train
by which company are you designed by,faq,who_made_you,train
to which company is your design accredited to,faq,who_made_you,train
which company is responsible for your design,faq,who_made_you,train
what organization created you,faq,who_made_you,train
who developed your internal code,faq,who_made_you,train
who created your ai program,faq,who_made_you,train
who was your inventor,faq,who_made_you,train
who engineered you,faq,who_made_you,train
who is this ai's creater,faq,who_made_you,train
who made this ai,faq,who_made_you,train
who did the programming for this ai,faq,who_made_you,train
i would like to know who programmed this ai,faq,who_made_you,train
you were built by who,faq,who_made_you,train
what company manufactured you,faq,who_made_you,train
who were you made by,faq,who_made_you,train
are you made in the usa,faq,who_made_you,train
tell me your brand,faq,who_made_you,train
tell me the company that produces you and similar machines,faq,who_made_you,train
may i know who made you,faq,who_made_you,train
what created you,faq,who_made_you,train
do you know who you came from,faq,who_made_you,train
who is your originator,faq,who_made_you,train
who is your creator,faq,who_made_you,train
who is responsible for who you are,faq,who_made_you,train
who crafted you,faq,who_made_you,train
who was your programmer,faq,who_made_you,train
the programmer who made you is who,faq,who_made_you,train
who did the programming on you,faq,who_made_you,train
what is the name of the person who created you,faq,who_made_you,train
who built you,faq,who_made_you,train
how were you made,faq,who_made_you,train
how did you come to be you,faq,who_made_you,train
please identify the name of the creator of this ai,faq,who_made_you,train
this ai was made by what person or team,faq,who_made_you,train
who is the creator of this ai,faq,who_made_you,train
how was this ai created,faq,who_made_you,train
tell me what company programmed you,faq,who_made_you,train
"the creator of your ai, what is their name",faq,who_made_you,train
who made the ai,faq,who_made_you,train
what is the name of the person who made the ai,faq,who_made_you,train
can you tell me who made the ai,faq,who_made_you,train
will you tell me who made the ai,faq,who_made_you,train
would you tell me who made the ai,faq,who_made_you,train
who makes the ai,faq,who_made_you,train
ai who made you,faq,who_made_you,train
who made you ai,faq,who_made_you,train
can you tell me who created you,faq,who_made_you,train
who is responsible for making you,faq,who_made_you,train
who were you invented by,faq,who_made_you,train
i'd like to know who made you,faq,who_made_you,train
who brought you to life,faq,who_made_you,train
who made you up,faq,who_made_you,train
what company created you,faq,who_made_you,train
who gave you life,faq,who_made_you,train
what company sponsored you,faq,who_made_you,train
which company programmed you,faq,who_made_you,train
can you suggest a restaurant for me to eat tonight,faq,restaurant_suggestion,train
tell me where to go since i want to eat out tonight,faq,restaurant_suggestion,train
"i'm craving for italian food, where should i go",faq,restaurant_suggestion,train
"suggest a restaurant for me to eat tonight, please",faq,restaurant_suggestion,train
"i'm not going to cook today, can you suggest a restaurant",faq,restaurant_suggestion,train
what restaurants are pet friendly near here,faq,restaurant_suggestion,train
what are the best restaurants,faq,restaurant_suggestion,train
what decent restaurants around here are italian,faq,restaurant_suggestion,train
do you know any good restaurants good for kids,faq,restaurant_suggestion,train
any good pizza restaurants around here,faq,restaurant_suggestion,train
where should i go to eat tonight,faq,restaurant_suggestion,train
where should i eat tonight,faq,restaurant_suggestion,train
"i want to eat out, where should i go",faq,restaurant_suggestion,train
give me some good restaurants,faq,restaurant_suggestion,train
"i'm hungry, where should i go",faq,restaurant_suggestion,train
name a good restaurant near me,faq,restaurant_suggestion,train
where should i go for dinner,faq,restaurant_suggestion,train
its date night and we cant decide where to go help,faq,restaurant_suggestion,train
where do people go to eat in this town,faq,restaurant_suggestion,train
i am hungry and need a restaurant suggestion,faq,restaurant_suggestion,train
can you tell me the best place for cajun shrimp in tampa,faq,restaurant_suggestion,train
what's a good place to eat chinese in san francisco,faq,restaurant_suggestion,train
what's a highly rated place for steak in omaha,faq,restaurant_suggestion,train
where can i pick up a good burger near where i am,faq,restaurant_suggestion,train
what's a good place to go to for food around here,faq,restaurant_suggestion,train
are there any decent places to get seafood in seattle,faq,restaurant_suggestion,train
what's the best place for some thai in new york city,faq,restaurant_suggestion,train
i'm famished so give me some places to eat!,faq,restaurant_suggestion,train
any ideas on a good place to eat out,faq,restaurant_suggestion,train
can you recommend any restaurants,faq,restaurant_suggestion,train
"i'm in the mood for italian, are there any good places around",faq,restaurant_suggestion,train
please list nearby restaurants with 4 or more star reviews,faq,restaurant_suggestion,train
where's a good place to get some grub,faq,restaurant_suggestion,train
where would you eat italian in chicago,faq,restaurant_suggestion,train
can i get good tacos anywhere in austin,faq,restaurant_suggestion,train
is there a good fish place in salem,faq,restaurant_suggestion,train
what are good places for a burrito in albuquerque,faq,restaurant_suggestion,train
where should i go out for food to,faq,restaurant_suggestion,train
can you recommend a decent place in chicago to get pizza,faq,restaurant_suggestion,train
do you know of any good restaurants,faq,restaurant_suggestion,train
help me find a good sushi spot in chicago,faq,restaurant_suggestion,train
can you find me a good restaurant to try eating at,faq,restaurant_suggestion,train
i want you to recommend a good local restaurant to me,faq,restaurant_suggestion,train
tell me some good mexican restaurants in dallas,faq,restaurant_suggestion,train
do you know of any good seafood restaurants in seattle,faq,restaurant_suggestion,train
please find me some good thai restaurants in new york city,faq,restaurant_suggestion,train
find me a good spot for southern comfort food in los angeles,faq,restaurant_suggestion,train
are there any good restaurants in nyc that serve barbecue,faq,restaurant_suggestion,train
"i want to go out to eat but have no idea where to go, do you know of any places",faq,restaurant_suggestion,train
i want recommendations for good sushi spots in los angeles,faq,restaurant_suggestion,train
do you know of any good mexican restaurants in seattle,faq,restaurant_suggestion,train
does boise have any good indian restaurants,faq,restaurant_suggestion,train
can you suggest some quality chinese restaurants in oklahoma city,faq,restaurant_suggestion,train
help me pick a nice restaurant to dine at,faq,restaurant_suggestion,train
what mexican restaurant within 5 miles has the best reviews,faq,restaurant_suggestion,train
show me 5-star dining establishments in nashville,faq,restaurant_suggestion,train
are there any good chinese restaurants open right now,faq,restaurant_suggestion,train
what are the best family restaurants in charlottesville,faq,restaurant_suggestion,train
"in boston, what are the best pizza places",faq,restaurant_suggestion,train
are there some good thai restaurants in san antonio,faq,restaurant_suggestion,train
what are the best italian restaurants in chicago,faq,restaurant_suggestion,train
where are the good thai restaurants in atlanta,faq,restaurant_suggestion,train
recommendations for good thai restaurants in las vegas,faq,restaurant_suggestion,train
where should i go for good thai food in las vegas,faq,restaurant_suggestion,train
i need suggestions for good thai restaurants in las vegas,faq,restaurant_suggestion,train
where are some good thai restaurants in las vegas,faq,restaurant_suggestion,train
tell me which restaurants are good for thai food in las vegas,faq,restaurant_suggestion,train
can you list off 4 star restaurants,faq,restaurant_suggestion,train
what type of restaurants are nearby,faq,restaurant_suggestion,train
i need to know what restaurants are near me,faq,restaurant_suggestion,train
can you list off different restaurants,faq,restaurant_suggestion,train
what are some good places to eat at,faq,restaurant_suggestion,train
could you locate me some good places in kentucky that serve sushi,faq,restaurant_suggestion,train
does kentucky have any good restaurants that serve sushi,faq,restaurant_suggestion,train
can you find me some good places in kentucky that serve sushi,faq,restaurant_suggestion,train
what are some good places in kentucky that serve sushi,faq,restaurant_suggestion,train
could you direct me to any good places in kentucky that serve sushi,faq,restaurant_suggestion,train
find me a new place for dinner,faq,restaurant_suggestion,train
can you find a good steakhouse for tonight,faq,restaurant_suggestion,train
what's a good restaurant nearby,faq,restaurant_suggestion,train
any new restaurants near the mall,faq,restaurant_suggestion,train
what's your recommendation for dining out tonight,faq,restaurant_suggestion,train
find me an asian restaurant,faq,restaurant_suggestion,train
is there a barbecue restaurant around here,faq,restaurant_suggestion,train
find an indian restaurant,faq,restaurant_suggestion,train
can you recommend an indian restaurant,faq,restaurant_suggestion,train
can you find a keto friendly restaurant,faq,restaurant_suggestion,train
is there any good place in hawaii for pasta,faq,restaurant_suggestion,train
is there any good place in hawaii kai that serve local food,faq,restaurant_suggestion,train
"i want sushi, is there any good place in ho chi minh",faq,restaurant_suggestion,train
is there any good place for vietnamese food on the east side of the island,faq,restaurant_suggestion,train
is there any good place for mexican food in hawaii,faq,restaurant_suggestion,train
what are some good sushi restaurants in reno,faq,restaurant_suggestion,train
which restaurants in reno are good for sushi,faq,restaurant_suggestion,train
what are the best sushi restaurants in reno,faq,restaurant_suggestion,train
what are good restaurants in reno that serve sushi,faq,restaurant_suggestion,train
are there any sushi restaurants in reno that have good reviews,faq,restaurant_suggestion,train
list me some good vietnamese restaurants in new york city,faq,restaurant_suggestion,train
suggest some restaurants,faq,restaurant_suggestion,train
give me some restaurant suggestions,faq,restaurant_suggestion,train
yep,ambiguous,yes,train
that is affirmative,ambiguous,yes,train
what you just said is true,ambiguous,yes,train
that is not false,ambiguous,yes,train
that is a fact,ambiguous,yes,train
i agree with the truth of what you just said,ambiguous,yes,train
i believe what you just said is true,ambiguous,yes,train
that would be great,ambiguous,yes,train
that would be awesome,ambiguous,yes,train
that is totally true,ambiguous,yes,train
oh yes,ambiguous,yes,train
yes that is right,ambiguous,yes,train
that is a yes,ambiguous,yes,train
that seems true,ambiguous,yes,train
positive,ambiguous,yes,train
true,ambiguous,yes,train
very true,ambiguous,yes,train
that will be true,ambiguous,yes,train
that appears true,ambiguous,yes,train
that is true,ambiguous,yes,train
it is true,ambiguous,yes,train
that is right,ambiguous,yes,train
that statement was correct,ambiguous,yes,train
i think that's true,ambiguous,yes,train
that is accurate,ambiguous,yes,train
"yes, that is it",ambiguous,yes,train
correct,ambiguous,yes,train
the answer is yes,ambiguous,yes,train
all right,ambiguous,yes,train
it's indeed true,ambiguous,yes,train
that's a yes from me,ambiguous,yes,train
yes you are correct,ambiguous,yes,train
that's a definite yes,ambiguous,yes,train
yes that's it,ambiguous,yes,train
i vote yes,ambiguous,yes,train
that is correct,ambiguous,yes,train
"yes, that is true",ambiguous,yes,train
"yep, that's right",ambiguous,yes,train
yeah that's what i want,ambiguous,yes,train
you got it,ambiguous,yes,train
"yeah that's right, so true",ambiguous,yes,train
true is my response,ambiguous,yes,train
"yes, that's affirmative",ambiguous,yes,train
"yes, you got it",ambiguous,yes,train
absolutely!,ambiguous,yes,train
do that,ambiguous,yes,train
absolutely correct,ambiguous,yes,train
confirm,ambiguous,yes,train
"yes, i'd really like that alot",ambiguous,yes,train
"agreed, that's valid",ambiguous,yes,train
"affirmative, go ahead",ambiguous,yes,train
yes that's correct,ambiguous,yes,train
"yeah, that's how it is",ambiguous,yes,train
"yeah, that's right",ambiguous,yes,train
of course,ambiguous,yes,train
that's the truth,ambiguous,yes,train
exactly right,ambiguous,yes,train
"yes, that's accurate",ambiguous,yes,train
"yes, that is accurate",ambiguous,yes,train
"yes, that's what i want",ambiguous,yes,train
"yes, that is a fact",ambiguous,yes,train
"yes, that is correct",ambiguous,yes,train
"yes, that's confirmed",ambiguous,yes,train
indeed,ambiguous,yes,train
yes,ambiguous,yes,train
uh-huh,ambiguous,yes,train
"correct, that's true",ambiguous,yes,train
"yes, that's correct",ambiguous,yes,train
yeah,ambiguous,yes,train
yeap,ambiguous,yes,train
ok,ambiguous,yes,train
sure thing,ambiguous,yes,train
yes you are right,ambiguous,yes,train
yes you are,ambiguous,yes,train
yes i do like that,ambiguous,yes,train
yes that is correct,ambiguous,yes,train
yes i am,ambiguous,yes,train
i think it's true,ambiguous,yes,train
that would be yes,ambiguous,yes,train
that would be true,ambiguous,yes,train
i believe that's true,ambiguous,yes,train
uh huh,ambiguous,yes,train
"yep, that's true",ambiguous,yes,train
"yes, that is actually true",ambiguous,yes,train
"yes, that's it",ambiguous,yes,train
"yes, that is right",ambiguous,yes,train
"correct, it is affirmative",ambiguous,yes,train
the answer to that is a resounding yes,ambiguous,yes,train
i can confirm it is affirmative,ambiguous,yes,train
my response to that is yes,ambiguous,yes,train
i have to say affirmative on that one,ambiguous,yes,train
i would have to say yes as my answer,ambiguous,yes,train
the answer to that is affirmative,ambiguous,yes,train
"that is true, yes",ambiguous,yes,train
it is definitely affirmative,ambiguous,yes,train
is is very much true,ambiguous,yes,train
it is a true,ambiguous,yes,train
its a for sure true,ambiguous,yes,train
yes sir,ambiguous,yes,train
it's true,ambiguous,yes,train
tell me my reminders,lead_intent,reminder,train
tell me my current reminders list,lead_intent,reminder,train
please read my reminders,lead_intent,reminder,train
will you repeat my reminder list,lead_intent,reminder,train
check my reminders for mop and floor,lead_intent,reminder,train
read my reminder list to me,lead_intent,reminder,train
is mop the floor already in my reminders,lead_intent,reminder,train
read back the reminder list,lead_intent,reminder,train
what's on the reminder list,lead_intent,reminder,train
read my reminders to me,lead_intent,reminder,train
check my reminders for mop the floor,lead_intent,reminder,train
what reminders do i have,lead_intent,reminder,train
read what i added to the reminder list,lead_intent,reminder,train
can you list each item on my reminder list,lead_intent,reminder,train
can you tell me what reminders i've set,lead_intent,reminder,train
tell me what's on my reminder list,lead_intent,reminder,train
do i have any reminders to look up how to properly do a potato in my microwave,lead_intent,reminder,train
do i have a reminder for our neighbor's anniversary,lead_intent,reminder,train
tell my all my reminders,lead_intent,reminder,train
is respond to the professor's email on my list of reminders,lead_intent,reminder,train
read me my reminders list,lead_intent,reminder,train
go through all the reminders on my list and state what they are,lead_intent,reminder,train
is there a reminder for my aa meeting on my list,lead_intent,reminder,train
speak back to me what's on my reminder list,lead_intent,reminder,train
iterate the items on my reminder list,lead_intent,reminder,train
please go through my reminder list and tell me what's on it,lead_intent,reminder,train
did i add to my reminder list that i need to take the car in for an oil change,lead_intent,reminder,train
what did i want to remember again,lead_intent,reminder,train
what did i put on my list of reminders,lead_intent,reminder,train
can you tell me the reminders i have set up,lead_intent,reminder,train
what were the reminders that i made,lead_intent,reminder,train
i wanted to remember what again,lead_intent,reminder,train
can you remind me what i was trying to remember,lead_intent,reminder,train
i had a list of reminders what were they,lead_intent,reminder,train
remind me of what i asked you to remember,lead_intent,reminder,train
what reminders did i have,lead_intent,reminder,train
what are the thing i told you to help me remember,lead_intent,reminder,train
read my reminders please,lead_intent,reminder,train
what's on my reminder list today,lead_intent,reminder,train
do i have anything in my reminders,lead_intent,reminder,train
what did i ask to be reminded about,lead_intent,reminder,train
check if getting a light bulb is on my list of reminders,lead_intent,reminder,train
is buying a light bulb on my reminders list,lead_intent,reminder,train
confirm that buy a light bulb is on my list of reminders,lead_intent,reminder,train
please read my list of reminders,lead_intent,reminder,train
what is now on my reminder list,lead_intent,reminder,train
what things are currently on my reminder list,lead_intent,reminder,train
tell me what is showing up on my reminder list,lead_intent,reminder,train
what are the items on my reminder list,lead_intent,reminder,train
can you read my list back to me,lead_intent,reminder,train
can you repeat my list back to me,lead_intent,reminder,train
can you describe my list back to me,lead_intent,reminder,train
what is on my reminder list,lead_intent,reminder,train
is checking the mail on my list of reminder,lead_intent,reminder,train
i want to see my reminder list,lead_intent,reminder,train
what do i want to remember,lead_intent,reminder,train
let me know what is on my reminder list,lead_intent,reminder,train
can you please repeat my list back to me,lead_intent,reminder,train
tell me what is on my reminder list,lead_intent,reminder,train
let me see the reminder list please,lead_intent,reminder,train
can you read me my list of reminders,lead_intent,reminder,train
what do i have on my list of reminders,lead_intent,reminder,train
what did i list in my reminders,lead_intent,reminder,train
"i wanted to remember some things, what were they",lead_intent,reminder,train
can you remind me the things i was trying to remember,lead_intent,reminder,train
let me know what's on my list of reminders,lead_intent,reminder,train
can you tell me what things i was trying to remember,lead_intent,reminder,train
tell me what's on my reminders list please,lead_intent,reminder,train
what were those things i was trying to remember,lead_intent,reminder,train
do you know what things i wanted to remember,lead_intent,reminder,train
what are in my reminders list,lead_intent,reminder,train
my list of reminders is what,lead_intent,reminder,train
on my list of reminders is what,lead_intent,reminder,train
the lists of my reminders is what,lead_intent,reminder,train
reminders of my list is what,lead_intent,reminder,train
is there a reminder set to clean the gutters,lead_intent,reminder,train
what do i have on my reminder list,lead_intent,reminder,train
please read all the items on my reminder list,lead_intent,reminder,train
can you tell me all the reminders i have set on my reminder list,lead_intent,reminder,train
did i request a reminder for my niece's graduation,lead_intent,reminder,train
"can you read my reminder list, please",lead_intent,reminder,train
is the company party on my list of reminders,lead_intent,reminder,train
did i set up a reminder to clean the bathroom,lead_intent,reminder,train
what did i include on my list of things to remember,lead_intent,reminder,train
please look to see if paying bills is on my reminders list currently,lead_intent,reminder,train
please tell me everything on my list of reminders,lead_intent,reminder,train
tell me if flipping the mattress is on my list of reminders please,lead_intent,reminder,train
i need to know the content of my list of reminders,lead_intent,reminder,train
tell me everything i included on my list of things to remember for later,lead_intent,reminder,train
check to see if picking up glenn from the airport is on my list of reminders,lead_intent,reminder,train
go through my reminder list with me please,lead_intent,reminder,train
i would like to hear you read my reminder list to me,lead_intent,reminder,train
i want to hear what is on my reminders list,lead_intent,reminder,train
read my list of reminders to me,lead_intent,reminder,train
tell me what i had wanted to remember earlier,lead_intent,reminder,train
did i include cleaning the hamster cage on my list of reminders,lead_intent,reminder,train
walk me through the items on my reminder list,lead_intent,reminder,train
i need to know what it is that i wanted to remember before,lead_intent,reminder,train
please give me a rundown of my reminder list,lead_intent,reminder,train
i want to hear everything on my reminder list,lead_intent,reminder,train
"no, that's incorrect",ambiguous,no,train
that's not true,ambiguous,no,train
"that is not true, it's false",ambiguous,no,train
no way,ambiguous,no,train
not really,ambiguous,no,train
naw,ambiguous,no,train
nay,ambiguous,no,train
i must say no,ambiguous,no,train
i think not,ambiguous,no,train
that is actually false,ambiguous,no,train
i gotta say no,ambiguous,no,train
no thanks,ambiguous,no,train
no is the answer,ambiguous,no,train
i don't think so,ambiguous,no,train
it's a no,ambiguous,no,train
i think it is false,ambiguous,no,train
not true,ambiguous,no,train
that is not true,ambiguous,no,train
not at all,ambiguous,no,train
that turns out to be false,ambiguous,no,train
"please, no",ambiguous,no,train
not that,ambiguous,no,train
definitely not,ambiguous,no,train
i would have to say the answer to that is no,ambiguous,no,train
i say no to that question,ambiguous,no,train
"no, that is my response",ambiguous,no,train
"i don't believe that is possible, it is false",ambiguous,no,train
i would say that the statement is definitely false,ambiguous,no,train
i am afraid that that is not the case,ambiguous,no,train
"no, that information is wrong",ambiguous,no,train
that is a completely false statement,ambiguous,no,train
that would be a no,ambiguous,no,train
"i do not think that is true, so i would say it is a false statement",ambiguous,no,train
"incorrect, it is certainly a false statement",ambiguous,no,train
i do not believe that that is correct,ambiguous,no,train
the answer is definitely no,ambiguous,no,train
"sorry, that is not true",ambiguous,no,train
that's a negative,ambiguous,no,train
no!,ambiguous,no,train
that's not right,ambiguous,no,train
"no, don't do that",ambiguous,no,train
"i don't like that, no",ambiguous,no,train
no way!,ambiguous,no,train
"oh hell no, that'd be terrible!",ambiguous,no,train
that's inaccurate,ambiguous,no,train
that's not what i want!,ambiguous,no,train
that's completely false,ambiguous,no,train
that's incorrect!,ambiguous,no,train
that's totally wrong!,ambiguous,no,train
that's a hard no from me,ambiguous,no,train
no don't do that!,ambiguous,no,train
no that is not right,ambiguous,no,train
false for sure,ambiguous,no,train
that's definitely false,ambiguous,no,train
"nope, that's false",ambiguous,no,train
"no, that is not right",ambiguous,no,train
"no, that is inaccurate",ambiguous,no,train
"no, that can't be right",ambiguous,no,train
that is untrue,ambiguous,no,train
i disagree that is false,ambiguous,no,train
what you just said is false,ambiguous,no,train
that is erroneous,ambiguous,no,train
no that's wrong,ambiguous,no,train
that isn't the right answer,ambiguous,no,train
the information is wrong,ambiguous,no,train
that is not correct,ambiguous,no,train
that is not right,ambiguous,no,train
that is wrong,ambiguous,no,train
i'll pass,ambiguous,no,train
not that one,ambiguous,no,train
"that's not right, so no",ambiguous,no,train
the answer is false,ambiguous,no,train
"no, that is not right at all",ambiguous,no,train
that is overwhelmingly false,ambiguous,no,train
that's not right it's false,ambiguous,no,train
i say negative,ambiguous,no,train
negative for sure,ambiguous,no,train
nope,ambiguous,no,train
no thank you,ambiguous,no,train
that is not the case,ambiguous,no,train
no that isn't the case,ambiguous,no,train
no that isn't it,ambiguous,no,train
no that isn't correct,ambiguous,no,train
"that would be ""no",ambiguous,no,train
you are wrong,ambiguous,no,train
no that is wrong,ambiguous,no,train
that is false,ambiguous,no,train
negative,ambiguous,no,train
what you just said is wrong,ambiguous,no,train
that’s actually wrong,ambiguous,no,train
that’s not correct,ambiguous,no,train
that’s incorrect,ambiguous,no,train
are you sure i don’t think that’s correct,ambiguous,no,train
that'd be a no,ambiguous,no,train
nada,ambiguous,no,train
the answer is no,ambiguous,no,train
i think that's false,ambiguous,no,train
i believe that to be false,ambiguous,no,train
it seems not,ambiguous,no,train
that would be false,ambiguous,no,train
what's the nutritional info for spaghetti,faq,nutrition_info,train
what's the nutritional info for pizza,faq,nutrition_info,train
how healthy are potato skins,faq,nutrition_info,train
how healthy is spaghetti,faq,nutrition_info,train
share the nutrition info for brownies with me,faq,nutrition_info,train
share the nutrition info for french fries with me,faq,nutrition_info,train
what's the nutritional info for potato skins,faq,nutrition_info,train
what's the nutritional info for lasagna,faq,nutrition_info,train
how healthy are french fries,faq,nutrition_info,train
share the nutrition info for spaghetti with me,faq,nutrition_info,train
share the nutrition info for cake with me,faq,nutrition_info,train
what's the nutritional info for french fries,faq,nutrition_info,train
how healthy is tomato soup,faq,nutrition_info,train
share the nutrition info for pizza with me,faq,nutrition_info,train
what do you know to be the nutritional info for macaroni and cheese to be,faq,nutrition_info,train
the nutritional info for macaroni and cheese is what,faq,nutrition_info,train
can you read to me the nutritional info for macaroni and cheese,faq,nutrition_info,train
do you know the nutritional info for macaroni and cheese,faq,nutrition_info,train
can you remember the nutritional info for macaroni and cheese,faq,nutrition_info,train
is it healthy to eat pizza,faq,nutrition_info,train
is pizza healthy,faq,nutrition_info,train
how healthy is pizza,faq,nutrition_info,train
could pizza be healthy,faq,nutrition_info,train
is pizza considered healthy,faq,nutrition_info,train
"i'd like to know the nutritional content of eggs, please",faq,nutrition_info,train
what's the nutrition content of chicken nuggets,faq,nutrition_info,train
give me the nutrition facts for chicken breast,faq,nutrition_info,train
what's the nutritional information for steak,faq,nutrition_info,train
can you tell me the nutritional content of chicken nuggets,faq,nutrition_info,train
what's the nutritional information of iceberg lettuce,faq,nutrition_info,train
what kind of nutritional content do carrots have,faq,nutrition_info,train
nutritional information for celery,faq,nutrition_info,train
what are the nutritional facts of waffles,faq,nutrition_info,train
can you tell me the nutrition info for pork sausage,faq,nutrition_info,train
what's the nutritional info for an apple,faq,nutrition_info,train
what's the nutritional info for chicken breast,faq,nutrition_info,train
what's the nutritional info for a banana,faq,nutrition_info,train
what's the nutritional info for a cheeseburger,faq,nutrition_info,train
what's the nutritional info for a loaf of bread,faq,nutrition_info,train
mashed potato's nutrition,faq,nutrition_info,train
nutrition information of mashed potatoes,faq,nutrition_info,train
what are the nutritional data for mashed potatoes,faq,nutrition_info,train
are mashed potatoes good nutrition,faq,nutrition_info,train
give me the nutritional information for mashed potatoes,faq,nutrition_info,train
how healthy are apples,faq,nutrition_info,train
i want to know if pizza is healthy,faq,nutrition_info,train
can you tell me how healthy apples are,faq,nutrition_info,train
are pasta dishes healthy,faq,nutrition_info,train
do you know the nutrition facts for grapes,faq,nutrition_info,train
i must know the nutritional info for grapes,faq,nutrition_info,train
grapes have what kind of nutritional facts,faq,nutrition_info,train
tell me the nutrition for grapes,faq,nutrition_info,train
can you show me the nutrition facts for grapes,faq,nutrition_info,train
i want to know the nutrition info for chicken nuggets,faq,nutrition_info,train
tell me the nutritional information for chicken nuggets,faq,nutrition_info,train
"nutrition information for chicken nuggets, please",faq,nutrition_info,train
can you tell me the nutritional information for chicken nuggets,faq,nutrition_info,train
i would like you to share with me the nutrition info for chicken nuggets,faq,nutrition_info,train
i want to know how nutritious an avocado typically is,faq,nutrition_info,train
can you give me nutritional info on oranges,faq,nutrition_info,train
can you tell me how many calories are in an apple,faq,nutrition_info,train
i would like to know how much fat is in tbsp of olive oil,faq,nutrition_info,train
can you give the nutritional information for the pasta,faq,nutrition_info,train
let me see the nutrition content of the chicken tacos,faq,nutrition_info,train
i need to see the chicken salad's nutritional info,faq,nutrition_info,train
i need to know all about the nutrition of the beef taco,faq,nutrition_info,train
i want to see the nutritional content of the hamburger,faq,nutrition_info,train
what sort of nutrients does a steak have,faq,nutrition_info,train
what's the facts about nutrients in rice milk,faq,nutrition_info,train
what type of nutrition does spaghetti have,faq,nutrition_info,train
how many kinds of nutrients does a glass of rice milk have,faq,nutrition_info,train
can you give me information about the nutrition facts for celery,faq,nutrition_info,train
what's the nutrient make up of a plate of spaghetti,faq,nutrition_info,train
what's the nutrient info for a donut,faq,nutrition_info,train
what's the nutritional info for a ganola bar,faq,nutrition_info,train
can you tell me about the nutrients in jello,faq,nutrition_info,train
how many nutrients are there in a bowl of cereal,faq,nutrition_info,train
i need to know how healthy meatloaf is,faq,nutrition_info,train
what are the nutrition facts of grilled chicken,faq,nutrition_info,train
what are the nutrition facts for macaroni and cheese,faq,nutrition_info,train
please fill me in on the nutrition facts for shrimp scampi,faq,nutrition_info,train
is spaghetti healthy,faq,nutrition_info,train
tell me how healthy mac and cheese is,faq,nutrition_info,train
please give me the nutrition facts for chicken parmesan,faq,nutrition_info,train
how healthy is grilled chicken,faq,nutrition_info,train
i want to know the nutrition facts for pizza,faq,nutrition_info,train
do you have nutrition facts for cheerios,faq,nutrition_info,train
where are the nutrition facts for cheerios,faq,nutrition_info,train
how nutritious are cheerios,faq,nutrition_info,train
where on the cheerios box are the nutrition facts,faq,nutrition_info,train
does the box have nutrition facts for cheerios on it,faq,nutrition_info,train
what are the nutrition facts for a mcdouble at mcdonalds,faq,nutrition_info,train
how healthy are lunchables,faq,nutrition_info,train
what are the nutrition facts for a medium popcorn at the movies,faq,nutrition_info,train
what's the nutritional info for a subway chicken sandwhich,faq,nutrition_info,train
what are the nutrition facts for a rodeo cheese burger at burger king,faq,nutrition_info,train
how healthy is pho,faq,nutrition_info,train
what's the nutritional value for a pizza lunchable,faq,nutrition_info,train
how healthy is stax chips,faq,nutrition_info,train
what's the nutritional info for a cup of noodle soup,faq,nutrition_info,train
does my calendar have anything for january 1st,lead_intent,calendar,train
what is there on january 1st on my calendar,lead_intent,calendar,train
are there any events on my calendar for january 1st,lead_intent,calendar,train
what do i have to do on january 1st,lead_intent,calendar,train
do i have anything scheduled on january 1st,lead_intent,calendar,train
what items do i have on my calendar for easter,lead_intent,calendar,train
"what do i have on my calendar today, the 3rd",lead_intent,calendar,train
"what've i got set for friday, the 13th, of next year",lead_intent,calendar,train
is my daughter's birthday on my calendar,lead_intent,calendar,train
did i had my wife and mine anniversary to my calendar,lead_intent,calendar,train
did i put an item on the calendar to get the dog neutered,lead_intent,calendar,train
"can you tell me what's on my calendar for march 05, 2019",lead_intent,calendar,train
does the calendar already have easter noted on it,lead_intent,calendar,train
do i have a note on the calendar for black friday,lead_intent,calendar,train
what's on my calendar for march 01,lead_intent,calendar,train
anything on the schedule for october 14th,lead_intent,calendar,train
what does my schedule look like for april 1,lead_intent,calendar,train
do i have anything to do march 2nd,lead_intent,calendar,train
what do i have on my calendar for february 8,lead_intent,calendar,train
how is my calendar looking for may 6th,lead_intent,calendar,train
what do i have planned on my calendar for next sunday,lead_intent,calendar,train
do i have anything on my calendar next sunday,lead_intent,calendar,train
show me my calendar for next sunday,lead_intent,calendar,train
is my calendar free next sunday,lead_intent,calendar,train
what is on my calendar next sunday,lead_intent,calendar,train
what do i have scheduled on march 2nd on my calendar,lead_intent,calendar,train
are there any events on my calendar for march 2nd,lead_intent,calendar,train
have i scheduled anything on march 2nd on my calendar,lead_intent,calendar,train
do i have anything on my calendar for march 2nd,lead_intent,calendar,train
what do i have going on march 2nd on my calendar,lead_intent,calendar,train
what's happening on may 3rd,lead_intent,calendar,train
what's in the books for april 30th,lead_intent,calendar,train
what do i have going on may 4th,lead_intent,calendar,train
what is on my calander for valentines day,lead_intent,calendar,train
on the 26th what is on the table for my calendar,lead_intent,calendar,train
when am i next having a meeting in december,lead_intent,calendar,train
what is currently on my calendar for friday the 1st,lead_intent,calendar,train
tell what is showing on my calendar for the 17th of march,lead_intent,calendar,train
i wanna know what is currently on my calendar for friday the 1st,lead_intent,calendar,train
let me know what is showing on my calendar for the 17th of march,lead_intent,calendar,train
please inform me what is showing on my calendar for the 17th of march,lead_intent,calendar,train
i must know what is currently on my calendar for friday the 1st,lead_intent,calendar,train
i need to know what is currently on my calendar for friday the 1st,lead_intent,calendar,train
what is showing on my calendar for the 17th of march,lead_intent,calendar,train
i gotta know what is currently on my calendar for friday the 1st,lead_intent,calendar,train
tell me what is showing on my calendar for the 17th of march,lead_intent,calendar,train
what do i have scheduled on 3/15,lead_intent,calendar,train
what do i have planned on 3/15,lead_intent,calendar,train
what do i have to do on march 2 that's on my calendar,lead_intent,calendar,train
tell me what is on my calendar for march 2,lead_intent,calendar,train
what do i have on my calendar for march 2,lead_intent,calendar,train
let me know my march 2 calendar,lead_intent,calendar,train
what is on march 2 calendar,lead_intent,calendar,train
what time is my haircut on wednesday,lead_intent,calendar,train
do i have any appointments on tuesday,lead_intent,calendar,train
can you see whether i have an event called amy's surprise party on my calendar,lead_intent,calendar,train
can you tell me what my may 1st will be like according to my calendar,lead_intent,calendar,train
tell me everything on my calendar for may 1,lead_intent,calendar,train
remind me of the date of the event called 'anniversary dinner,lead_intent,calendar,train
what is on my schedule for the day of march 5th,lead_intent,calendar,train
what do i have scheduled for february 28th,lead_intent,calendar,train
what events are on my calendar for april 1st,lead_intent,calendar,train
is there an event titled anniversary dinner on my calendar,lead_intent,calendar,train
tell me if there is an event called annual physical in my calendar,lead_intent,calendar,train
can you give me an overview of what march 23 will look like for me,lead_intent,calendar,train
tell me what my calendar looks like for march 12th,lead_intent,calendar,train
check my calendar to see if an event called final exams exists,lead_intent,calendar,train
what do i have on my calendar for march 11,lead_intent,calendar,train
does my calendar include an event called shana's baby shower,lead_intent,calendar,train
pull up my calendar and tell me what i have scheduled for march 30,lead_intent,calendar,train
do i have anything on my schedule for april 15,lead_intent,calendar,train
tell me any events scheduled on my calendar for april 15,lead_intent,calendar,train
tell me what my calendar looks like for april 13,lead_intent,calendar,train
what have i got planned for the date of april 23,lead_intent,calendar,train
tell me what is on my calendar for april 1,lead_intent,calendar,train
"the 21st, what is on my calendar",lead_intent,calendar,train
what's on the calendar for march 4th,lead_intent,calendar,train
what's on my calendar for tuesday,lead_intent,calendar,train
what's on my calendar for the 18th of march,lead_intent,calendar,train
i have what to do on wednesday,lead_intent,calendar,train
what do i have scheduled for march 2,lead_intent,calendar,train
do i have anything on my calendar for may 3,lead_intent,calendar,train
i want my schedule for march 2,lead_intent,calendar,train
tell me what is on my calendar for may 3,lead_intent,calendar,train
what's on my schedule for may 3,lead_intent,calendar,train
read me my schedule for march 2,lead_intent,calendar,train
do i have anything on my schedule for may 3,lead_intent,calendar,train
read my appointments for march 2,lead_intent,calendar,train
what is on my schedule for tomorrow,lead_intent,calendar,train
search my calendar for birthday party,lead_intent,calendar,train
do i have 30th birthday party on my calendar,lead_intent,calendar,train
search my calendar for birthday,lead_intent,calendar,train
check my calendar for 30th birthday party,lead_intent,calendar,train
check my calendar for saturday,lead_intent,calendar,train
tell me what's on the calendar for saturday,lead_intent,calendar,train
read my calendar events,lead_intent,calendar,train
what's on my agenda for tomorrow,lead_intent,calendar,train
what am i supposed to be doing today,lead_intent,calendar,train
what do i have planned for tomorrow,lead_intent,calendar,train
what do i have on my calendar for monday the 1st of march,lead_intent,calendar,train
i would like to know what today's date is,faq,date,train
i need information on today's date,faq,date,train
tell me what date it is please,faq,date,train
tell me what day today is,faq,date,train
can you tell me tomorrow's date,faq,date,train
what is the date for tomorrow,faq,date,train
i would like to know tomorrow's date,faq,date,train
what is the month and day tomorrow,faq,date,train
"in six days, what will it be",faq,date,train
what day will it be in fourteen days,faq,date,train
which day will it be five days from now,faq,date,train
"after another eight days, what day will it be",faq,date,train
what day is it gonna be in twenty-one days,faq,date,train
current date,faq,date,train
what day of the month is it today,faq,date,train
what date is it,faq,date,train
can you tell me the date today,faq,date,train
please share today's date,faq,date,train
what date is it today,faq,date,train
what day is it,faq,date,train
what is the day,faq,date,train
tell me what day it is,faq,date,train
"is it monday, tuesday, wednesday, thursday, friday, saturday, or sunday",faq,date,train
what's the day of the week,faq,date,train
"what's the date tomorrow, please",faq,date,train
what is the date tomorrow,faq,date,train
"what is the date tomorrow, please",faq,date,train
"what is tomorrow's date, please",faq,date,train
can you tell me what today's date is,faq,date,train
"what is today's month, day and year",faq,date,train
today's date is what,faq,date,train
please tell me today's date,faq,date,train
could you tell me today's date,faq,date,train
i need to know today's date please,faq,date,train
would you please tell me today's date,faq,date,train
what is the date today,faq,date,train
today's date is what exactly,faq,date,train
please tell me what date it is today,faq,date,train
can you tell me today's date,faq,date,train
i need to know today's date,faq,date,train
what would tomorrow's date be,faq,date,train
tell me the date today,faq,date,train
i'd like to know the date tomorrow,faq,date,train
"in 2 days, what date will it be",faq,date,train
what will be the date tomorrow,faq,date,train
what will the date be in 10 days,faq,date,train
"15 days from today, what will the date be",faq,date,train
what's the date tomorrow,faq,date,train
i need to know what date it is tomorrow,faq,date,train
"in 100 days from now, what will be the date",faq,date,train
what will be the date in 100 days from now,faq,date,train
tell me what the date is tomorrow,faq,date,train
give me tomorrow's date please,faq,date,train
what day is it today,faq,date,train
do you have the date,faq,date,train
what is the date of today,faq,date,train
please give me today's date,faq,date,train
what is today's date,faq,date,train
what date is today,faq,date,train
what is today,faq,date,train
today is what date,faq,date,train
what's the day today,faq,date,train
what year is it,faq,date,train
what's the date 400 days from now,faq,date,train
can you tell me the current date,faq,date,train
tell me the date 650 days from now,faq,date,train
"what's the current date, month and year",faq,date,train
what will the date be 100 days from now,faq,date,train
what day of the week is it,faq,date,train
what day will it be 373 days from now,faq,date,train
i need to know the date in 256 days,faq,date,train
what is the date,faq,date,train
give me the date today,faq,date,train
i need to know what the date is today,faq,date,train
i'd like to know what the date is,faq,date,train
what's today's date,faq,date,train
tell me what the date is today,faq,date,train
show me a calendar,faq,date,train
show me the date,faq,date,train
i need the full date for today,faq,date,train
what day of the month is it,faq,date,train
can you remind me of the date,faq,date,train
"tomorrow, what will the date be",faq,date,train
tell me what the date is for tomorrow,faq,date,train
tell me what the date will be tomorrow,faq,date,train
what is tomorrow's date,faq,date,train
what's tomorrow on the calender,faq,date,train
what date is tomorrow,faq,date,train
calender says tomorrow is,faq,date,train
tell me tomorrow's date,faq,date,train
the date tomorrow is what,faq,date,train
when will it be in 10 days,faq,date,train
what day is it tomorrow,faq,date,train
what's the current date,faq,date,train
what is the full date after today,faq,date,train
what's the date 32 days from now,faq,date,train
can you tell me the date,faq,date,train
what will the date be in 64 days,faq,date,train
can you tell me what the next day is,faq,date,train
what's today,faq,date,train
my car needs to be brought for maintenance,lead_intent,schedule_maintenance,train
could you schedule car maintenance for me,lead_intent,schedule_maintenance,train
i need someone to look at my car because my check engine light is on,lead_intent,schedule_maintenance,train
locate someone to look at my car because my check engine light is on,lead_intent,schedule_maintenance,train
i require a car maintenance,lead_intent,schedule_maintenance,train
who is available to check why my check engine light is on,lead_intent,schedule_maintenance,train
could you find someone to check out my car because the check engine light is on,lead_intent,schedule_maintenance,train
i need to schedule car maintenance,lead_intent,schedule_maintenance,train
please schedule car maintenance for me,lead_intent,schedule_maintenance,train
who can i contact about why check engine light is on,lead_intent,schedule_maintenance,train
i want to schedule a tire check up somewhere,lead_intent,schedule_maintenance,train
i need to get my tires checked out somewhere,lead_intent,schedule_maintenance,train
i need to find somewhere to check my tires out,lead_intent,schedule_maintenance,train
i need to get my tired checked at one of the location,lead_intent,schedule_maintenance,train
can i schedule a check up for my tires somewhere,lead_intent,schedule_maintenance,train
where in sacramento ca i schedule maintenance on my car,lead_intent,schedule_maintenance,train
i want to to schedule maintenance on my vehicle,lead_intent,schedule_maintenance,train
look for auto companies that do scheduled maintenance on my vehicle,lead_intent,schedule_maintenance,train
i need some work done on my car so need to schedule auto mechanic for maintenance,lead_intent,schedule_maintenance,train
find local deals who schedule maintenance on cars,lead_intent,schedule_maintenance,train
where can i find a place where i can schedule to check my tires out,lead_intent,schedule_maintenance,train
is there a special place where i can schedule to check my tires out,lead_intent,schedule_maintenance,train
where can i schedule to get my tires checked out,lead_intent,schedule_maintenance,train
where is an appropriate place where i can schedule to check out my tires,lead_intent,schedule_maintenance,train
is there a location i can schedule to check out my tires,lead_intent,schedule_maintenance,train
can you make an appointment for an oil change,lead_intent,schedule_maintenance,train
please make an appointment for an oil change,lead_intent,schedule_maintenance,train
i need you to find a mechanic for my check engine light,lead_intent,schedule_maintenance,train
please schedule an appointment for my oil to get changed,lead_intent,schedule_maintenance,train
my car needs maintenance scheduled,lead_intent,schedule_maintenance,train
how i do schedule car maintenance,lead_intent,schedule_maintenance,train
my check engine light is on and someone needs to look at it,lead_intent,schedule_maintenance,train
i need to get my oil change so make an appointment,lead_intent,schedule_maintenance,train
the check engine light is on and i need a mechanic,lead_intent,schedule_maintenance,train
my car needs maintenance prepared,lead_intent,schedule_maintenance,train
my car needs an appointment for an oil change,lead_intent,schedule_maintenance,train
i need someone to look at my check engine light,lead_intent,schedule_maintenance,train
help me find someone to look at my check engine light,lead_intent,schedule_maintenance,train
put a tire inspection on my schedule please,lead_intent,schedule_maintenance,train
i need to find someone to look at my check engine light,lead_intent,schedule_maintenance,train
is it possible to get schedule getting my tires inspected,lead_intent,schedule_maintenance,train
i'd like to schedule a tire inspection,lead_intent,schedule_maintenance,train
who in the area can inspect my engine light,lead_intent,schedule_maintenance,train
set an appointment for an oil change,lead_intent,schedule_maintenance,train
book an oil change please,lead_intent,schedule_maintenance,train
can you please obtain an oil change appointment for me,lead_intent,schedule_maintenance,train
where can i get my tires checked and how can i schedule it,lead_intent,schedule_maintenance,train
is there someone in the area who can check my engine light since it is on,lead_intent,schedule_maintenance,train
i need the soonest appointment for an oil change,lead_intent,schedule_maintenance,train
"i am in need of an oil change, set an appointment",lead_intent,schedule_maintenance,train
"please find someone who specializes in cars, my check engine light has turned on",lead_intent,schedule_maintenance,train
"my check engine light has switched on, schedule someone to inspect it",lead_intent,schedule_maintenance,train
i need to schedule a car repair,lead_intent,schedule_maintenance,train
can i schedule a car repair,lead_intent,schedule_maintenance,train
how do i schedule car maintenance,lead_intent,schedule_maintenance,train
i want to schedule car maintenance,lead_intent,schedule_maintenance,train
i wanna have an appointment to get my oil changed,lead_intent,schedule_maintenance,train
i wanna schedule some car maintenance,lead_intent,schedule_maintenance,train
can someone look at my car cause the check engine light is on,lead_intent,schedule_maintenance,train
i need to schedule some car maintenance,lead_intent,schedule_maintenance,train
i got to schedule somewhere get my tires checked out,lead_intent,schedule_maintenance,train
i must schedule somewhere get my tires checked out,lead_intent,schedule_maintenance,train
i'd like to get an appointment to get my oil changed,lead_intent,schedule_maintenance,train
i want to schedule somewhere get my tires checked out,lead_intent,schedule_maintenance,train
i gotta schedule some car maintenance,lead_intent,schedule_maintenance,train
y check engine light currently came on and i need assistance with it,lead_intent,schedule_maintenance,train
i need help cause my check engine light came on,lead_intent,schedule_maintenance,train
i have to schedule somewhere get my tires checked out,lead_intent,schedule_maintenance,train
i need to have an appointment to get my oil changed,lead_intent,schedule_maintenance,train
i need an appointment to get my oil changed,lead_intent,schedule_maintenance,train
i got to schedule some car maintenance,lead_intent,schedule_maintenance,train
"my engine light came on, so i need to get help",lead_intent,schedule_maintenance,train
i want to get an appointment to get my oil changed,lead_intent,schedule_maintenance,train
my check engine light is on and i need to take a look at it,lead_intent,schedule_maintenance,train
i have to schedule some car maintenance,lead_intent,schedule_maintenance,train
i need to schedule somewhere get my tires checked out,lead_intent,schedule_maintenance,train
i would like an appointment to get my oil changed,lead_intent,schedule_maintenance,train
can i please get an appointment to get my oil changed,lead_intent,schedule_maintenance,train
"i need an oil change, make an appointment",lead_intent,schedule_maintenance,train
find a mechanic to look at my check engine light,lead_intent,schedule_maintenance,train
book an appointment for an oil change,lead_intent,schedule_maintenance,train
"i should get my tires checked, schedule that",lead_intent,schedule_maintenance,train
how do i schedule getting my tires checked,lead_intent,schedule_maintenance,train
i need someone to look at my car and tell me why the light is on,lead_intent,schedule_maintenance,train
schedule an oil change for me,lead_intent,schedule_maintenance,train
which mechanic can check my check engine light,lead_intent,schedule_maintenance,train
make a reminder to schedule a tire check,lead_intent,schedule_maintenance,train
"who can look at my car, the engine light is on",lead_intent,schedule_maintenance,train
set a time to get my oil changed,lead_intent,schedule_maintenance,train
make an appointment to check my tires,lead_intent,schedule_maintenance,train
"i don't know why my check engine light is on, i need a mechanic",lead_intent,schedule_maintenance,train
make an appointment for an oil change,lead_intent,schedule_maintenance,train
make arrangements for me to get my oil changed,lead_intent,schedule_maintenance,train
can you schedule me a mechanic,lead_intent,schedule_maintenance,train
schedule an appointment to get my oil changed,lead_intent,schedule_maintenance,train
i need to get my oil changed,lead_intent,schedule_maintenance,train
schedule a time to get my oil changed,lead_intent,schedule_maintenance,train
find me a mechanic,lead_intent,schedule_maintenance,train
schedule a mechanic,lead_intent,schedule_maintenance,train
schedule car repairs,lead_intent,schedule_maintenance,train
"you have been a big help, thank you so much",ambiguous,thank_you,train
"i appreciate your help, thank you",ambiguous,thank_you,train
"i really appreciate your help, thank you",ambiguous,thank_you,train
i am very grateful,ambiguous,thank_you,train
i appreciate the assistance,ambiguous,thank_you,train
i want to thank you for helping,ambiguous,thank_you,train
much obliged,ambiguous,thank_you,train
your help is appreciated,ambiguous,thank_you,train
gracias,ambiguous,thank_you,train
i appreciate that,ambiguous,thank_you,train
thanks so much!,ambiguous,thank_you,train
many thanks,ambiguous,thank_you,train
appreciate it,ambiguous,thank_you,train
thanks!,ambiguous,thank_you,train
i thank you,ambiguous,thank_you,train
thank you kindly,ambiguous,thank_you,train
thank you so very much,ambiguous,thank_you,train
thank you for helping me,ambiguous,thank_you,train
i'm grateful to you,ambiguous,thank_you,train
you did a good job thank you,ambiguous,thank_you,train
good looking out,ambiguous,thank_you,train
i wish you were here earlier,ambiguous,thank_you,train
it's so much easier with you around,ambiguous,thank_you,train
you've been a great help,ambiguous,thank_you,train
thanks for the help,ambiguous,thank_you,train
thanks please,ambiguous,thank_you,train
why thank you,ambiguous,thank_you,train
thanks for the answer,ambiguous,thank_you,train
thank you very much for the answer,ambiguous,thank_you,train
okay thanks,ambiguous,thank_you,train
thanks a lot,ambiguous,thank_you,train
thanks a lot for the answer,ambiguous,thank_you,train
thank you for the answer,ambiguous,thank_you,train
thank you a lot for that answer,ambiguous,thank_you,train
thanks for helping me!,ambiguous,thank_you,train
i'm so glad you helped me!,ambiguous,thank_you,train
i appreciate your help!,ambiguous,thank_you,train
i am thankful for your help!,ambiguous,thank_you,train
i have much gratitude for your help,ambiguous,thank_you,train
i appreciate your help,ambiguous,thank_you,train
i appreciate you helping me,ambiguous,thank_you,train
"awesome, thanks",ambiguous,thank_you,train
thank you so much,ambiguous,thank_you,train
thank you very much for the assistance,ambiguous,thank_you,train
i appreciate it,ambiguous,thank_you,train
thanks again!,ambiguous,thank_you,train
thanks for the info,ambiguous,thank_you,train
thanks for letting me know,ambiguous,thank_you,train
"that's all i need, thanks!",ambiguous,thank_you,train
"thanks, that's helpful",ambiguous,thank_you,train
thank you for the information,ambiguous,thank_you,train
thanks for answering my question,ambiguous,thank_you,train
your efforts don't go unnoticed,ambiguous,thank_you,train
i appreciate what you did,ambiguous,thank_you,train
you are so thoughtful and i appreciate your gesture,ambiguous,thank_you,train
you are so nice to think of me,ambiguous,thank_you,train
you were so kind to do that,ambiguous,thank_you,train
your answer pleased me,ambiguous,thank_you,train
i'm happy with your answer,ambiguous,thank_you,train
your answer was enjoyable,ambiguous,thank_you,train
your answer was good,ambiguous,thank_you,train
thanks for giving me assistance,ambiguous,thank_you,train
really great!,ambiguous,thank_you,train
appreciate the help,ambiguous,thank_you,train
i'm grateful for the answer you just gave me,ambiguous,thank_you,train
"that'll work, good job!",ambiguous,thank_you,train
"good answer, thanks for providing it",ambiguous,thank_you,train
i'm grateful for the assistance,ambiguous,thank_you,train
thanks for that!,ambiguous,thank_you,train
good job with assisting me,ambiguous,thank_you,train
"nice, excellent!",ambiguous,thank_you,train
i'm grateful,ambiguous,thank_you,train
i appreciate that answer!,ambiguous,thank_you,train
i would like to thank you,ambiguous,thank_you,train
i can not thank you enough,ambiguous,thank_you,train
i need to thank you,ambiguous,thank_you,train
i really thank you,ambiguous,thank_you,train
let me thank you,ambiguous,thank_you,train
thank you!,ambiguous,thank_you,train
thanks for the help!,ambiguous,thank_you,train
you're the best!,ambiguous,thank_you,train
i appreciate that answer,ambiguous,thank_you,train
your answer is appreciated,ambiguous,thank_you,train
i am thankful for the answer,ambiguous,thank_you,train
oh sweet thanks,ambiguous,thank_you,train
"oh, thanks",ambiguous,thank_you,train
merci beaucoup,ambiguous,thank_you,train
thanks again,ambiguous,thank_you,train
thanks,ambiguous,thank_you,train
thank you for answering that,ambiguous,thank_you,train
thank you,ambiguous,thank_you,train
thanks for that,ambiguous,thank_you,train
thank you for your time,ambiguous,thank_you,train
i appreciate the help,ambiguous,thank_you,train
thank ya!,ambiguous,thank_you,train
thanks for your response,ambiguous,thank_you,train
youre a doll,ambiguous,thank_you,train
thanks for your cooperation,ambiguous,thank_you,train
i owe you one!,ambiguous,thank_you,train
thanks for helping out,ambiguous,thank_you,train
immediately the credit card company must be told that i lost my card from them,escalate,report_lost_card,train
i lost my debit card and need it reported as lost,escalate,report_lost_card,train
i can't seem to find my gold card and want it reported as lost,escalate,report_lost_card,train
i lost my chase bank card and want it labeled as lost,escalate,report_lost_card,train
can you report my td bank card as lost,escalate,report_lost_card,train
i misplaced my visa and need it marked as lost,escalate,report_lost_card,train
what do i do if my visa card got stolen,escalate,report_lost_card,train
what should i do when my visa card is stolen,escalate,report_lost_card,train
my visa card was stolen,escalate,report_lost_card,train
my visa card got stolen,escalate,report_lost_card,train
i think my visa card was stolen,escalate,report_lost_card,train
my visa has been stolen by someone,escalate,report_lost_card,train
someone stole my mastercade,escalate,report_lost_card,train
my visa was stolen,escalate,report_lost_card,train
my american express card needs to be reported as stolen,escalate,report_lost_card,train
my discover card has been stolen,escalate,report_lost_card,train
report lost card to discover company,escalate,report_lost_card,train
report discover card as lost,escalate,report_lost_card,train
how do i report a lost discover credit card,escalate,report_lost_card,train
where to report lost discover credit card,escalate,report_lost_card,train
report lost card,escalate,report_lost_card,train
report a lost card here,escalate,report_lost_card,train
please report my stolen card,escalate,report_lost_card,train
"could you please help me, my card has been stolen and i need to report it",escalate,report_lost_card,train
"my credit card has been stolen, please report it",escalate,report_lost_card,train
"oh no, report my card, it's stolen",escalate,report_lost_card,train
i would like to have my card reported as stolen,escalate,report_lost_card,train
i need to report a card that's been lost but i dont know how,escalate,report_lost_card,train
how can i report a card that has been lost,escalate,report_lost_card,train
file a report for a lost american express card,escalate,report_lost_card,train
help me report my lost mastercard,escalate,report_lost_card,train
"i lost my card, how should i report that",escalate,report_lost_card,train
what should i do if my card is lost,escalate,report_lost_card,train
report my lost visa card,escalate,report_lost_card,train
i lost my amex and need to report it,escalate,report_lost_card,train
i have to report a lost visa card,escalate,report_lost_card,train
walk me through the process of reporting a lost card,escalate,report_lost_card,train
what can i do if my card is lost,escalate,report_lost_card,train
my card is lost what do i do,escalate,report_lost_card,train
my card is lost how do i report it,escalate,report_lost_card,train
what must i do to report my card lost,escalate,report_lost_card,train
can you help me report my lost card please,escalate,report_lost_card,train
my card is lost please report it,escalate,report_lost_card,train
i need to report that my card has been lost,escalate,report_lost_card,train
i want you to repord my card as lost,escalate,report_lost_card,train
"i lost my card, what do i do",escalate,report_lost_card,train
i need to report that my card is lost,escalate,report_lost_card,train
i need to replace my lost card,escalate,report_lost_card,train
what do i do if i lost my card,escalate,report_lost_card,train
how do i report a lost card,escalate,report_lost_card,train
someone stole my discover card,escalate,report_lost_card,train
my american saving bank was stolen,escalate,report_lost_card,train
someone stole my discover credit card,escalate,report_lost_card,train
someone stole my capital one credit card,escalate,report_lost_card,train
my capital one credit card was stolen,escalate,report_lost_card,train
my card is to be reported stolen,escalate,report_lost_card,train
my stolen card needs to be reported,escalate,report_lost_card,train
i need to report my stolen card,escalate,report_lost_card,train
i have to report my card as stolen,escalate,report_lost_card,train
i am obliged to report my stolen card,escalate,report_lost_card,train
"i need to report my card as stolen, please",escalate,report_lost_card,train
"i can't find my mastercard and i want to report it as lost, please",escalate,report_lost_card,train
i can't find my visa card and i want to report it as lost,escalate,report_lost_card,train
i can't find my mastercard and i want to report it as lost,escalate,report_lost_card,train
i would like to report my card as stolen,escalate,report_lost_card,train
"i can't find my visa card and i want to report it as lost, please",escalate,report_lost_card,train
i'd like to report my card as stolen,escalate,report_lost_card,train
"i'd like to report my card as stolen, please",escalate,report_lost_card,train
"i can't locate my mastercard and i want to report it as lost, please",escalate,report_lost_card,train
"i would like to report my card as stolen, please",escalate,report_lost_card,train
"i need to report a stolen card, please",escalate,report_lost_card,train
i think my card is stolen and needs to be reported,escalate,report_lost_card,train
i would like to report a stolen card,escalate,report_lost_card,train
"is there anyway, i can report my card being stolen",escalate,report_lost_card,train
"my card is stolen, i need to report it",escalate,report_lost_card,train
my new debit card is lost and i need to report it,escalate,report_lost_card,train
my bronze card is missing i would like to report it as lost,escalate,report_lost_card,train
i lost my purple credit card and need to report it,escalate,report_lost_card,train
i lost my silicon valley card,escalate,report_lost_card,train
i lost my commerce card and need to report it as lost,escalate,report_lost_card,train
someone stole my card,escalate,report_lost_card,train
i need help since someone stole my card,escalate,report_lost_card,train
my credit card was stolen,escalate,report_lost_card,train
i need to report credit card theft,escalate,report_lost_card,train
who do i report card theft to,escalate,report_lost_card,train
i want to report my card as lost,escalate,report_lost_card,train
i need to report a lost card,escalate,report_lost_card,train
what do i do to report a lost card,escalate,report_lost_card,train
how do i report my lost card,escalate,report_lost_card,train
help me report a lost card,escalate,report_lost_card,train
can you report my lost discover card,escalate,report_lost_card,train
report my card as lost,escalate,report_lost_card,train
i lost my card how do i report it,escalate,report_lost_card,train
"i lost my discover card, i want to report it",escalate,report_lost_card,train
i want to report my discover card as lost,escalate,report_lost_card,train
"i can't find my discover card, how do i report it",escalate,report_lost_card,train
i can't find my credit card and i want to report it as lost,escalate,report_lost_card,train
i can't find my insurance card and i want to report it as lost,escalate,report_lost_card,train
i can't find my student id card and i want to report it as lost,escalate,report_lost_card,train
"i need to report my card as stolen, who do i tell",escalate,report_lost_card,train
place a phone call to yiming,lead_intent,make_call,train
phone lobby,lead_intent,make_call,train
can you call dominos pizza,lead_intent,make_call,train
can you redial the last number dialed,lead_intent,make_call,train
call 911,lead_intent,make_call,train
can you call a taxi,lead_intent,make_call,train
can you call mom,lead_intent,make_call,train
call work,lead_intent,make_call,train
call justin,lead_intent,make_call,train
call home,lead_intent,make_call,train
call erryn,lead_intent,make_call,train
i have to call the commander,lead_intent,make_call,train
i will be calling hr,lead_intent,make_call,train
it is important that i call katie,lead_intent,make_call,train
x is who i need to call,lead_intent,make_call,train
i am going to call the landlord,lead_intent,make_call,train
call macy,lead_intent,make_call,train
dial lisa's cell phone number,lead_intent,make_call,train
please dial david now,lead_intent,make_call,train
i need you to call michael at home,lead_intent,make_call,train
can you call mary,lead_intent,make_call,train
please phone lizzy,lead_intent,make_call,train
please dial x's phone number,lead_intent,make_call,train
dial x's phone please,lead_intent,make_call,train
please call toby,lead_intent,make_call,train
call dave,lead_intent,make_call,train
call my best friend,lead_intent,make_call,train
can you make a phone call to mark,lead_intent,make_call,train
can you call my mom,lead_intent,make_call,train
call mark,lead_intent,make_call,train
call friend,lead_intent,make_call,train
can i call a restaurant,lead_intent,make_call,train
can you make a phone call to kevin,lead_intent,make_call,train
call bob for me,lead_intent,make_call,train
call my mother,lead_intent,make_call,train
call jim,lead_intent,make_call,train
can you make a phone call to roger,lead_intent,make_call,train
can you make a phone call to dave,lead_intent,make_call,train
call mymother,lead_intent,make_call,train
can you make a phone call to randy,lead_intent,make_call,train
bella needs to be called,lead_intent,make_call,train
give liz a call,lead_intent,make_call,train
would you give jenny a call,lead_intent,make_call,train
i want you to call bella,lead_intent,make_call,train
phone call secretary,lead_intent,make_call,train
get a hold of sue,lead_intent,make_call,train
i'm looking to call a group,lead_intent,make_call,train
call tom,lead_intent,make_call,train
dial x's number,lead_intent,make_call,train
dial christie's cell,lead_intent,make_call,train
call christie's work number,lead_intent,make_call,train
phone christie,lead_intent,make_call,train
call christie,lead_intent,make_call,train
please dial christie's number,lead_intent,make_call,train
can you call someone,lead_intent,make_call,train
call someone for me,lead_intent,make_call,train
dial someone's phone number,lead_intent,make_call,train
i need to talk to someone on the phone,lead_intent,make_call,train
call someone,lead_intent,make_call,train
it's time for me to call drew,lead_intent,make_call,train
it's necessary to call michael,lead_intent,make_call,train
i must call jordan,lead_intent,make_call,train
x is waiting for me to call,lead_intent,make_call,train
put me on a call to sally,lead_intent,make_call,train
place a call to bill now,lead_intent,make_call,train
i want to place a call to mike,lead_intent,make_call,train
i have to call jane,lead_intent,make_call,train
can you call russell,lead_intent,make_call,train
place call to robby,lead_intent,make_call,train
dial sarah,lead_intent,make_call,train
call robby,lead_intent,make_call,train
phone sarah,lead_intent,make_call,train
call sarah,lead_intent,make_call,train
call robby for me,lead_intent,make_call,train
i want to call robby,lead_intent,make_call,train
can you call robby,lead_intent,make_call,train
phonecall sarah,lead_intent,make_call,train
i want to talk to sarah,lead_intent,make_call,train
dial steven,lead_intent,make_call,train
phone steven,lead_intent,make_call,train
ring steven,lead_intent,make_call,train
call steven,lead_intent,make_call,train
i want to make a call to uncle,lead_intent,make_call,train
use my phone to dial work,lead_intent,make_call,train
start a phone call with kathy,lead_intent,make_call,train
initiate a phone call with receptionist,lead_intent,make_call,train
can a phone call be made to maria,lead_intent,make_call,train
i need you to call the broker,lead_intent,make_call,train
please do me a favor and call brother mario,lead_intent,make_call,train
can you please call nata,lead_intent,make_call,train
call sandra right now,lead_intent,make_call,train
immediately call tom,lead_intent,make_call,train
i must call dr smith,lead_intent,make_call,train
connect me to bob,lead_intent,make_call,train
place a call to father callahan,lead_intent,make_call,train
i should call ruthie,lead_intent,make_call,train
please call christy,lead_intent,make_call,train
i must call roderick,lead_intent,make_call,train
please make a phone call to christopher,lead_intent,make_call,train
i need to call mark,lead_intent,make_call,train
can you provide me the calories in the smoothie,faq,calories,train
can you tell me the calories for the cheeseburger,faq,calories,train
i'd like the calories for this chicken breast,faq,calories,train
how many calories in this slice of pizza,faq,calories,train
what about the calories for this chicken salad,faq,calories,train
how many calories are in a large fry,faq,calories,train
a large french fry has how many calories,faq,calories,train
what is the calorie content of a scoop of chocolate ice cream,faq,calories,train
how many calories in scoop of chocolate ice cream,faq,calories,train
tell me how many calories in a medium size apple,faq,calories,train
how many calories does a scoop of chocolate ice cream have,faq,calories,train
how many calories are in a can of coke,faq,calories,train
what's the number of calories in a pepsi,faq,calories,train
what is the calorie content of a small bag of lay's potato chips,faq,calories,train
how many calories does a kitkat have,faq,calories,train
how many calories are there in a scoop of chocolate ice cream,faq,calories,train
how many calories does a scoop of chocolate ice cream contain,faq,calories,train
what's the expected calories in a cream filled cookie,faq,calories,train
what's the amount of calories in a cheesy omelette,faq,calories,train
can you tell me the calorie count in a glazed donut,faq,calories,train
what's the calorie count for tuna casserole,faq,calories,train
how many calories are in waffles,faq,calories,train
what's the calorie content for fried eggs,faq,calories,train
what's the amount of calories in an cream filled oatmeal cookie,faq,calories,train
how many calories are in chocolate cake,faq,calories,train
how high in calories is pork,faq,calories,train
how many calories are in a honey bun,faq,calories,train
what does a sausage sandwich have for calories,faq,calories,train
what's the number of calories in a coke,faq,calories,train
what are the total calories for two servings of pasta,faq,calories,train
how many calories should i plan to be in a donut,faq,calories,train
how many calories would i estimate for fettuccine alfredo,faq,calories,train
how many calories does a big mac have,faq,calories,train
what's the caloric content if you eat roast beef,faq,calories,train
how many calories would i consume if i ate a loaded hotdog,faq,calories,train
what's the expected calorie load of a peanut butter and jelly sandwich,faq,calories,train
what's a big bowl of ice cream contain in calories,faq,calories,train
do cheetos have a lot of calories,faq,calories,train
what's the calorie content of cheetos,faq,calories,train
looks up the calories in cheetos,faq,calories,train
calorie count of cheetos,faq,calories,train
how many calories do cheetos have,faq,calories,train
how many calories are in a cup of white rice,faq,calories,train
how many calories are in vanilla ice cream,faq,calories,train
one cup of almonds has how many calories,faq,calories,train
what's the calorie info for 2 cups of regular chex mix,faq,calories,train
what's the caloric content in a bowl of rice crispies with milk,faq,calories,train
a bowl of cheerios with milk has how many calories,faq,calories,train
how many calories are in a bag of regular doritos,faq,calories,train
how many calories are in chocolate ice cream,faq,calories,train
2 cups of grapes have how many calories,faq,calories,train
how many calories are in spaghetti and meat sauce,faq,calories,train
"in one cookie, how many calories would i find",faq,calories,train
what is the calorie count for one cookie,faq,calories,train
"if i ate a cookie, how many calories would i be ingesting",faq,calories,train
cookies have how many calories,faq,calories,train
how many calories are in a cookie,faq,calories,train
how many calories in gum,faq,calories,train
how many calories in chicken,faq,calories,train
how many calories in meatloaf,faq,calories,train
how many calories are in chicken breast,faq,calories,train
how many calories in peanuts,faq,calories,train
what is the total number of calories in a bag of potato chips,faq,calories,train
can you tell me the amount of calories i can expect one tuna sandwich to contain,faq,calories,train
give me expected number of calories in a breakfast burrito,faq,calories,train
can you tell me the number of calories in one serving of whole cashews,faq,calories,train
please tell me the total calories a single serving of chocolate ice cream is expected to contain,faq,calories,train
i need to know the total calories for a chicken caesar salad,faq,calories,train
please tell me how many calories one chocolate bar contains,faq,calories,train
what's the average number of calories in one cup of tomato soup,faq,calories,train
do you know how many calories are in a single chicken breast,faq,calories,train
i need to know the number of calories on average in a handful of pistachios,faq,calories,train
what is the caloric value of a cookie,faq,calories,train
how many calories are in cookies,faq,calories,train
can you tell me how many calories are in cookies,faq,calories,train
what is the calorie count in a cookie,faq,calories,train
what are the calories in a cookie,faq,calories,train
what is the calorie count for muffins,faq,calories,train
are there a lot of calories in muffins,faq,calories,train
tell me the amount of calories in muffins,faq,calories,train
what is the caloric total in these muffins,faq,calories,train
what amount of calories are in one muffin,faq,calories,train
look up the calories in an apple,faq,calories,train
tell me the calorie content of an apple,faq,calories,train
what's the caloric content of an apple,faq,calories,train
tell me the calorie content for an apple,faq,calories,train
i need to know the calorie content in a piece of pepperoni pizza,faq,calories,train
how many calories are in an apple,faq,calories,train
i want the calorie content for a banana,faq,calories,train
tell me the number of calories in a banana,faq,calories,train
what is the calorie look like in apples,faq,calories,train
what is the calorie going to be if i'm eating cereal,faq,calories,train
add up the calories in tacos,faq,calories,train
how many calories are in cheerios,faq,calories,train
what type of calorie numbers are in onions,faq,calories,train
i need to know the calorie count of a bacon cheeseburger,faq,calories,train
whats the calorie content of oatmeal,faq,calories,train
what is the calorie count of an apple,faq,calories,train
how many calories on average are in a hot dog,faq,calories,train
how many calories are in a piece of bacon,faq,calories,train
let my credit card company know that my card split in half,escalate,damaged_card,train
how do you report a burned debit card,escalate,damaged_card,train
"my card split in half, how do i report it",escalate,damaged_card,train
report my burned card to the company,escalate,damaged_card,train
what do i say when i report a split credit card,escalate,damaged_card,train
my card was damaged by my cat; can i report that,escalate,damaged_card,train
i dropped my card in my gasoline and the printing wore off,escalate,damaged_card,train
i need to report that my dog chewed up my card,escalate,damaged_card,train
it seems i can't use my card since it has been damaged,escalate,damaged_card,train
"unfortunately, my card is damaged and unusable",escalate,damaged_card,train
what should i do with an unusable and damaged card,escalate,damaged_card,train
my card is unusable because it's damaged,escalate,damaged_card,train
i cracked my card and need a replacement,escalate,damaged_card,train
my card got melted and i need to report it,escalate,damaged_card,train
"my card got melted and i need to report it, please",escalate,damaged_card,train
"my card got melted in the dryer and i need to report it, please",escalate,damaged_card,train
my card got damaged and i need to report it,escalate,damaged_card,train
"my card got damaged and i need to report it, please",escalate,damaged_card,train
my card is damaged so i can not use it,escalate,damaged_card,train
report the card has been damaged,escalate,damaged_card,train
"i can not use my card, it is damaged",escalate,damaged_card,train
"the card is torn, let's report it",escalate,damaged_card,train
report that the card has been wrecked,escalate,damaged_card,train
my card is damaged and no longer function,escalate,damaged_card,train
my card is damaged and unusable,escalate,damaged_card,train
"my card is wrecked, let's report it",escalate,damaged_card,train
report the card has been torn,escalate,damaged_card,train
i can not use my card since it is damaged,escalate,damaged_card,train
i need to report a bent card,escalate,damaged_card,train
"my card split in half, can i report it",escalate,damaged_card,train
"i cracked my card, order a new one",escalate,damaged_card,train
report that i split my card,escalate,damaged_card,train
please make a report that my card is split,escalate,damaged_card,train
"the magnetic strip on my card is scratched, let the card company know",escalate,damaged_card,train
"i cut up the wrong card, please contact the bank and let them know",escalate,damaged_card,train
"i creased my card today, contact the bank",escalate,damaged_card,train
"my card is cracked, please tell the card company",escalate,damaged_card,train
"the dog chewed up my card, will you find out what it takes to get a replacement",escalate,damaged_card,train
the plastic numbers on my card are falling off,escalate,damaged_card,train
corner of my credit card is chipped off,escalate,damaged_card,train
my card got snapped in half,escalate,damaged_card,train
my card is too scratched and won't read correctly,escalate,damaged_card,train
the sticker on my card is peeling off,escalate,damaged_card,train
i can't use my card because it is broken,escalate,damaged_card,train
my broken card won't work,escalate,damaged_card,train
i can't use my damaged card,escalate,damaged_card,train
my damage card is not working,escalate,damaged_card,train
my damage card will not work,escalate,damaged_card,train
i don't know who to notify that i ran my credit card over with the lawn mower,escalate,damaged_card,train
i ran my credit card over with the lawn mower and need to replace it,escalate,damaged_card,train
i need to replace my credit card because i ran it over with the lawn mower,escalate,damaged_card,train
my card is partially damaged how do i report this,escalate,damaged_card,train
my card is not working and i need to let them know,escalate,damaged_card,train
my card broke in half and i need to report this,escalate,damaged_card,train
the chip on my card is damaged and i need a new one,escalate,damaged_card,train
my card's magnetic strip is not working and i want to notify them,escalate,damaged_card,train
my card has a deep crease through the middle so i would like to report it,escalate,damaged_card,train
how do i report my card if it got cut in half,escalate,damaged_card,train
my card is cracked and i want to report it,escalate,damaged_card,train
my card is too scratched up and i need to report it,escalate,damaged_card,train
i need to report my bent card,escalate,damaged_card,train
report to the company that i damaged my card,escalate,damaged_card,train
call the card company and ask them to replace my card,escalate,damaged_card,train
i damaged the card; can you replace the card,escalate,damaged_card,train
i demagnetized my card and want to report it,escalate,damaged_card,train
i want to report a broken card,escalate,damaged_card,train
"my phone was too close to my card and demagnetized it, how can i report this",escalate,damaged_card,train
my card has been erased and i need to report it,escalate,damaged_card,train
"i need a report form for my damaged, demagnetized card",escalate,damaged_card,train
how to report bent credit card,escalate,damaged_card,train
i can't use my broken card,escalate,damaged_card,train
i broke my card,escalate,damaged_card,train
how to tell the company that my credit card melted,escalate,damaged_card,train
my card is broken,escalate,damaged_card,train
my card isn't working,escalate,damaged_card,train
who do i report to if my credit card snaps,escalate,damaged_card,train
"i accidentally bent my card, what do i do",escalate,damaged_card,train
my card doesn't work anymore,escalate,damaged_card,train
how do i report a melted credit card,escalate,damaged_card,train
"my card needs replaced, i accidentally scraped it",escalate,damaged_card,train
"i'd like to report my card as damaged, it's bent",escalate,damaged_card,train
"i bent my card, can you report it to my bank",escalate,damaged_card,train
"my card got scratched badly, can you tell my bank to send a replacement",escalate,damaged_card,train
"my card snapped, can you tell my bank to send a replacement",escalate,damaged_card,train
i accidentally put my credit card in the shredder,escalate,damaged_card,train
my credit card fell out of my back pocket and got flushed down the toilet,escalate,damaged_card,train
my credit card snapped in half while i was fiddling with it,escalate,damaged_card,train
my dog ate my credit card and ruined it,escalate,damaged_card,train
i was using my credit card as a cutting board and accidentally sliced it in half,escalate,damaged_card,train
can you assist me with reporting that the atm nicked my card,escalate,damaged_card,train
i need to report a new card please the atm hurt mine,escalate,damaged_card,train
how report that scratched my card,escalate,damaged_card,train
the atm chewed up my card can i get a new one,escalate,damaged_card,train
"an atm ate my card, how do i report it",escalate,damaged_card,train
my card fell out of my wallet and i ran over it so it does not work,escalate,damaged_card,train
my card fell in the toilet and now the chip does not work,escalate,damaged_card,train
the magnetic strip on my card is scratched up pretty badly from overuse can i get a new one,escalate,damaged_card,train
i need a new card because my dog chewed on it and now it does not work,escalate,damaged_card,train
i want to report my damaged card i accidentally cut it up thinking it was my expired card,escalate,damaged_card,train
i cracked my rewards card can i get a different one,escalate,damaged_card,train
i want to know if there is meeting room available at 8,lead_intent,schedule_meeting,train
meeting room availability from 8:00 please,lead_intent,schedule_meeting,train
are there any meetings room available between 8:00 and 9:00 am,lead_intent,schedule_meeting,train
i want to check if there is any meeting room available between 8:00 and 10:00 am,lead_intent,schedule_meeting,train
tell me how do i schedule a meeting,lead_intent,schedule_meeting,train
show me how do i schedule a meeting,lead_intent,schedule_meeting,train
i want to know how do i schedule a meeting,lead_intent,schedule_meeting,train
meeting room availability at 8:00 please,lead_intent,schedule_meeting,train
i want to find out how do i schedule a meeting,lead_intent,schedule_meeting,train
do you know how do i schedule a meeting,lead_intent,schedule_meeting,train
can you schedule a meeting with steve at the office,lead_intent,schedule_meeting,train
"can you schedule a meeting with jessica at the office, please",lead_intent,schedule_meeting,train
"can you schedule a meeting with james at the office, please",lead_intent,schedule_meeting,train
how do i create a meeting,lead_intent,schedule_meeting,train
how can i create a meeting,lead_intent,schedule_meeting,train
how can i schedule a meeting,lead_intent,schedule_meeting,train
"can you schedule a meeting with steve at the office, please",lead_intent,schedule_meeting,train
can you schedule a meeting with james at the office,lead_intent,schedule_meeting,train
do you have a meeting room open from noon until 2:00 pm,lead_intent,schedule_meeting,train
i'd like to schedule a meeting room from 1:00 pm until 2:00 pm,lead_intent,schedule_meeting,train
can i book a meeting room from 2:00 pm to 3:00 pm,lead_intent,schedule_meeting,train
are there any meeting rooms free from 10:00 am until 10:30 am,lead_intent,schedule_meeting,train
what is your availability for conference rooms between one and two today,lead_intent,schedule_meeting,train
i want to schedule a meeting with tom for 6pm,lead_intent,schedule_meeting,train
add a new meeting with tom for 6pm,lead_intent,schedule_meeting,train
how can you schedule a meeting for me,lead_intent,schedule_meeting,train
can you schedule a meeting for me,lead_intent,schedule_meeting,train
schedule a meeting with tom for 6pm,lead_intent,schedule_meeting,train
i need to schedule a meeting,lead_intent,schedule_meeting,train
schedule a meeting for me,lead_intent,schedule_meeting,train
add a meeting with tom at 6pm,lead_intent,schedule_meeting,train
i need to set a meeting with tom at 6pm,lead_intent,schedule_meeting,train
would you schedule a meeting with carrie and lisa please,lead_intent,schedule_meeting,train
i need you to schedule a meeting with carrie and lisa,lead_intent,schedule_meeting,train
schedule a meeting with carrie and lisa,lead_intent,schedule_meeting,train
i want you to schedule a meeting with carrie and lisa,lead_intent,schedule_meeting,train
could you please schedule a meeting with carrie and lisa,lead_intent,schedule_meeting,train
i want a meeting to be scheduled,lead_intent,schedule_meeting,train
tell me how i can schedule a meeting,lead_intent,schedule_meeting,train
help me schedule a meeting,lead_intent,schedule_meeting,train
how does scheduling a meeting work,lead_intent,schedule_meeting,train
help me get a meeting set up,lead_intent,schedule_meeting,train
i need a meeting scheduled with bob for 7:00am on 9/11,lead_intent,schedule_meeting,train
get me a meeting with bill for 5:30pm tomorrow,lead_intent,schedule_meeting,train
i have to meet with sam at 9:00am in two days,lead_intent,schedule_meeting,train
set a meeting with tom for 5:30 tomorrow,lead_intent,schedule_meeting,train
i'm having trouble scheduling a meeting,lead_intent,schedule_meeting,train
put a meeting on my schedule with pam for 3:00pm on february 11th,lead_intent,schedule_meeting,train
are there meeting rooms available between 9-10,lead_intent,schedule_meeting,train
are there meeting rooms available between 7-9,lead_intent,schedule_meeting,train
are there meeting rooms available between 11-12,lead_intent,schedule_meeting,train
are there meeting rooms available between 4-8,lead_intent,schedule_meeting,train
are there meeting rooms available between 10-11,lead_intent,schedule_meeting,train
can you put in a meeting for the blue room on friday,lead_intent,schedule_meeting,train
can you sign me up for a meeting in the blue room on friday,lead_intent,schedule_meeting,train
i want to know if there are meeting rooms available between 9:00 am and 11:00 am,lead_intent,schedule_meeting,train
please help me schedule a meeting with john love at 9 am tomorrow,lead_intent,schedule_meeting,train
"between 9:00 am and 11:00 am, are there meeting rooms available",lead_intent,schedule_meeting,train
could you schedule a meeting with john smith at 1 pm tomorrow,lead_intent,schedule_meeting,train
i need you to schedule a meeting with bob brown at noon the day after tomorrow,lead_intent,schedule_meeting,train
can see you see if there are meeting rooms available between 9:00 am and 11:00 am,lead_intent,schedule_meeting,train
see if you can schedule a meeting with don southerland tomorrow at noon,lead_intent,schedule_meeting,train
"i need meeting rooms between 9:00 am and 11:00 am, are there any available",lead_intent,schedule_meeting,train
can you schedule a meeting at 10 am tomorrow with john smith,lead_intent,schedule_meeting,train
please tell me if there are meeting rooms available between 9:00 am and 11:00 am,lead_intent,schedule_meeting,train
can you schedule a meeting room for interviews on thursday,lead_intent,schedule_meeting,train
can you schedule a meeting with damon for 1,lead_intent,schedule_meeting,train
can you schedule a meeting with john for 12,lead_intent,schedule_meeting,train
can you schedule a meeting with steve for 5,lead_intent,schedule_meeting,train
can you schedule a meeting with george for 4,lead_intent,schedule_meeting,train
can you schedule a meeting with matt for 3,lead_intent,schedule_meeting,train
a meeting needs to be schedule and i need to know how,lead_intent,schedule_meeting,train
show me how to schedule a meeting,lead_intent,schedule_meeting,train
tell me how to schedule a meeting,lead_intent,schedule_meeting,train
schedule a meeting room for friday at 3pm,lead_intent,schedule_meeting,train
"at noon, schedule a meeting with saul",lead_intent,schedule_meeting,train
i'd like to pencil in a meeting with seth at 11am,lead_intent,schedule_meeting,train
what's the meeting room availability between noon and 2,lead_intent,schedule_meeting,train
set up a meeting with frank at 2pm,lead_intent,schedule_meeting,train
are there any open meeting rooms between noon and 1,lead_intent,schedule_meeting,train
book me a meeting room for 12pm on february 28th,lead_intent,schedule_meeting,train
are any meeting rooms open between 9 and 10,lead_intent,schedule_meeting,train
is there an open meeting room between 2 and 4,lead_intent,schedule_meeting,train
can you hook me up with a meeting room on saturday morning at 10am,lead_intent,schedule_meeting,train
i need to schedule a meeting with mae at 5pm,lead_intent,schedule_meeting,train
i'm going to need a meeting room on 9am on tuesday,lead_intent,schedule_meeting,train
i need a meeting room at 2pm on friday,lead_intent,schedule_meeting,train
i'm going to need to meet with scott at 1pm,lead_intent,schedule_meeting,train
is it possible to book a meeting room between 10 and 11,lead_intent,schedule_meeting,train
would you be able to help me with a meeting room on wednesday at 3pm,lead_intent,schedule_meeting,train
during afternoon is there a meeting room to use,lead_intent,schedule_meeting,train
is there a meeting room available between one and two,lead_intent,schedule_meeting,train
what is the availability of meeting rooms during the afternoon,lead_intent,schedule_meeting,train
how many rooms are available between 2 and 3,lead_intent,schedule_meeting,train
check if meeting rooms are free from 6 to 7,lead_intent,schedule_meeting,train
please find out if rooms are free from 1 to 2,lead_intent,schedule_meeting,train
are any rooms free from 12 to 1,lead_intent,schedule_meeting,train
are there rooms available between 5 and 530,lead_intent,schedule_meeting,train
"if i want to schedule a meeting, how do i do it",lead_intent,schedule_meeting,train
how is a meeting scheduled,lead_intent,schedule_meeting,train
can you find my package in transit,lead_intent,order_status,train
track my package please,lead_intent,order_status,train
help me find my package,lead_intent,order_status,train
i need to track my package,lead_intent,order_status,train
what's going on with my order,lead_intent,order_status,train
can you see where my package is,lead_intent,order_status,train
do you know anything about the status of my order,lead_intent,order_status,train
can you check if my order has been delivered,lead_intent,order_status,train
are you able to figure out where my package is,lead_intent,order_status,train
order status,lead_intent,order_status,train
is my order being delivered soon,lead_intent,order_status,train
where's my package,lead_intent,order_status,train
do you know where my package is,lead_intent,order_status,train
"check status on my deliver, has it been delivered",lead_intent,order_status,train
is my order shown as delivered,lead_intent,order_status,train
did my order ship,lead_intent,order_status,train
can you tell where my package is,lead_intent,order_status,train
is my package able to be tracked by you,lead_intent,order_status,train
can you find my package,lead_intent,order_status,train
can you locate my package,lead_intent,order_status,train
are you able to tack my package,lead_intent,order_status,train
has my online order shipped yet,lead_intent,order_status,train
i need to know what the most recent update is on the status of my online purchase,lead_intent,order_status,train
look up the status of the order i placed online,lead_intent,order_status,train
check to see the status of my recent online order,lead_intent,order_status,train
find out the status of my most recent online purchase,lead_intent,order_status,train
"i ordered some curtains off amazon, can you tell me if it's been shipped yet",lead_intent,order_status,train
what's the status of my order,lead_intent,order_status,train
can you check on the status of my orders at amazon,lead_intent,order_status,train
can you tell me what the status of my last amazon order is,lead_intent,order_status,train
can you tell me if my last amazon order is coming today,lead_intent,order_status,train
show me tracking on my order,lead_intent,order_status,train
what is the status of my order,lead_intent,order_status,train
can you update me on my last amazon orders,lead_intent,order_status,train
"i just placed my order today, what is the status of it",lead_intent,order_status,train
can i please get the status my order,lead_intent,order_status,train
my order was put in and i was wonder how i can see the status of it,lead_intent,order_status,train
i submitted my order is there any updates on it yet,lead_intent,order_status,train
"hey, i just put in my order and i was wondering what the status of it",lead_intent,order_status,train
what's the current location of my package,lead_intent,order_status,train
has my ordered arrived,lead_intent,order_status,train
when will my package arrive,lead_intent,order_status,train
can you see if my order was delivered,lead_intent,order_status,train
did my order ever get distributed today,lead_intent,order_status,train
where was my package last at,lead_intent,order_status,train
can you help me find my package,lead_intent,order_status,train
was my order dropped off,lead_intent,order_status,train
where's my package right now,lead_intent,order_status,train
would you track my package,lead_intent,order_status,train
please track my package,lead_intent,order_status,train
track my package now please,lead_intent,order_status,train
could you please track my package,lead_intent,order_status,train
i need you to track my package,lead_intent,order_status,train
what is the status of my online order,lead_intent,order_status,train
what's the status of the order i placed online last week with target,lead_intent,order_status,train
please tell me the status of my last online order from walmart,lead_intent,order_status,train
"can i still make changes to my order, or has it already been shipped",lead_intent,order_status,train
i need an update on my online order from nespresso,lead_intent,order_status,train
when can i expect to receive the order,lead_intent,order_status,train
has my order been shipped,lead_intent,order_status,train
can you give me a status update on my online order from amazon,lead_intent,order_status,train
what is the status of my online order of coffee pods,lead_intent,order_status,train
what is the status of my recent order,lead_intent,order_status,train
can you please check on the status of my online order,lead_intent,order_status,train
check up on the status of my online order,lead_intent,order_status,train
online order: status,lead_intent,order_status,train
check on the status of my order,lead_intent,order_status,train
where is my order,lead_intent,order_status,train
is my order here yet,lead_intent,order_status,train
when will my order be delivered,lead_intent,order_status,train
check the status of my order,lead_intent,order_status,train
show me where my order is,lead_intent,order_status,train
has my order been shipped yet,lead_intent,order_status,train
can you check to see if my order has been delivered,lead_intent,order_status,train
"could you check to see if my order has been delivered, please",lead_intent,order_status,train
"can you check to see if my order has been delivered, please",lead_intent,order_status,train
"could you check if my order has been delivered, please",lead_intent,order_status,train
could you check to see if my order has been delivered,lead_intent,order_status,train
has the order that i placed arrived,lead_intent,order_status,train
is my order already here,lead_intent,order_status,train
is my order due yet,lead_intent,order_status,train
is the packaged delivered already,lead_intent,order_status,train
has my order arrived yet,lead_intent,order_status,train
how soon will me package arrive,lead_intent,order_status,train
when can i expect my order,lead_intent,order_status,train
check order number,lead_intent,order_status,train
"track package, please",lead_intent,order_status,train
are you able to track my package,lead_intent,order_status,train
track my package,lead_intent,order_status,train
what is the tracking on my package,lead_intent,order_status,train
get the tracking on my package,lead_intent,order_status,train
what is the status of my delivery order,lead_intent,order_status,train
where is my delivery order,lead_intent,order_status,train
has my delivery order arrived yet,lead_intent,order_status,train
has my delivery order showed up,lead_intent,order_status,train
"i ordered for delivery, has is arrived yet",lead_intent,order_status,train
what is the status of my most recent order,lead_intent,order_status,train
has my recent order shipped,lead_intent,order_status,train
when will my order be here,lead_intent,order_status,train
will my order be here by saturday,lead_intent,order_status,train
"syonara, ai device!",ambiguous,goodbye,train
"goodbye, helpful ai device!",ambiguous,goodbye,train
bye-bye,ambiguous,goodbye,train
"goodbye, ai assistant",ambiguous,goodbye,train
glad we got to talk,ambiguous,goodbye,train
i'm glad i got to talk to you,ambiguous,goodbye,train
nice to speak with you,ambiguous,goodbye,train
this was a great conversation,ambiguous,goodbye,train
talk to you later,ambiguous,goodbye,train
tata for now,ambiguous,goodbye,train
i'm out of here,ambiguous,goodbye,train
"that's all, bye",ambiguous,goodbye,train
see ya later,ambiguous,goodbye,train
adios ai,ambiguous,goodbye,train
"it was great to see you again, see ya later!",ambiguous,goodbye,train
"i had a pleasure talking to you, see you later",ambiguous,goodbye,train
"nice talking again, bye",ambiguous,goodbye,train
i have to go but it was nice talking again!,ambiguous,goodbye,train
"i am glad we got to talk again, see you soon",ambiguous,goodbye,train
sayonara,ambiguous,goodbye,train
catch you around,ambiguous,goodbye,train
good seeing you,ambiguous,goodbye,train
"later, thanks for chatting",ambiguous,goodbye,train
adios,ambiguous,goodbye,train
"great talk, take it easy",ambiguous,goodbye,train
see ya,ambiguous,goodbye,train
"great chat, talk to you later",ambiguous,goodbye,train
"nice talk, talk to you later",ambiguous,goodbye,train
"thanks for chatting, later",ambiguous,goodbye,train
goodbye to you,ambiguous,goodbye,train
i must say goodbye,ambiguous,goodbye,train
i'm saying goodbye now,ambiguous,goodbye,train
it is time to say goodbye,ambiguous,goodbye,train
i have to say goodbye,ambiguous,goodbye,train
cya later,ambiguous,goodbye,train
i enjoyed talking to you,ambiguous,goodbye,train
thanks for talking,ambiguous,goodbye,train
it was good chatting,ambiguous,goodbye,train
it was nice chatting with you,ambiguous,goodbye,train
always nice to talk to you,ambiguous,goodbye,train
"see you later, alligator",ambiguous,goodbye,train
good night,ambiguous,goodbye,train
it was nice to get in touch,ambiguous,goodbye,train
see you soon,ambiguous,goodbye,train
later gator!,ambiguous,goodbye,train
it was nice to talk it out with you,ambiguous,goodbye,train
it was nice to converse with you,ambiguous,goodbye,train
ill see you around,ambiguous,goodbye,train
take it easy!,ambiguous,goodbye,train
later gater,ambiguous,goodbye,train
it was nice to speak with you,ambiguous,goodbye,train
see you later alligator,ambiguous,goodbye,train
fairwell,ambiguous,goodbye,train
have a good one,ambiguous,goodbye,train
peace,ambiguous,goodbye,train
bye for now,ambiguous,goodbye,train
"thanks, bye",ambiguous,goodbye,train
i have to get going,ambiguous,goodbye,train
talk to you later!,ambiguous,goodbye,train
i’ll be leaving now,ambiguous,goodbye,train
i’m leaving-goodbye!,ambiguous,goodbye,train
thanks for talking to me,ambiguous,goodbye,train
it was really nice to be able to chat with you,ambiguous,goodbye,train
it was good to talk to you today,ambiguous,goodbye,train
it was great to have this conversation with you,ambiguous,goodbye,train
it was nice to catch up with you,ambiguous,goodbye,train
it was enjoyable talking with you,ambiguous,goodbye,train
it was great chatting with you,ambiguous,goodbye,train
it was cool talking with you,ambiguous,goodbye,train
it was pleasant conversing with you,ambiguous,goodbye,train
good bye my friend,ambiguous,goodbye,train
i need to go now,ambiguous,goodbye,train
see you again soon,ambiguous,goodbye,train
i've got to run now,ambiguous,goodbye,train
goodbye!,ambiguous,goodbye,train
i had fun speaking with you,ambiguous,goodbye,train
bye!,ambiguous,goodbye,train
later!,ambiguous,goodbye,train
adios!,ambiguous,goodbye,train
until next time!,ambiguous,goodbye,train
farewell!,ambiguous,goodbye,train
it was enjoyable to chat with you,ambiguous,goodbye,train
i'm outta here!,ambiguous,goodbye,train
it was pleasant having a conversation with you,ambiguous,goodbye,train
bye now,ambiguous,goodbye,train
buhbye,ambiguous,goodbye,train
see you in a while,ambiguous,goodbye,train
see you around,ambiguous,goodbye,train
nice to see you again,ambiguous,goodbye,train
nice to see you,ambiguous,goodbye,train
talk later,ambiguous,goodbye,train
tootles,ambiguous,goodbye,train
peace out,ambiguous,goodbye,train
goodbye for now ai,ambiguous,goodbye,train
ai goodbye,ambiguous,goodbye,train
i'll talk to you later ai,ambiguous,goodbye,train
we'll talk later ai,ambiguous,goodbye,train
i have to go ai goodbye,ambiguous,goodbye,train
bye bye!,ambiguous,goodbye,train
see you later!,ambiguous,goodbye,train
when is today's meeting with john,lead_intent,meeting_schedule,train
when is my meeting with dan scheduled for,lead_intent,meeting_schedule,train
when is the meeting with homer scheduled for,lead_intent,meeting_schedule,train
do i have any meetings with stan today,lead_intent,meeting_schedule,train
how many meetings do i have scheduled between 10 and 3,lead_intent,meeting_schedule,train
on what day is my meeting with dr lee,lead_intent,meeting_schedule,train
tell me how many meetings with pete i have for today,lead_intent,meeting_schedule,train
about how many meetings am i attending between 12 and 3 today,lead_intent,meeting_schedule,train
how many total meetings will i have between 2 and 5,lead_intent,meeting_schedule,train
can you tell me what time i am meeting with sarah today,lead_intent,meeting_schedule,train
when is that meeting with kara,lead_intent,meeting_schedule,train
do i have meetings from 1 to 4 today,lead_intent,meeting_schedule,train
do i have many meetings today between 2 and 4,lead_intent,meeting_schedule,train
what time is my meeting with steve,lead_intent,meeting_schedule,train
"for today only, how many meetings are with jake",lead_intent,meeting_schedule,train
do i have any meetings with mark today,lead_intent,meeting_schedule,train
when is my meeting with bob,lead_intent,meeting_schedule,train
tell me when my meeting is scheduled with roger,lead_intent,meeting_schedule,train
when am i gonna be meeting roger,lead_intent,meeting_schedule,train
do i have any meetings today between 5 and 6,lead_intent,meeting_schedule,train
do i have any meetings today between 2 and 3,lead_intent,meeting_schedule,train
do i have any meetings with ben today,lead_intent,meeting_schedule,train
do i have any meetings with roger today,lead_intent,meeting_schedule,train
do i have any meetings today between 8 and 9,lead_intent,meeting_schedule,train
when is my meeting with roger,lead_intent,meeting_schedule,train
i wanna know when my meeting is with dan,lead_intent,meeting_schedule,train
do i have any meetings with michael today,lead_intent,meeting_schedule,train
do i have any meetings with dave today,lead_intent,meeting_schedule,train
do i have any meetings today between 4 and 5,lead_intent,meeting_schedule,train
do i have any meetings today between 6 and 7,lead_intent,meeting_schedule,train
tell me the meeting schedule for the day,lead_intent,meeting_schedule,train
what is the meeting schedule today,lead_intent,meeting_schedule,train
tell me the meeting schdule please,lead_intent,meeting_schedule,train
what is my meeting schedule today,lead_intent,meeting_schedule,train
what is my meeting schedule like for the day,lead_intent,meeting_schedule,train
share my meeting schedule with me,lead_intent,meeting_schedule,train
do i have meetings scheduled today,lead_intent,meeting_schedule,train
what kind of meetings do i have today,lead_intent,meeting_schedule,train
what meetings do i have scheduled today,lead_intent,meeting_schedule,train
go over my meeting schedule with me please,lead_intent,meeting_schedule,train
do i have to be at any meetings today,lead_intent,meeting_schedule,train
any meetings on the schedule today,lead_intent,meeting_schedule,train
what meetings are on my schedule today,lead_intent,meeting_schedule,train
meetings today,lead_intent,meeting_schedule,train
what meetings are scheduled for today,lead_intent,meeting_schedule,train
does today's schedule include any meetings,lead_intent,meeting_schedule,train
are there any meetings on the calendar for today,lead_intent,meeting_schedule,train
do i have any meeting to go to today,lead_intent,meeting_schedule,train
what meetings do i have today,lead_intent,meeting_schedule,train
what meetings are on my calendar,lead_intent,meeting_schedule,train
when do i have meetings today,lead_intent,meeting_schedule,train
what's on my meeting schedule today,lead_intent,meeting_schedule,train
what times are my meetings,lead_intent,meeting_schedule,train
what are my meetings today,lead_intent,meeting_schedule,train
which meetings do i have today,lead_intent,meeting_schedule,train
are there any meetings i have today,lead_intent,meeting_schedule,train
bring up any mettings for today,lead_intent,meeting_schedule,train
when are my meetings today between noon and one,lead_intent,meeting_schedule,train
am i scheduled for any meetings between noon and one,lead_intent,meeting_schedule,train
how many meetings do i have today between noon and one,lead_intent,meeting_schedule,train
what meetings do i have today between noon and one,lead_intent,meeting_schedule,train
are there meetings schedules today between noon and one,lead_intent,meeting_schedule,train
do i have any meetings planned for today,lead_intent,meeting_schedule,train
are any meetings scheduled for today,lead_intent,meeting_schedule,train
do i have any meetings scheduled for today,lead_intent,meeting_schedule,train
are any meetings booked for today,lead_intent,meeting_schedule,train
what time i have to meet mr accountant,lead_intent,meeting_schedule,train
is mr ceo waiting me now,lead_intent,meeting_schedule,train
do i have to meet the dev squad to day,lead_intent,meeting_schedule,train
give me a run down of my meeting schedules for the day,lead_intent,meeting_schedule,train
let me know every meeting i have scheduled today,lead_intent,meeting_schedule,train
do you know if i have any meetings set up with travis today,lead_intent,meeting_schedule,train
do you see any meetings with john on my schedule today,lead_intent,meeting_schedule,train
check to see if i have any meetings with peter today,lead_intent,meeting_schedule,train
am i scheduled to meet with heather today,lead_intent,meeting_schedule,train
what meetings do i have on my agenda today,lead_intent,meeting_schedule,train
have i got any meetings today with sara,lead_intent,meeting_schedule,train
tell me what my day looks like today in terms of meetings,lead_intent,meeting_schedule,train
what scheduled meetings do i have today,lead_intent,meeting_schedule,train
are there any meetings on my calendar today,lead_intent,meeting_schedule,train
am i scheduled for any gatherings today,lead_intent,meeting_schedule,train
is the gang getting together this afternoon,lead_intent,meeting_schedule,train
do i have any meetings coming up today,lead_intent,meeting_schedule,train
please list my meetings for today,lead_intent,meeting_schedule,train
i need to know if i have any meetings scheduled for today,lead_intent,meeting_schedule,train
please list my meetings for today from 8:00 am to 2:00 pm,lead_intent,meeting_schedule,train
did i schedule any meetings for today,lead_intent,meeting_schedule,train
"tell me my scheduled meetings for today only, please",lead_intent,meeting_schedule,train
let me hear all meetings for today,lead_intent,meeting_schedule,train
do i have any meetings scheduled between 3 and 5 pm today,lead_intent,meeting_schedule,train
what meetings are on my schedule today between 1:00 pm and 4:00 pm,lead_intent,meeting_schedule,train
are there any meetings for today on my calendar,lead_intent,meeting_schedule,train
tell me today's scheduled conferences from noon on wards,lead_intent,meeting_schedule,train
is a meeting with ruth on my schedule today,lead_intent,meeting_schedule,train
what do i have going on between 9 and 10,lead_intent,meeting_schedule,train
do i meet with joan today,lead_intent,meeting_schedule,train
when's my meeting with richard,lead_intent,meeting_schedule,train
what meetings do i have today from 3 to 4,lead_intent,meeting_schedule,train
when is my meeting with john,lead_intent,meeting_schedule,train
what is on my schedule between 10:00 am and 11:00 am,lead_intent,meeting_schedule,train
what do you put in chicken noodle casserole,faq,ingredients_list,train
what goes into chicken noodle casserole,faq,ingredients_list,train
what do i need to make chicken noodle casserole,faq,ingredients_list,train
how do you make chicken noodle casserole,faq,ingredients_list,train
chicken noodle casserole is made from what,faq,ingredients_list,train
tell me what ingredients i will need to make this meal,faq,ingredients_list,train
what are the ingredients of spaghetti,faq,ingredients_list,train
what ingredients are present in marshmallows,faq,ingredients_list,train
tell me the ingredients in pizza,faq,ingredients_list,train
what ingredients are found in hunan chicken,faq,ingredients_list,train
i need to know the ingredients in a hamburger,faq,ingredients_list,train
show me the ingredients that i need for ceviche,faq,ingredients_list,train
do you have a list of ingredients that i'll need for blondies,faq,ingredients_list,train
give me a list of ingredients needed for pizza dough,faq,ingredients_list,train
tell me what ingredients i need for carne asada,faq,ingredients_list,train
what ingredients are required for chicken noodle soup,faq,ingredients_list,train
what ingredients are in salsa,faq,ingredients_list,train
what ingredients are in cheese cake,faq,ingredients_list,train
what ingredients are in sugar cookies,faq,ingredients_list,train
what ingredients are in spinach dip,faq,ingredients_list,train
what ingredients are in coffee cakes,faq,ingredients_list,train
what ingredients do i need to make egg salad,faq,ingredients_list,train
what would i need if i wanted to make chicken marsala,faq,ingredients_list,train
what ingredients are in antipasto salad,faq,ingredients_list,train
what do i need to make chicken salad,faq,ingredients_list,train
what kind of stuff is in potato salad,faq,ingredients_list,train
ingredients needed to make a mexican lasagna,faq,ingredients_list,train
what are all of the ingredients for brownies from scratch,faq,ingredients_list,train
how can i make my own doughnuts/what ingredients,faq,ingredients_list,train
what stuff would i need to make tortellini,faq,ingredients_list,train
what do i need to make a cake,faq,ingredients_list,train
what all is in gumbo,faq,ingredients_list,train
what ingredients do i need for gumbo,faq,ingredients_list,train
which ingredients does gumbo have,faq,ingredients_list,train
what are the ingredients in gumbo,faq,ingredients_list,train
what is gumbo made of,faq,ingredients_list,train
what ingredients do i need to bake a cake,faq,ingredients_list,train
i want to cook a quick breakfast what ingredients do i need,faq,ingredients_list,train
what ingredients are needed for shrimp cocktail,faq,ingredients_list,train
i’m making spaghetti what ingredients do i need,faq,ingredients_list,train
i want to make a meat stew what ingredients do i need,faq,ingredients_list,train
what goes in broccoli cheddar soup,faq,ingredients_list,train
show me the recipe for broccoli cheddar soup,faq,ingredients_list,train
please list ingredients for broccoli cheddar soup,faq,ingredients_list,train
what ingredients do i need to make broccoli cheddar soup,faq,ingredients_list,train
"i am making broccoli cheddar soup, what ingredients do i need",faq,ingredients_list,train
what ingredients do i need for philly cheesesteaks,faq,ingredients_list,train
what do i need to cook chicken soup,faq,ingredients_list,train
what do i need to get to make lasagne,faq,ingredients_list,train
what should i buy to make burritos tonight,faq,ingredients_list,train
what ingredients do i need for tacos,faq,ingredients_list,train
what are the ingredients to make shepherd's pie,faq,ingredients_list,train
what do i need to buy to make a spaghetti,faq,ingredients_list,train
what do i need to make spaghetti,faq,ingredients_list,train
what is the ingredient list for an omelette,faq,ingredients_list,train
what do i need if i want to make lasagna,faq,ingredients_list,train
what do i need to make a cajun chili,faq,ingredients_list,train
what goes into a strawberry smoothie,faq,ingredients_list,train
what should i grab to make a german chocolate cake,faq,ingredients_list,train
what do you put in chili,faq,ingredients_list,train
what do you need to make pancakes,faq,ingredients_list,train
what stuff do you dump in an omelette,faq,ingredients_list,train
what do you use when you make a chef's salad,faq,ingredients_list,train
what do you purchase to put in a shepherd's pie,faq,ingredients_list,train
what do you put in a tibetan omelette,faq,ingredients_list,train
what do you mix to make a chocolate cake,faq,ingredients_list,train
what does subway use to make a cold cut combo,faq,ingredients_list,train
what do you need to make general tsao's chicken,faq,ingredients_list,train
what do you put in avocado dip,faq,ingredients_list,train
what ingredients are in sushi,faq,ingredients_list,train
what does it take to make buttermilk pancakes,faq,ingredients_list,train
what do i need to buy to make pierogi,faq,ingredients_list,train
what do i need to get to put into homemade tortillas,faq,ingredients_list,train
what food items do you put in english breakfast,faq,ingredients_list,train
what foods do i buy to put into a korean dinner,faq,ingredients_list,train
what do you need to make dandelion wine properly,faq,ingredients_list,train
what ingredients are in cake,faq,ingredients_list,train
what ingredients are in tortillas,faq,ingredients_list,train
what ingredients are in mashed potatoes,faq,ingredients_list,train
what ingredients are in dough,faq,ingredients_list,train
what ingredients are in chips,faq,ingredients_list,train
the ingredients in pizza are what,faq,ingredients_list,train
list the ingredients in pizza,faq,ingredients_list,train
which ingredients are in pizza,faq,ingredients_list,train
pizza has which ingredients,faq,ingredients_list,train
the ingredients in pizza are which ones,faq,ingredients_list,train
what ingredients do i need to make salmon salad,faq,ingredients_list,train
what ingredients go in spaghetti,faq,ingredients_list,train
what ingredients do i need to make pizza,faq,ingredients_list,train
what ingredients do i need to make pancakes,faq,ingredients_list,train
what ingredients do i need to make potato skins,faq,ingredients_list,train
what ingredients go in mashed potato,faq,ingredients_list,train
what ingredients go in potato skins,faq,ingredients_list,train
what ingredients do i need to make spaghetti,faq,ingredients_list,train
what ingredients go in a milky way,faq,ingredients_list,train
what ingredients go in pizza,faq,ingredients_list,train
what ingredients are necessary for a steak,faq,ingredients_list,train
"in making an omelette, what ingredients do i need",faq,ingredients_list,train
"in terms of making scrambled eggs, what ingredients do i need",faq,ingredients_list,train
what ingredients do i need for chicken breast,faq,ingredients_list,train
i'm afraid this charge on my account is fraud,escalate,report_fraud,train
i think there's fraud on my account,escalate,report_fraud,train
i think i have fraud on my account from walmart,escalate,report_fraud,train
there's been some fraudulent activity on my card,escalate,report_fraud,train
i'm pretty sure this charge from sam's club is fraudulent,escalate,report_fraud,train
i'm pretty sure this charge is fraudulent,escalate,report_fraud,train
i need to report some fraudulent card activity,escalate,report_fraud,train
there are some questionable charges on my card,escalate,report_fraud,train
i think there's a fraudulent transaction on my account,escalate,report_fraud,train
there's a shady charge from comcast on my account,escalate,report_fraud,train
my account has a fraudulent transaction i think,escalate,report_fraud,train
can you help me with some fraudulent charges on my card,escalate,report_fraud,train
i think i've been the victim of fraud,escalate,report_fraud,train
i'd like to report a fraudulent charge from people's natural gas,escalate,report_fraud,train
this costco charge looks fraudulent,escalate,report_fraud,train
there's fraudulent transaction going on,escalate,report_fraud,train
i may have a fraudulent transaction,escalate,report_fraud,train
i suspect some suspicious activity,escalate,report_fraud,train
there seems to be fraudulent activity,escalate,report_fraud,train
i suspect fraudulent transaction,escalate,report_fraud,train
i need to report fraudulent activity on my card,escalate,report_fraud,train
i'm reporting fraudelent activity on my card,escalate,report_fraud,train
there has been fraudulent activity on my card and i need to report it,escalate,report_fraud,train
i need to make a report due to fraudulent activity on my card,escalate,report_fraud,train
due to fraudulent activity on my card i need to make a report,escalate,report_fraud,train
how do i report a fraudulent charge on my visa,escalate,report_fraud,train
how do i report fraud on my discover card,escalate,report_fraud,train
how do i let visa know about a charge i didn't make,escalate,report_fraud,train
help me tell visa about fraud on my account,escalate,report_fraud,train
how do i tell mastercard about a fraudulent charge,escalate,report_fraud,train
i have activity on my bank of america card i don't recognize,escalate,report_fraud,train
i think a thief used my card,escalate,report_fraud,train
i have suspicious charges on my discovery card,escalate,report_fraud,train
i believe there's fraud on my card,escalate,report_fraud,train
i need to report fraudulent activity on my mastercard,escalate,report_fraud,train
i think someone's using my visa card without my permission,escalate,report_fraud,train
i have transactions on my card that aren't mine,escalate,report_fraud,train
my card has purchases i don't recognize,escalate,report_fraud,train
someone misused my card and put fraudulent transactions on it,escalate,report_fraud,train
i have charges on my amex card i didn't make,escalate,report_fraud,train
"""disable my card account and contact company to report fraudulent activty",escalate,report_fraud,train
"""i need to report fraudulent activity to my card company",escalate,report_fraud,train
"""please contact my credit card company to report fraudulent activity on",escalate,report_fraud,train
it looks like someone made an unauthorized amazon purchase on my account,escalate,report_fraud,train
i think my chase account has been compromised and fraud committed,escalate,report_fraud,train
i may have had fraud committed on my account,escalate,report_fraud,train
i'm thinking someone may have used my card in a fraudulent way,escalate,report_fraud,train
there is a fraudulent charge for paypal on my bank account,escalate,report_fraud,train
i think the charge for uber on my account is fraudulent,escalate,report_fraud,train
looks like someone made an unauthorized charge to nike on my account,escalate,report_fraud,train
i think someone stole my card and used it,escalate,report_fraud,train
i think someone made an illegal charge to my card,escalate,report_fraud,train
my account is showing a charge to venmo that i did not make,escalate,report_fraud,train
i gotta report fraudulent activity on my credit card,escalate,report_fraud,train
so i made a fraudulent transaction,escalate,report_fraud,train
i have a fraudulent transaction from wal mart on my account right now,escalate,report_fraud,train
turns out i made a fraudulent transaction,escalate,report_fraud,train
report fraudulent activity on my debit card,escalate,report_fraud,train
i made a fraudulent transaction,escalate,report_fraud,train
i have a fraudulent transaction from wal mart showing on my account,escalate,report_fraud,train
i think i made a fraudulent transaction,escalate,report_fraud,train
i have a fraudulent transaction from wal mart on my account,escalate,report_fraud,train
i must report fraudulent activity on my debit,escalate,report_fraud,train
i have a fraudulent transaction from red robin on my account,escalate,report_fraud,train
report fraudulent activity on my credit card now,escalate,report_fraud,train
i have a fraudulent transaction from fry's on my account,escalate,report_fraud,train
i got to report fraudulent activity on my credit card,escalate,report_fraud,train
i'm afraid there is a false transaction on my account,escalate,report_fraud,train
i have detected fraudulent activity on my account,escalate,report_fraud,train
i see a fraudulent transaction from netflix on my account,escalate,report_fraud,train
i spotted a fraudulent transaction from microsoft on my account,escalate,report_fraud,train
i see a suspicious transaction in my account history,escalate,report_fraud,train
it seems someone conducted a fraudulent transaction on my account,escalate,report_fraud,train
i need help investigating a suspicious transaction,escalate,report_fraud,train
i need to report a fraudulent transaction from postmates on my account,escalate,report_fraud,train
help me figure out where this fraudulent transaction from google came from on my account,escalate,report_fraud,train
can you help me deal with this fraudulent transaction from verizon on my account,escalate,report_fraud,train
i believe there are fraudulent charges on my card how can i report them,escalate,report_fraud,train
i didn't make these purchases on my card; these are fraudulent charges i need to report them,escalate,report_fraud,train
how can i report fraudulent charges on my card,escalate,report_fraud,train
it seems that there's fraudulent activity on my card i'd like to file a report,escalate,report_fraud,train
i want to report fraudulent activity on my card,escalate,report_fraud,train
send information about suspicious credit card activity,escalate,report_fraud,train
please report information about activity on my credit card,escalate,report_fraud,train
send fraudulent activity information,escalate,report_fraud,train
please file a fraud report,escalate,report_fraud,train
report fraud on my card,escalate,report_fraud,train
"i want to report fraudulent activity on my visa card, please",escalate,report_fraud,train
"i need to report fraudulent activity on my visa card, please",escalate,report_fraud,train
i want to report fraudulent activity on my amex card,escalate,report_fraud,train
i want to report fraudulent activity on my visa card,escalate,report_fraud,train
"i want to report fraudulent activity on my amex card, please",escalate,report_fraud,train
i believe that there is some fraudulent activity on my capital one account,escalate,report_fraud,train
there is an unauthorized transaction on my bank of america checking,escalate,report_fraud,train
i see a purchase on my chase checking that i did not make,escalate,report_fraud,train
what steps do i take if there is a transaction that i do not recognize on my navy federal credit union account,escalate,report_fraud,train
i need to talk to someone about a transaction that was not made by me on my chase account,escalate,report_fraud,train
can you report credit card fraud for me,escalate,report_fraud,train
discover card reporting fraud,escalate,report_fraud,train
i need to know how to report fraud on my discover card,escalate,report_fraud,train
i need a bed in brownsburg near walmart from apil 4th until the 5th,lead_intent,book_hotel,train
i need a room in indianapolis near the track from may 2nd through the 5th,lead_intent,book_hotel,train
i need lodging in lizton near the ice cream parlor from may 3rd until the 8th,lead_intent,book_hotel,train
need a place to crash in elizabeth near the refinery from june 4th until the 9th,lead_intent,book_hotel,train
i need a place to stay in newark near a bodega from may 2nd through the 4th,lead_intent,book_hotel,train
i want to book a hotel room for 10 people from monday to tuesday in manhattan,lead_intent,book_hotel,train
is there a room big enough for 10 people from monday to tuesday in manhattan,lead_intent,book_hotel,train
is it possible to book 10 people from monday to tuesday in manhattan,lead_intent,book_hotel,train
i would like to reserve a hotel room that accomodates 10 people from monday to tuesday in manhattan,lead_intent,book_hotel,train
i'm inquiring about the availability of a room that fits 10 people from monday to tuesday in manhattan,lead_intent,book_hotel,train
book me a hotel in st louis near the arch from march 2nd to 5th,lead_intent,book_hotel,train
i need a room in london for 2 people from march 1st to 3rd,lead_intent,book_hotel,train
get me a hotel room for 3 people from march 12th to 14th in chicago,lead_intent,book_hotel,train
book me a hotel in new york near the empire state building from marc 2nd to 4th,lead_intent,book_hotel,train
book me a hotel in chicago near the water tower shopping from april 2nd to 4th,lead_intent,book_hotel,train
get me a hotel room for 4 people from march 1st to 3rd in seattle,lead_intent,book_hotel,train
"in paris, get me a hotel room for 4 people from march 1st to 3rd",lead_intent,book_hotel,train
can you find me a hotel for 2 people on april 1st to 4th in rome,lead_intent,book_hotel,train
can you book me a hotel in los angeles near commerce casino from april 1st to the 5th,lead_intent,book_hotel,train
book me a hotel in seattle near the space needle from march 3rd to 5th,lead_intent,book_hotel,train
can you book me a room in new york city from april 2 through april 8,lead_intent,book_hotel,train
are there any openings in new york city from april 2 through april 8,lead_intent,book_hotel,train
are there any vacancies in new york city from april 2 through april 8,lead_intent,book_hotel,train
how about any bookings in new york city from april 2 through april 8,lead_intent,book_hotel,train
is there anything available in new york city from april 2 through april 8,lead_intent,book_hotel,train
book me a room on november 11 to 15 in cali,lead_intent,book_hotel,train
create a reservation novemeber 11 to 15 in cali,lead_intent,book_hotel,train
show me all hotels in evans with good reviews,lead_intent,book_hotel,train
which hotels in evans have good reviews,lead_intent,book_hotel,train
get me a room in cali on november 11 to 15,lead_intent,book_hotel,train
show me a well reviewed hotel in evans,lead_intent,book_hotel,train
what is the best rated hotel in evans,lead_intent,book_hotel,train
find me a place to stay in cali november 11 to 15,lead_intent,book_hotel,train
make a reservation to stay in cali from november 11 to 15,lead_intent,book_hotel,train
is it possible to have a place booked in salem from the 1st to the 3rd,lead_intent,book_hotel,train
see if you can get me a room in colorado springs near garden of the gods from march 01 to march 02,lead_intent,book_hotel,train
"i'd like you to book me a room in austin near google's headquarters from january 01, 2020 to february 02, 2020",lead_intent,book_hotel,train
please book me a room in austin from tomorrow to the 2nd,lead_intent,book_hotel,train
i want a hotel room for 6 from the 1st through the 3rd in seattle,lead_intent,book_hotel,train
can you find me a decent hotel in denver,lead_intent,book_hotel,train
"i'd like a placed booked in san diego from may 1st, 2020 to june 2nd, 2020",lead_intent,book_hotel,train
are there any good hotels in salem,lead_intent,book_hotel,train
what's a good hotel to stay at in chicago,lead_intent,book_hotel,train
will you find me a place to stay in casper from march 5th to march 11th,lead_intent,book_hotel,train
check if there's a hotel room that can receive 10 people in tampa from this friday for a week,lead_intent,book_hotel,train
"can i get a hotel room that can accommodate 50 people in bangor from january 01, 2021 to january 30, 2021",lead_intent,book_hotel,train
i need a hotel booked in denver near the museum from friday to saturday,lead_intent,book_hotel,train
i want a hotel booked in salem near the concert hall from the first to the second,lead_intent,book_hotel,train
i required a hotel room for 20 people from march 8th through march 20th in las vegas,lead_intent,book_hotel,train
what hotels have decent reviews in bangor,lead_intent,book_hotel,train
"is it possible to have a room booked in omaha near the convention hall for may 01, 2019 to may 05, 2019",lead_intent,book_hotel,train
i'd like to find a hotel in tampa that people liked enough to leave good reviews about,lead_intent,book_hotel,train
can you book me a place to stay in denver from wednesday to friday,lead_intent,book_hotel,train
i need a hotel room that can host 5 people from tomorrow to saturday in denver,lead_intent,book_hotel,train
please find me a hotel room for 4 people from monday to wednesday in lakewood,lead_intent,book_hotel,train
i need a hotel room big enough for 4 people from monday to wednesday in lakewood,lead_intent,book_hotel,train
i need a hotel room for 4 people in lakewood from monday to wednesday,lead_intent,book_hotel,train
what hotel would you recommend in lakewood for 4 people from monday to wednesday,lead_intent,book_hotel,train
i will be in lakewood from monday to wednesday and i need a hotel room for 4 people,lead_intent,book_hotel,train
please help me book a place to stay in pittsburgh from monday to friday,lead_intent,book_hotel,train
"i need a place in pittsburgh to stay from monday to friday, can you help",lead_intent,book_hotel,train
help me find a hotel in columbus with good reviews,lead_intent,book_hotel,train
can you find me a hotel in columbus with good reviews,lead_intent,book_hotel,train
"please find a columbus, ohio hotel with good reviews",lead_intent,book_hotel,train
will you help me book a place to stay from monday to friday in pittsburgh,lead_intent,book_hotel,train
can you book me a place to stay in pittsburgh from monday to friday,lead_intent,book_hotel,train
please book me a place in pittsburgh to stay from monday to friday,lead_intent,book_hotel,train
"find a columbus, ohio hotel with good reviews",lead_intent,book_hotel,train
help me find a hotel in that has good reviews in columbus,lead_intent,book_hotel,train
do you know of any well reviewed hotels in chicago,lead_intent,book_hotel,train
help me find a well reviewed hotel in dallas,lead_intent,book_hotel,train
find me a hotel in kansas city with good reviews,lead_intent,book_hotel,train
i need to find a nice hotel with solid reviews in seattle,lead_intent,book_hotel,train
look up hotels with positive reviews in new york city,lead_intent,book_hotel,train
"what hotels are near, ny, ny for the 9th to 11th",lead_intent,book_hotel,train
"please book a hotel in ny, close to brooklyn, on the 25th to 30th",lead_intent,book_hotel,train
"book a hotel in pa, harrisburg for the 10th to 15th",lead_intent,book_hotel,train
"find and book a hotel in md, baltimore starting on the 7th to the 9th",lead_intent,book_hotel,train
"i need to book a hotel in ny, queens arrive on 8th and leave on the 13th",lead_intent,book_hotel,train
i need a hotel in new orleans with awesome reviews,lead_intent,book_hotel,train
find a suitable lodging in vancouver on march 16-19,lead_intent,book_hotel,train
help me find a good reviews hotel in la,lead_intent,book_hotel,train
i need a hotel in new orleans from may 2 - 5 near the french quarter,lead_intent,book_hotel,train
find a hotel with great reviews in san francisco,lead_intent,book_hotel,train
find me a hotel in seattle with great reviews,lead_intent,book_hotel,train
help me a great hotel in vegas for this weekend,lead_intent,book_hotel,train
can you find me a place to stay in sacramento near the capitol on july 3-5,lead_intent,book_hotel,train
find a hotel in san francisco for march 8 & 9,lead_intent,book_hotel,train
i need a well-rated hotel in vegas,lead_intent,book_hotel,train
can i book a hotel in new york city near times square from 3/1 until 3/5,lead_intent,book_hotel,train
book me a hotel room in memphis for 3 people from 3/6 until 3/10,lead_intent,book_hotel,train
hotel room for 5 in austin for 3/1 until 3/8,lead_intent,book_hotel,train
i need a hotel in austin near south congress from 3/5 until 3/10,lead_intent,book_hotel,train
book me a hotel in pittsburgh near grant street for 3/15 through 3/18,lead_intent,book_hotel,train
"march 20th through the 22nd, please book me a hotel room in manhattan big enough for 10 people",lead_intent,book_hotel,train
i'm going to need a hotel in tampa near ybor city for march 23rd through the 28th,lead_intent,book_hotel,train
i'm going to need a hotel room for 8 people in tallahassee from 3/10 until 3/12,lead_intent,book_hotel,train
could you reserve me a hotel room in philadelphia near chinatown from 3/19 through 3/22,lead_intent,book_hotel,train
"in brooklyn, i need a hotel room for 4 from 3/15 until 3/20",lead_intent,book_hotel,train
book me a hotel with good ratings in nashville,lead_intent,book_hotel,train
check maps for my location,faq,current_location,train
"i'm lost, can you tell me where i am",faq,current_location,train
how can i go about finding my location right now,faq,current_location,train
please tell me my location using gps,faq,current_location,train
where exactly am i,faq,current_location,train
what's my location,faq,current_location,train
is there a way to get my current location,faq,current_location,train
what's the precise coordinates of this place,faq,current_location,train
where am i right this moment,faq,current_location,train
use the map and pinpoint my position,faq,current_location,train
give me my location on the map,faq,current_location,train
what's my current location,faq,current_location,train
what street is this,faq,current_location,train
can you direct me where to find where i am,faq,current_location,train
what do i do to find my location,faq,current_location,train
using this map i'd like to see my exact whereabouts,faq,current_location,train
place a marker for me where i am on the map,faq,current_location,train
i need to know my current gps coordinates,faq,current_location,train
can i have my current gps coordinates,faq,current_location,train
would you please tell me my current gps coordinates,faq,current_location,train
please tell me my current gps coordinates,faq,current_location,train
list my current gps coordinates,faq,current_location,train
how do i know where i'm at,faq,current_location,train
where am i located currently,faq,current_location,train
tell me how to find my current location,faq,current_location,train
showme how to find my location,faq,current_location,train
i'd like to know where i am,faq,current_location,train
what are the gps coordinates where i am located,faq,current_location,train
at this location what are my gps coordinates,faq,current_location,train
in the place i am what are my gps coordinates,faq,current_location,train
what are my gps coordinates at this location,faq,current_location,train
what are the gps coordinates of this spot i am at right now,faq,current_location,train
where am i located,faq,current_location,train
what country and city am i in,faq,current_location,train
what are my longitude and latitude points,faq,current_location,train
show me where i am on the map,faq,current_location,train
display my location on a map,faq,current_location,train
please show me where i am on a map,faq,current_location,train
can you show me where i am on a map,faq,current_location,train
"where am i right now, location wise",faq,current_location,train
what street am i on right now,faq,current_location,train
tell me my current location please,faq,current_location,train
what location do you see me at right now,faq,current_location,train
what is my current location that you see right now,faq,current_location,train
show me where i am,faq,current_location,train
bring up my location,faq,current_location,train
tell me where i am on a map,faq,current_location,train
can you locate me on a map,faq,current_location,train
show me where i am on a map,faq,current_location,train
i need to know my location,faq,current_location,train
i'm lost,faq,current_location,train
can you tell me how to figure out my current location,faq,current_location,train
i need to find out how i know my location right now,faq,current_location,train
can you tell me my location,faq,current_location,train
what do i do to find my current location,faq,current_location,train
my current location,faq,current_location,train
i would like to know my current location,faq,current_location,train
how can i tell what my current location is,faq,current_location,train
how can i know my current location,faq,current_location,train
let me know where i'm located,faq,current_location,train
i am in need of my location,faq,current_location,train
help me find where i am,faq,current_location,train
i do not know where i am,faq,current_location,train
i would like to know my location,faq,current_location,train
where are we located,faq,current_location,train
tell me the current location,faq,current_location,train
please tell me my current location,faq,current_location,train
what are my gps coordinates right now,faq,current_location,train
please tell me my present gps coordinates,faq,current_location,train
i need to know my present gps coordinates,faq,current_location,train
tell me my current gps coordinates,faq,current_location,train
please give me my gps coordinates,faq,current_location,train
"how do i find my location right now, please",faq,current_location,train
"how do i find my location, please",faq,current_location,train
"could you find my location on the map, please",faq,current_location,train
how do i find my present location right now,faq,current_location,train
could you find my location on the map,faq,current_location,train
how do i find my location right now,faq,current_location,train
"would you find my location on the map, please",faq,current_location,train
"can you find my location on the map, please",faq,current_location,train
can you find my location on the map,faq,current_location,train
"how do i find my present location right now, please",faq,current_location,train
give me my current location,faq,current_location,train
let me know my current location,faq,current_location,train
what is my location right now,faq,current_location,train
can you tell me the address where i am right now,faq,current_location,train
please locate me on the map and show me,faq,current_location,train
tell me my current location,faq,current_location,train
how can i go about finding my current location,faq,current_location,train
i wanna know my current location,faq,current_location,train
how can i find my current location,faq,current_location,train
how will i find my current location,faq,current_location,train
i'd like to know my current location,faq,current_location,train
how can i locate where i am,faq,current_location,train
how shall i find my current location,faq,current_location,train
check out my location up on the map,faq,current_location,train
could you pull up my location on the map,faq,current_location,train
check me out on the map,faq,current_location,train
look me up on the map,faq,current_location,train
look my location up on the map,faq,current_location,train
what are the conditions like in orlando,faq,weather,train
what's the temperature like in tampa,faq,weather,train
what's the forecast like for pittsburgh,faq,weather,train
what are the conditions like in sarasota,faq,weather,train
what's the climate like in chicago,faq,weather,train
what will the temperature be tomorrow,faq,weather,train
will it rain today,faq,weather,train
will it freeze tonight,faq,weather,train
give me the 7 day forecast,faq,weather,train
is it hot outside,faq,weather,train
what is the weather going to be like today,faq,weather,train
is it going to rain today,faq,weather,train
what is the weather going to be like tomorrow,faq,weather,train
is it going to rain tonight,faq,weather,train
are there any tornadoes coming soon,faq,weather,train
is it snowing in the next two weeks,faq,weather,train
what is the weather like in denver,faq,weather,train
what is the weather like tomorrow,faq,weather,train
what is the record high temperature for today,faq,weather,train
whats the predicted weather suppose to be like,faq,weather,train
whats the forecast for the weather,faq,weather,train
what does the weather look like,faq,weather,train
what does the forecast look like,faq,weather,train
what is the weather going to be like,faq,weather,train
tell me this week's forecast,faq,weather,train
will it get over 90 degrees today,faq,weather,train
what's the temperature outside,faq,weather,train
tell me how the weather is,faq,weather,train
weather,faq,weather,train
what's the weather,faq,weather,train
is it raining,faq,weather,train
how is it outside,faq,weather,train
how hot will it be tomorrow,faq,weather,train
what is the weather for tomorrow in georgia,faq,weather,train
what is the forecast for this week,faq,weather,train
will it snow this weekend,faq,weather,train
is there any rain in the next 3 days,faq,weather,train
can you tell me what the weather will be please,faq,weather,train
how's the weather,faq,weather,train
what's the weather looking like,faq,weather,train
what weather should i expect,faq,weather,train
costa mesa current weather,faq,weather,train
what is the temperature in costa mesa,faq,weather,train
what is the weather report for costa mesa,faq,weather,train
weather in costa mesa,faq,weather,train
costa mesa weather,faq,weather,train
i need meteorological data for tallahassee,faq,weather,train
how's the weather in tallahassee,faq,weather,train
read me the current weather report for tallahassee,faq,weather,train
tell me the weather report for tallahassee,faq,weather,train
what's the current weather situation for tallahassee,faq,weather,train
what's the weekend forecast,faq,weather,train
can you tell me the low tonight,faq,weather,train
is it going to be sunny today,faq,weather,train
what's the highest chance of rain for today,faq,weather,train
how cold is it going to be tonight,faq,weather,train
what is the weather forecast for seattle,faq,weather,train
what is the weather outlook for seattle,faq,weather,train
what are the weather conditions in seattle,faq,weather,train
how is the weather in seattle,faq,weather,train
what is the weather report for seattle,faq,weather,train
can you give me info on miami weather,faq,weather,train
what is miami weather like,faq,weather,train
what can you tell me about miami weather,faq,weather,train
what kind of weather does miami have,faq,weather,train
how is the weather in miami,faq,weather,train
what's the weather like right now,faq,weather,train
give me a rundown of the weather,faq,weather,train
what kind of weather is there,faq,weather,train
tell me what the weather is like,faq,weather,train
when is it going to rain again,faq,weather,train
what is the high temperature for tomorrow,faq,weather,train
how many of inches of snow did my hometown get last year,faq,weather,train
what are the atmospheric conditions in sparks,faq,weather,train
is it raining in sparks,faq,weather,train
is it cloudy or sunny in sparks,faq,weather,train
is sparks experiencing bad weather right now,faq,weather,train
what is the weather like in sparks right now,faq,weather,train
what is the temp right now,faq,weather,train
when will it rain next,faq,weather,train
when is the next rain chance,faq,weather,train
what will the weather be this weekend,faq,weather,train
what s the uv index tomorrow,faq,weather,train
tell me today's weather forecast,faq,weather,train
tell me about the weather today,faq,weather,train
i want to know the weather forecast for today,faq,weather,train
what will the weather be like,faq,weather,train
what's the chance of rain on friday,faq,weather,train
is there a uv or smog alert for tomorrow,faq,weather,train
"is it snowing right now in richmond, va",faq,weather,train
what will the low temperatures be over the weekend,faq,weather,train
can you let me know if it will be warm this week,faq,weather,train
when is the next time it is suppose to rain,faq,weather,train
how cold will it be tomorrow,faq,weather,train
what is today's high temperature predicted to be,faq,weather,train
how much snow will we be getting tomorrow,faq,weather,train
what's the current weather,faq,weather,train
what's it doing outside right now,faq,weather,train
what's today's weather going to be,faq,weather,train
please tell me the weather forecast,faq,weather,train
"please cancel what you are doing, i've changed my mind",escalate,cancel,train
"never mind, cancel that",escalate,cancel,train
"stop working on it, i need something else",escalate,cancel,train
"cancel my last request, i know the answer",escalate,cancel,train
"forget it, i do not need it anymore",escalate,cancel,train
pause,escalate,cancel,train
cancel that last thing,escalate,cancel,train
silence,escalate,cancel,train
quit,escalate,cancel,train
mute,escalate,cancel,train
stop,escalate,cancel,train
stop and go back,escalate,cancel,train
ai stop talking,escalate,cancel,train
quiet now,escalate,cancel,train
shhhh,escalate,cancel,train
how do i make you stop talking,escalate,cancel,train
can you be quiet please,escalate,cancel,train
please stop doing what i asked,escalate,cancel,train
please be quiet,escalate,cancel,train
i would like you to stop what you were doing,escalate,cancel,train
please cancel that last command,escalate,cancel,train
can you cancel what you were doing,escalate,cancel,train
can you cancel,escalate,cancel,train
shut up!,escalate,cancel,train
i need you to stop talking now,escalate,cancel,train
i want you to quit the action,escalate,cancel,train
discontinue please,escalate,cancel,train
i don't want you to speak any more for now,escalate,cancel,train
discontinue your current task,escalate,cancel,train
abort please,escalate,cancel,train
quit the current action please,escalate,cancel,train
forget my previous command,escalate,cancel,train
abort the current action,escalate,cancel,train
actually forget that i don't need it,escalate,cancel,train
quit what you are doing,escalate,cancel,train
"sorry, you can actually stop that",escalate,cancel,train
"i actually don't want this anymore, please abort",escalate,cancel,train
please cancel your present task,escalate,cancel,train
"that's enough, don't say anymore please",escalate,cancel,train
i want you to stop your present action,escalate,cancel,train
stop talking please,escalate,cancel,train
"what you are doing is not actually helpful, please cancel the action",escalate,cancel,train
please stop,escalate,cancel,train
cancel action,escalate,cancel,train
please cancel the input,escalate,cancel,train
"ai, stop talking",escalate,cancel,train
"ai, shut up",escalate,cancel,train
"ai, stop!",escalate,cancel,train
please be quiet now,escalate,cancel,train
terminate,escalate,cancel,train
negate last command,escalate,cancel,train
halt,escalate,cancel,train
would you stop talking please,escalate,cancel,train
please abandon the current job,escalate,cancel,train
please abort the current task,escalate,cancel,train
terminate current process,escalate,cancel,train
i want you to cancel the current action,escalate,cancel,train
abort,escalate,cancel,train
please stop doing that,escalate,cancel,train
abort running program,escalate,cancel,train
don't continue with what you're doing,escalate,cancel,train
oh shut the hell up would you,escalate,cancel,train
destroy process,escalate,cancel,train
please cancel that last task,escalate,cancel,train
please refrain from carrying out the current task,escalate,cancel,train
"ai, cancel that last request",escalate,cancel,train
do not complete the task that i gave you,escalate,cancel,train
"ai, please stop your current task",escalate,cancel,train
"actually, cancel that command",escalate,cancel,train
"nevermind, cancel that",escalate,cancel,train
"actually, cancel that",escalate,cancel,train
forget it,escalate,cancel,train
cancel that,escalate,cancel,train
don't do this process,escalate,cancel,train
undo,escalate,cancel,train
cancel current process,escalate,cancel,train
undo this process,escalate,cancel,train
just shut up,escalate,cancel,train
stop that,escalate,cancel,train
cancel that input,escalate,cancel,train
"never mind, don't do that",escalate,cancel,train
never mind,escalate,cancel,train
stop doing that,escalate,cancel,train
halt that immediately,escalate,cancel,train
stop the process happening now,escalate,cancel,train
"stop, i changed my mind",escalate,cancel,train
cancel that last command,escalate,cancel,train
oops cancel that,escalate,cancel,train
can you stop,escalate,cancel,train
could you stop talking for a second,escalate,cancel,train
could you stop please,escalate,cancel,train
can you switch off,escalate,cancel,train
can you stop speaking,escalate,cancel,train
can you please cancel,escalate,cancel,train
can you end the task,escalate,cancel,train
scratch,escalate,cancel,train
refrain from talking,escalate,cancel,train
halt the process,escalate,cancel,train
no more talking,escalate,cancel,train
i advise you to quit talking,escalate,cancel,train
how's everything,ambiguous,greeting,train
how are things going,ambiguous,greeting,train
"hello, anyone there",ambiguous,greeting,train
are you okay right now,ambiguous,greeting,train
are you doing okay,ambiguous,greeting,train
how's it going right now,ambiguous,greeting,train
ahoy hoy,ambiguous,greeting,train
hey there!,ambiguous,greeting,train
how is everything with you,ambiguous,greeting,train
hey hey!,ambiguous,greeting,train
how have you been doing,ambiguous,greeting,train
it's nice to see you,ambiguous,greeting,train
hello there!,ambiguous,greeting,train
how is it going,ambiguous,greeting,train
how are things with you,ambiguous,greeting,train
hiya!,ambiguous,greeting,train
what's up,ambiguous,greeting,train
how're you doing,ambiguous,greeting,train
it's good to see you,ambiguous,greeting,train
is everything going okay,ambiguous,greeting,train
how is everything going,ambiguous,greeting,train
how goes it,ambiguous,greeting,train
"hello, ai",ambiguous,greeting,train
"hey, ai",ambiguous,greeting,train
"wake up, ai",ambiguous,greeting,train
good day,ambiguous,greeting,train
greetings to you,ambiguous,greeting,train
"hello, friend",ambiguous,greeting,train
whats up with you,ambiguous,greeting,train
hey there fellow,ambiguous,greeting,train
whats up,ambiguous,greeting,train
"yo, hows it going",ambiguous,greeting,train
how are things for you,ambiguous,greeting,train
are things going well for you,ambiguous,greeting,train
hello siri,ambiguous,greeting,train
hi there alexa,ambiguous,greeting,train
"how are you doing, ai",ambiguous,greeting,train
ai how are you doing today,ambiguous,greeting,train
"how are you doing today, ai",ambiguous,greeting,train
how is my ai doing,ambiguous,greeting,train
ai how are you doing on this fine day,ambiguous,greeting,train
heller,ambiguous,greeting,train
so how is everything,ambiguous,greeting,train
how are you this day,ambiguous,greeting,train
hi how are you,ambiguous,greeting,train
how is everything going for you,ambiguous,greeting,train
hi how is everything,ambiguous,greeting,train
well hello,ambiguous,greeting,train
just wanted to say hi,ambiguous,greeting,train
how is your day,ambiguous,greeting,train
why hello,ambiguous,greeting,train
are you well,ambiguous,greeting,train
hola,ambiguous,greeting,train
good to see you,ambiguous,greeting,train
how've you been feeling,ambiguous,greeting,train
how are things,ambiguous,greeting,train
are you doing well,ambiguous,greeting,train
good evening,ambiguous,greeting,train
yo,ambiguous,greeting,train
"ai, how are you feeling",ambiguous,greeting,train
how is the ai doing,ambiguous,greeting,train
"ai, how are you doing",ambiguous,greeting,train
hi ai,ambiguous,greeting,train
have you been good,ambiguous,greeting,train
is everything ok with you,ambiguous,greeting,train
how have you been,ambiguous,greeting,train
are you doing ok,ambiguous,greeting,train
how are you,ambiguous,greeting,train
how's life,ambiguous,greeting,train
what's up with you,ambiguous,greeting,train
what's going on,ambiguous,greeting,train
how's it going with you,ambiguous,greeting,train
how's ife treating you,ambiguous,greeting,train
hello how's it going,ambiguous,greeting,train
how are you today,ambiguous,greeting,train
can you tell me how you're doing today,ambiguous,greeting,train
how are you this fine day,ambiguous,greeting,train
how are things treating you,ambiguous,greeting,train
aloha,ambiguous,greeting,train
are you feeling okay,ambiguous,greeting,train
how do you feel,ambiguous,greeting,train
bonjour,ambiguous,greeting,train
how are things going for you,ambiguous,greeting,train
what do you feel like doing,ambiguous,greeting,train
"hello, what's up",ambiguous,greeting,train
hey how's life,ambiguous,greeting,train
hi there,ambiguous,greeting,train
hey how's it hanging,ambiguous,greeting,train
tell me how you've been,ambiguous,greeting,train
how is life treating you,ambiguous,greeting,train
"hi there, how are things",ambiguous,greeting,train
"hello, how are you",ambiguous,greeting,train
"hey, how's it going",ambiguous,greeting,train
"hello, are you doing alright",ambiguous,greeting,train
hi! are you doing okay,ambiguous,greeting,train
what's happening,ambiguous,greeting,train
hey what's up,ambiguous,greeting,train
"why, hello bandit",ambiguous,greeting,train
"howdy, what's new",ambiguous,greeting,train
salutations!,ambiguous,greeting,train
what's your full name,faq,what_is_your_name,train
i didn't get your name,faq,what_is_your_name,train
what's should i call you by,faq,what_is_your_name,train
can you tell me the ai's name,faq,what_is_your_name,train
what is the ai's name,faq,what_is_your_name,train
does the ai have a name,faq,what_is_your_name,train
i'd like to know what to call you,faq,what_is_your_name,train
what name do you prefer,faq,what_is_your_name,train
do you have a preference regarding what i should call you,faq,what_is_your_name,train
do you have a name i can use,faq,what_is_your_name,train
what are you called,faq,what_is_your_name,train
give me your name,faq,what_is_your_name,train
what do people call you,faq,what_is_your_name,train
what is your full name,faq,what_is_your_name,train
tell me your full name,faq,what_is_your_name,train
should i call you something in particular,faq,what_is_your_name,train
what should i refer to you as,faq,what_is_your_name,train
what name would you like me to call you,faq,what_is_your_name,train
what name do you want me to call you,faq,what_is_your_name,train
do you have a name that i can call you,faq,what_is_your_name,train
what name should i use when talking with you,faq,what_is_your_name,train
is there a particular name i should call you,faq,what_is_your_name,train
is there a name that you preferred to be called by,faq,what_is_your_name,train
please tell me the name i should use when talking to you,faq,what_is_your_name,train
can i have your name please,faq,what_is_your_name,train
can you me what they call you,faq,what_is_your_name,train
and what would your name be,faq,what_is_your_name,train
what name should i use for you,faq,what_is_your_name,train
what would your name be,faq,what_is_your_name,train
what do you want me to call you,faq,what_is_your_name,train
what would you like to be called,faq,what_is_your_name,train
what do you want me to refer to you as,faq,what_is_your_name,train
what name would you like me to use,faq,what_is_your_name,train
what name should i call you,faq,what_is_your_name,train
do you have a name,faq,what_is_your_name,train
please tell me your name,faq,what_is_your_name,train
how should i refer to you,faq,what_is_your_name,train
whats your name,faq,what_is_your_name,train
how would you like me to refer to you,faq,what_is_your_name,train
what name should i use to call for you,faq,what_is_your_name,train
what is the name i should use to refer to you,faq,what_is_your_name,train
do you know your name,faq,what_is_your_name,train
who gave you your name,faq,what_is_your_name,train
what name was given to you,faq,what_is_your_name,train
what can i address you,faq,what_is_your_name,train
what name do you like to go by,faq,what_is_your_name,train
i want to know the name that was given by the person who made you,faq,what_is_your_name,train
do people call you by a certain name what is it,faq,what_is_your_name,train
what do you prefer being called,faq,what_is_your_name,train
what do you prefer to be called,faq,what_is_your_name,train
what did your friends call you,faq,what_is_your_name,train
do you go by any nicknames,faq,what_is_your_name,train
what is you name,faq,what_is_your_name,train
what's your first name,faq,what_is_your_name,train
what do you like being called,faq,what_is_your_name,train
how would you like me to call you,faq,what_is_your_name,train
who are you known as,faq,what_is_your_name,train
how can i get your attention,faq,what_is_your_name,train
what do you answer to,faq,what_is_your_name,train
do you have a way you like to be referred to,faq,what_is_your_name,train
can you tell me your name,faq,what_is_your_name,train
how do i activate you,faq,what_is_your_name,train
what name do you answer to,faq,what_is_your_name,train
what can i refer to you by,faq,what_is_your_name,train
what do they call you,faq,what_is_your_name,train
how are you named,faq,what_is_your_name,train
what's your designation,faq,what_is_your_name,train
can i call you by any name,faq,what_is_your_name,train
i want your name,faq,what_is_your_name,train
i need to know your name,faq,what_is_your_name,train
i need your name,faq,what_is_your_name,train
i wanna know your name,faq,what_is_your_name,train
i'd like your name,faq,what_is_your_name,train
tell me your name,faq,what_is_your_name,train
you must tell me your name,faq,what_is_your_name,train
what name do you want to be called,faq,what_is_your_name,train
"when referring to you, what name do you want me to use",faq,what_is_your_name,train
would you tell me your name,faq,what_is_your_name,train
provide the name i should use to refer to you,faq,what_is_your_name,train
i would like to know your name,faq,what_is_your_name,train
"hello, may i get your name",faq,what_is_your_name,train
i am needing to know your name,faq,what_is_your_name,train
tell me what name to use to refer to you,faq,what_is_your_name,train
state your name,faq,what_is_your_name,train
"when referring to you, what name should i use",faq,what_is_your_name,train
i want to know your name,faq,what_is_your_name,train
"ai, do you like your name",faq,what_is_your_name,train
"ai, what can i call you",faq,what_is_your_name,train
"ai, what's your name",faq,what_is_your_name,train
"ai, what do people call you",faq,what_is_your_name,train
"ai, what should i call you",faq,what_is_your_name,train
please introduce yourself,faq,what_is_your_name,train
could you tell me your name,faq,what_is_your_name,train
would you like to introduce yourself,faq,what_is_your_name,train
tell me about yourself,faq,what_is_your_name,train
what name should i use to address you,faq,what_is_your_name,train
what name should i refer to you as,faq,what_is_your_name,train
how would you like to be referred to,faq,what_is_your_name,train
what name should i use when i call you,faq,what_is_your_name,train
do you have a name i should call you by,faq,what_is_your_name,train
what's the cheapest fares from lax to sfo for round trip flights leaving april 1st and returning april 7th,lead_intent,book_flight,train
"for the dates april 1st to the 7th, find me round trip air tickets from la to sfo",lead_intent,book_flight,train
what southwest flights are there for lax to sfo arriving april 1st and returning april 7th,lead_intent,book_flight,train
what airlines have flights round trip on april 1st to april 7th from lax to sfo,lead_intent,book_flight,train
find me round trip flights out of lax to sfox,lead_intent,book_flight,train
find me a flight from tijuana to guadalajara on volaris,lead_intent,book_flight,train
i need a flight to be booked from san diego to boston through frontier,lead_intent,book_flight,train
i want a flight booked from new york to san francisco with continental,lead_intent,book_flight,train
get me a flight booked from houston to phoenix with american airlines,lead_intent,book_flight,train
i want to fly southwest from dallas to phoenix,lead_intent,book_flight,train
book a flight from chicago to dc on monday and returning on wednesday,lead_intent,book_flight,train
i need to get a flight out of lax to dia on the 16th for under four hundred,lead_intent,book_flight,train
book a flight from sacremento to tampa two weeks from now and returning a month after,lead_intent,book_flight,train
i'm looking for a roundtrip flight from afw to dgb for tomorrow until next week,lead_intent,book_flight,train
"i'm looking for a roundtrip flight from oma to sps august 1st, 2019 to august 2nd, 2019",lead_intent,book_flight,train
i need to get a flight out of tampa to chicago in a month for under $123,lead_intent,book_flight,train
book a flight from denver to austin on the 16th and returning on the 20th,lead_intent,book_flight,train
book a flight from bangor to las vegas on may 1st and returning july 4th,lead_intent,book_flight,train
book a flight from seattle to dallas-fort worth on april the 1st and returning on april 5th,lead_intent,book_flight,train
i need to get a flight out of seattle to dulles next week for under $500,lead_intent,book_flight,train
i'm looking for a roundtrip flight from koa to mgj for june to july,lead_intent,book_flight,train
i need to get a flight out of denver to houston on friday for under $250,lead_intent,book_flight,train
"i need to get a flight out of my local airport to england on monday, the 23rd for under a grand",lead_intent,book_flight,train
i'm looking for a roundtrip flight from aaf to dia for february 23rd to february 28th,lead_intent,book_flight,train
i'm looking for a roundtrip flight from fwa to hsv for march first to march fifth,lead_intent,book_flight,train
compare fares for al italia from bucharest to tampa returning before thanksgiving,lead_intent,book_flight,train
cheapest fare for flight from tehran to new york on august 1 with return on august 20,lead_intent,book_flight,train
compare prices for flights from recife to miami leaving may 20 returning june 5,lead_intent,book_flight,train
i need you to book me a flight from chicago to montpelier via united,lead_intent,book_flight,train
i need a roundtrip flight for 5/2 to 5/8 from nyc to los angeles,lead_intent,book_flight,train
can you find me a roundtrip flight from orlando to austin for 3/28 to 4/5,lead_intent,book_flight,train
use delta to book me a flight from dallas to pittsburgh,lead_intent,book_flight,train
help me find a roundtrip flight for may 7th through the 20th from pittsburgh to chicago,lead_intent,book_flight,train
could you make a flight reservation with air emirates from orlando to london,lead_intent,book_flight,train
"can you find me a flight from portland, oregon to portland, maine for under $500 on delta",lead_intent,book_flight,train
fly me from pit to pdx on delta for under $300,lead_intent,book_flight,train
book a flight from la to madrid with southwest,lead_intent,book_flight,train
i'd like a flight from laguardia to orlando on southwest for under $400,lead_intent,book_flight,train
"i'm going to boston from bangor on july 25th through the 29th, and need you to find me a roundtrip flight",lead_intent,book_flight,train
i need to get from jfk to dallas with united for under $500,lead_intent,book_flight,train
i need a flight from nyc to paris with delta,lead_intent,book_flight,train
could you get me a delta flight from sioux falls to philadelphia for under $400,lead_intent,book_flight,train
i want to find a roundtrip flight from philadelphia to sioux falls from august 3rd through august 25th,lead_intent,book_flight,train
reserve me a flight from ft lauderdale to houston on southwest,lead_intent,book_flight,train
find me a roundtrip flight from dallas to los angeles from march 2 to march 10,lead_intent,book_flight,train
"buy tickets for a flight from nyc to la on march 1, returning on march 5",lead_intent,book_flight,train
book me a flight out of la to chicago on march 3rd for under $500,lead_intent,book_flight,train
"book flights for me from nyc to la on march 1, returning on march 5",lead_intent,book_flight,train
look for a flight out of la to chicago on march 3rd for under $500,lead_intent,book_flight,train
find me a flight from ft lauderdale to houston on southwest,lead_intent,book_flight,train
i need to book a roundtrip flight from dallas to los angeles from march 2 to march 10,lead_intent,book_flight,train
get me a flight from ft lauderale to houston on southwest,lead_intent,book_flight,train
are there any flights out of la to chicago on march 3rd for under $500,lead_intent,book_flight,train
"search for a flight from nyc to la on march 1, returning on march 5",lead_intent,book_flight,train
list roundtrip flights available from dallas to los angeles from march 2 to march 10,lead_intent,book_flight,train
confirm a flight for me from ft lauderdale to houston on southwest,lead_intent,book_flight,train
search for a flight out of la to chicago on march 3rd for under $500,lead_intent,book_flight,train
"buy a flight for me from nyc to la on march 1, returning on march 5",lead_intent,book_flight,train
can you show me roundtrip flights from dallas to los angeles from march 2 to march 10,lead_intent,book_flight,train
i need you to book me a flight from ft lauderdale to houston on southwest,lead_intent,book_flight,train
"find me a flight from nyc to la on march 1, returning on march 5",lead_intent,book_flight,train
find me a flight out of la to chicago on march 3rd for under $500,lead_intent,book_flight,train
what are some roundtrip flights from dallas to los angeles from march 2 to march 10,lead_intent,book_flight,train
i want to buy a plane ticket to travel from miami to honolulu on the 29th of february i need a return flight on march 5th,lead_intent,book_flight,train
i need to take a flight from florida to alabama on january 25th and i need to get back by the 30th,lead_intent,book_flight,train
i want to book a flight reservation from texas to new york on may 9th and i want to come back on the 15th,lead_intent,book_flight,train
i want to book a flight from hawaii to new york on july 8th and returning on july 10th,lead_intent,book_flight,train
i need to book a flight from texas to new york on may 25th and returning on the 28th,lead_intent,book_flight,train
"buy a flight from santa fe to jacksonville on new year's eve that returns on the fourth, please",lead_intent,book_flight,train
purchase a flight from slc to columbus on tuesday that returns on friday,lead_intent,book_flight,train
"purchase a flight from fiji to san diego on november 1 that returns on december 1, please",lead_intent,book_flight,train
purchase a flight from boise to sacramento on sunday and returning on wednesday,lead_intent,book_flight,train
buy a flight from phoenix to el paso on august 30 that returns on labor day,lead_intent,book_flight,train
book delta ticket madison to atlanta,lead_intent,book_flight,train
make delta reservation from madison to atlanta,lead_intent,book_flight,train
madison to atlanta delta ticket,lead_intent,book_flight,train
buy delta ticket madison to atlanta,lead_intent,book_flight,train
schedule flight from madison to atlanta on delta,lead_intent,book_flight,train
"book a flight from pensacola, fl to houston, tx on 17 february 2019 and returning on 7 march 2019",lead_intent,book_flight,train
"book a flight from jacksonville, fl to atlanta, ga on 14 february 2019 and returning on 1 march 2019",lead_intent,book_flight,train
"book a flight from key west, fl to san antonio, tx on 18 february 2019 and returning on 5 march 2019",lead_intent,book_flight,train
"book a flight from tampa, fl to baltimore, md on 11 february 2019 and returning on 19 march 2019",lead_intent,book_flight,train
"book a flight from miami, fl to columbus, ga on 16 february 2019 and returning on 2 march 2019",lead_intent,book_flight,train
show me roundtrip flights from dallas to houston for march 7 and march 10,lead_intent,book_flight,train
i am needing you to look up roundtrip flights form houston to miami for april 12 and april 15,lead_intent,book_flight,train
could you check and let me know roundtrip flights from dallas to houston for march 7 and march 20,lead_intent,book_flight,train
i need you to get me a flight booked from houston to miami on united airlines,lead_intent,book_flight,train
i am needing to get a flight out of el paso to dallas on march 10 for under $300,lead_intent,book_flight,train
would you give me available flights out of dallas to miami on june 8 for under $340,lead_intent,book_flight,train
would you let me know what flights are available out of dallas to el paso on march 20 for under $400,lead_intent,book_flight,train
let me know what flights there are out of dallas to miami on march 10 for under $450,lead_intent,book_flight,train
would you book me a flight to miami from dallas on southwest airlines,lead_intent,book_flight,train
i need a flight booked from dallas to miami on american airlines,lead_intent,book_flight,train
i am wanting you to book me a flight from houston to miami on united airlines,lead_intent,book_flight,train
would you look up roundtrip flights from dallas to houston for march 7 and march 10,lead_intent,book_flight,train
i would like to know what flights are available out of el paso to dallas on june 10 for under $300,lead_intent,book_flight,train
please get me a flight booked from miami to dallas on american airlines,lead_intent,book_flight,train
get me roundtrip flight information for flights from dallas to houston for june 8 and june 17,lead_intent,book_flight,train
get me a flight for tuesday on spiritcom to las vegas from chicago,lead_intent,book_flight,train
book me a flight from o'hare to las vegas on deltacom,lead_intent,book_flight,train
add my dentist appointment to the calendar,lead_intent,calendar_update,train
add a vet appointment for 5 pm on saturday,lead_intent,calendar_update,train
i need to edit this event out of my calendar,lead_intent,calendar_update,train
please remove an event from this calendar,lead_intent,calendar_update,train
i no longer want this event in my calendar,lead_intent,calendar_update,train
delete that event from calendar,lead_intent,calendar_update,train
make sure to add to my calendar the staff meeting for march 1 at 10 am,lead_intent,calendar_update,train
add staff meeting to my calendar for march 1 at 10:00 in the morning,lead_intent,calendar_update,train
i want you to add staff meeting to my calendar for march 1 at 10:00 am,lead_intent,calendar_update,train
"please add to my calendar for the staff meeting that is scheduled on march 1, 2019 at 10 am",lead_intent,calendar_update,train
the staff meeting on march 1 at 10:00 am needs to be added to my calendar,lead_intent,calendar_update,train
leave the date of june 4 open on my calendar,lead_intent,calendar_update,train
i need anniversary dinner added to my schedule for march 7,lead_intent,calendar_update,train
can you change the date of the doctor's appointment event in my calendar from april 1 to april 3rd,lead_intent,calendar_update,train
i need a clear calendar for april 15,lead_intent,calendar_update,train
please add final exams to my calendar for may 2,lead_intent,calendar_update,train
add mom's birthday to my calendar on april 12,lead_intent,calendar_update,train
please take final exams off my calendar for may 3,lead_intent,calendar_update,train
add dentist appointment to my calendar for march 1,lead_intent,calendar_update,train
remove the may 11 event called baby shower from my calendar,lead_intent,calendar_update,train
clear my entire schedule for april 1,lead_intent,calendar_update,train
take the event called surprise party off my calendar for june 2,lead_intent,calendar_update,train
i want you to cancel the event called 'bachelorette party' on april 15,lead_intent,calendar_update,train
please schedule an event called 'nadine's baby shower' on my calendar,lead_intent,calendar_update,train
remove the june 12 event called sasha's wedding from my calendar,lead_intent,calendar_update,train
clear my calendar for the date of june 23,lead_intent,calendar_update,train
please put annie's baby shower on march 30 in my calendar,lead_intent,calendar_update,train
make sure my calendar is clear for june 1,lead_intent,calendar_update,train
remove anniversary dinner from my calendar on april 5,lead_intent,calendar_update,train
please clear entries on my calendar for the 1st,lead_intent,calendar_update,train
please add an item to my calendar that i need to clean the kitchen on thursday,lead_intent,calendar_update,train
"i want the events on my calendar for march 20th, 2019 to be cleared",lead_intent,calendar_update,train
remove celebrate anniversary from my calendar,lead_intent,calendar_update,train
erase any event on my calendar that's set for wednesday of next week,lead_intent,calendar_update,train
i want to add a doctor's visit to the calendar for friday,lead_intent,calendar_update,train
clear my calendar for this friday,lead_intent,calendar_update,train
delete all events on my calendar that have the word girlfriend in them,lead_intent,calendar_update,train
go ahead and delete the doctor appointment i have scheduled for monday,lead_intent,calendar_update,train
add my birthday to my calendar for next month on the 5th,lead_intent,calendar_update,train
delete my golf tournament event from tomrrow,lead_intent,calendar_update,train
put my parents anniversary on the calendar for next week on tuesday,lead_intent,calendar_update,train
clear my calendar for tomorrow,lead_intent,calendar_update,train
remove the recurring training meeting events off my calendar,lead_intent,calendar_update,train
put a reminder on the calendar to buy a gun on march 1st,lead_intent,calendar_update,train
i need to add farm trip to my calendar for friday,lead_intent,calendar_update,train
i want to add farm trip to my calendar for friday,lead_intent,calendar_update,train
i must add farm trip to my calendar for friday,lead_intent,calendar_update,train
i got to remove fishing from my calendar for soccer,lead_intent,calendar_update,train
please remove fishing from my calendar for soccer,lead_intent,calendar_update,train
i need to remove fishing from my calendar for soccer,lead_intent,calendar_update,train
i wanna remove fishing from my calendar for soccer,lead_intent,calendar_update,train
i shall remove fishing from my calendar for soccer,lead_intent,calendar_update,train
add farm trip to my calendar for friday,lead_intent,calendar_update,train
i have to add farm trip to my calendar for friday,lead_intent,calendar_update,train
i need to add my doctor's appointment to my calendar for the first,lead_intent,calendar_update,train
i need to delete my doctor's appointment scheduled for march 15th from my calendar,lead_intent,calendar_update,train
i would like to have march 5th's 5k added to my calendar,lead_intent,calendar_update,train
add my spa appointment on the 12th to my calendar,lead_intent,calendar_update,train
can you add remember to register for the race on my calendar for the 15th of march,lead_intent,calendar_update,train
please add lunch and catch up with lisa on friday to my calendar,lead_intent,calendar_update,train
please scratch my march 1st meeting off my calendar,lead_intent,calendar_update,train
march 3rd needs to be cleared on my calendar,lead_intent,calendar_update,train
make sure april 1 is clear on my calendar,lead_intent,calendar_update,train
keep april 2nd wide open on my calendar please,lead_intent,calendar_update,train
get rid of everything on my calendar for march 2nd,lead_intent,calendar_update,train
take my lunch plans off the calendar for march 13th,lead_intent,calendar_update,train
take my dinner plans off my calendar for tomorrow,lead_intent,calendar_update,train
remove dinner with suzie from my calendar on march 1st,lead_intent,calendar_update,train
can you get rid of my trip to the zoo from my calendar on march 1st,lead_intent,calendar_update,train
remove my date with liz from my calendar on april 1st,lead_intent,calendar_update,train
clear my calendar on march 1st,lead_intent,calendar_update,train
write down appointment for tomorrow on my calendar,lead_intent,calendar_update,train
put appointment on my calendar for tomorrow,lead_intent,calendar_update,train
i need to put my appointment for tomorrow on my calendar,lead_intent,calendar_update,train
make not of my appointment for tomorrow on my calendar,lead_intent,calendar_update,train
remember to put down that i have an appointment for tomorrow on my calendar,lead_intent,calendar_update,train
add my doctor appointment on march 25th at 3:00 to my calendar,lead_intent,calendar_update,train
delete the hair appointment i had scheduled on may 1st pleae,lead_intent,calendar_update,train
lunch with deb at noon today,lead_intent,calendar_update,train
add jake's birthday party for friday at 5,lead_intent,calendar_update,train
remove the birthday party this friday from my schedule,lead_intent,calendar_update,train
remove from calendar jesse's bbq on june 9th,lead_intent,calendar_update,train
take lunch off my calendar on the 3rd,lead_intent,calendar_update,train
get rid of tuesday the 5ths dinner,lead_intent,calendar_update,train
remove jake's birthday on march 22,lead_intent,calendar_update,train
take pat's appointment off my calendar,lead_intent,calendar_update,train
take lunch with steven off of my calendar,lead_intent,calendar_update,train
i no longer need to go to the zoo on the 8th of this month,lead_intent,calendar_update,train
undo the last event on my calendar,lead_intent,calendar_update,train
"for the calendar, on february 8 add moms birthday",lead_intent,calendar_update,train
schedule family dinner on my calendar on march 8,lead_intent,calendar_update,train
"put ""get tires checked"" on my calendar",lead_intent,calendar_update,train
please put taco night on the house calendar date of january 6,lead_intent,calendar_update,train
remove meeting with carla from the calendar,lead_intent,calendar_update,train
add meeting with carla to my schedule for july 4,lead_intent,calendar_update,train
i need trip to the zoo on the calendar for june 4,lead_intent,calendar_update,train
delete lunch with steve on friday please,lead_intent,calendar_update,train
remove moms birthday from calendar,lead_intent,calendar_update,train
i need to delete an event from my calendar,lead_intent,calendar_update,train
i need to remove an event from my calendar,lead_intent,calendar_update,train
how long til my visa card expires,escalate,expiration_date,train
on what date does my visa card expires,escalate,expiration_date,train
on what month and year does my card expire,escalate,expiration_date,train
how soon does my visa card expire,escalate,expiration_date,train
how much time do i have before my credit card expires,escalate,expiration_date,train
how many more days before my credit card expires,escalate,expiration_date,train
can you tell me if my credit card expires in the near future,escalate,expiration_date,train
what is the validity of my credit card,escalate,expiration_date,train
tell me the expiry date of my credit card,escalate,expiration_date,train
does my credit card expire soon,escalate,expiration_date,train
when my credit card is going to expire,escalate,expiration_date,train
what is the expiry date of my credit card,escalate,expiration_date,train
in what month will my card reach expiration,escalate,expiration_date,train
which month is the one in which my card expires,escalate,expiration_date,train
how much longer until my credit card expires,escalate,expiration_date,train
can you tell me what date my credit card expires,escalate,expiration_date,train
please find the expiration month listed on my card,escalate,expiration_date,train
can you please tell me my card's expiration month,escalate,expiration_date,train
is my credit card expiration date approaching,escalate,expiration_date,train
will you please confirm the month that my card expires,escalate,expiration_date,train
what's the expiration date on my credit card,escalate,expiration_date,train
when is my credit due to expire,escalate,expiration_date,train
what's the expiry month of my card,escalate,expiration_date,train
tell me the month my card expires,escalate,expiration_date,train
tell me the expiry month of my card,escalate,expiration_date,train
i want to know the expiry month of my card,escalate,expiration_date,train
is my credit card expiring soon,escalate,expiration_date,train
how long is the validity of my credit card,escalate,expiration_date,train
please let me know when i need to renew my credit card,escalate,expiration_date,train
how long is it until my credit card expires,escalate,expiration_date,train
how long until i my card expires,escalate,expiration_date,train
whats the expiration date on my credit card,escalate,expiration_date,train
when does my card expire,escalate,expiration_date,train
when will my american express credit card expire,escalate,expiration_date,train
what is the expiration date of my wells fargo card,escalate,expiration_date,train
please tell me the month and year of expiration for my discover card,escalate,expiration_date,train
when does my capital one visa expire,escalate,expiration_date,train
can you tell me the expiration date for my mastercard,escalate,expiration_date,train
what is the expiration date of my current card,escalate,expiration_date,train
do i need a new card yet,escalate,expiration_date,train
when do i have to renew my card so it doesn't expire,escalate,expiration_date,train
is my card set to expire soon,escalate,expiration_date,train
how long is it going to be until my card expires,escalate,expiration_date,train
what's the exact date that my chase card will no longer work,escalate,expiration_date,train
what's the month that my card expires,escalate,expiration_date,train
my card expires in what month,escalate,expiration_date,train
tell me the month that my credit card will expire,escalate,expiration_date,train
my credit card is set to expire in what month,escalate,expiration_date,train
my chase card expires on what date,escalate,expiration_date,train
my discover card expires on what date,escalate,expiration_date,train
when does my discover card expire,escalate,expiration_date,train
my american express card expires on what date,escalate,expiration_date,train
how many days until my amex card reaches it expiration date,escalate,expiration_date,train
what date does my capital one card expire,escalate,expiration_date,train
when is the expiration date for my discover card,escalate,expiration_date,train
can you check the expiration date for my amex card,escalate,expiration_date,train
can i have the expiration date for my capital one card,escalate,expiration_date,train
during which month will my card expire,escalate,expiration_date,train
tell me the month that my card will expire in,escalate,expiration_date,train
help me figure out when exactly my credit card will be expiring,escalate,expiration_date,train
could you look up the date that my credit card is set to expire,escalate,expiration_date,train
look up the expiration date for my barclay's card,escalate,expiration_date,train
when will my american express card expire,escalate,expiration_date,train
can you find out for me when my credit card will be expiring,escalate,expiration_date,train
i need to know when my card is set to expire please,escalate,expiration_date,train
during what month will my card's expiration date fall on,escalate,expiration_date,train
what is the month that my card is set to expire in,escalate,expiration_date,train
i need to know when my mastercard will expire,escalate,expiration_date,train
i need to know the date of expiration for my credit card,escalate,expiration_date,train
do you know the expiration date for my visa card,escalate,expiration_date,train
please find out the expiration date for my credit card,escalate,expiration_date,train
tell me the expiration date for my current credit card,escalate,expiration_date,train
how long before my amex card expires,escalate,expiration_date,train
do you know the expiration date on my credit card,escalate,expiration_date,train
what is the month of my card's expiration date,escalate,expiration_date,train
where can i find my credit card's expiration date,escalate,expiration_date,train
please look up my card's expiration date,escalate,expiration_date,train
how long will it be until my visa card expires,escalate,expiration_date,train
what month and year will my visa card expire,escalate,expiration_date,train
when is the date my visa card will expire,escalate,expiration_date,train
when is the expiration date for my visa card,escalate,expiration_date,train
what is the expiration date on my visa card,escalate,expiration_date,train
what is the expiration date on my credit card,escalate,expiration_date,train
when is my card going to expire,escalate,expiration_date,train
when is my credit card going to expire,escalate,expiration_date,train
what's the last date i can use my credit card,escalate,expiration_date,train
what is the expiration date on my card,escalate,expiration_date,train
when will my discovery card expire,escalate,expiration_date,train
when does my amex expire,escalate,expiration_date,train
can you check when my visa card expires,escalate,expiration_date,train
tell me when my visa card will have expired,escalate,expiration_date,train
when will my amex card reach its expiration,escalate,expiration_date,train
when's my visa card expiring,escalate,expiration_date,train
what date will my hy-vee card need to be renewed,escalate,expiration_date,train
how long until my mastercard expires,escalate,expiration_date,train
how long do i've got until my discovery card expires,escalate,expiration_date,train
when should i expect my visa to expire,escalate,expiration_date,train
how long until my visa expires,escalate,expiration_date,train
find out for me when my mastercard expires,escalate,expiration_date,train
when will my visa next expire,escalate,expiration_date,train
remove my reservation at outback for timmy,escalate,cancel_reservation,train
can you cancel the reservation for kyle's party at red lobster,escalate,cancel_reservation,train
cancel my party reservation for brad at longhorn,escalate,cancel_reservation,train
get rid of my reservation at chez francois for jennifer,escalate,cancel_reservation,train
cancel the reservation at olive garden for tommy,escalate,cancel_reservation,train
you can cancel my reservation,escalate,cancel_reservation,train
my reservation is no longer needed,escalate,cancel_reservation,train
tell the restaurant i cannot make it,escalate,cancel_reservation,train
there is no need to confirm my reservation,escalate,cancel_reservation,train
would you please cancel the reservations for dinner,escalate,cancel_reservation,train
"hello, i need to cancel tonight's reservation for dinner",escalate,cancel_reservation,train
i need to put in a cancellation for the dinner plans tonight,escalate,cancel_reservation,train
"cancel the dinner reservation i made, okay",escalate,cancel_reservation,train
i need to cancel my dinner reservation,escalate,cancel_reservation,train
please cancel my reservation for dinner,escalate,cancel_reservation,train
cancel my reservation for dinner,escalate,cancel_reservation,train
my reservation for dinner needs to be canceled,escalate,cancel_reservation,train
call the restaurant and cancel my reservation,escalate,cancel_reservation,train
get rid of my 2 pm reservation at ruth's steakhouse,escalate,cancel_reservation,train
can you cancelt the reservation i have for dinner,escalate,cancel_reservation,train
please cancel my dinner reservation for tuesday,escalate,cancel_reservation,train
can you cancel my reservation for dinner tomorrow,escalate,cancel_reservation,train
cancel my reservation for 6 pm at sidetracks,escalate,cancel_reservation,train
get rid of my 4 pm reservation at the steakhouse please,escalate,cancel_reservation,train
can you cancel the reservation i have at 4 pm at ruth's,escalate,cancel_reservation,train
cancel the reservation i made for 8 pm at black rock,escalate,cancel_reservation,train
cancel my dinner reservation please,escalate,cancel_reservation,train
please cancel the table i had reserved for tonight,escalate,cancel_reservation,train
"i made a reservation for chris at tony's, please cancel it",escalate,cancel_reservation,train
cancel tonight's dinner reservation,escalate,cancel_reservation,train
"i don't need my reservation, can you cancel it",escalate,cancel_reservation,train
can you cancel my dinner reservation,escalate,cancel_reservation,train
please cancel my reservation for chris at brio,escalate,cancel_reservation,train
please cancel my dinner reservation,escalate,cancel_reservation,train
can you cancel my reservation tonight for chris at smith and wollensky,escalate,cancel_reservation,train
"i don't need my reservation, cancel it",escalate,cancel_reservation,train
can you cancel my reservation on tuesday for chris at stella maris,escalate,cancel_reservation,train
cancel my reservation for chris at jp field's,escalate,cancel_reservation,train
please cancel my reservation,escalate,cancel_reservation,train
"cancel my reservation for dinner, please",escalate,cancel_reservation,train
tell the restaurant to cancel my reservation,escalate,cancel_reservation,train
abandon the dinner reservation i made,escalate,cancel_reservation,train
scrap that dinner reservation,escalate,cancel_reservation,train
call off the dinner reservation,escalate,cancel_reservation,train
cancel my reservation for me,escalate,cancel_reservation,train
get rid of my dinner reservation,escalate,cancel_reservation,train
the reservation i placed is not needed anymore,escalate,cancel_reservation,train
annul the reservation i created,escalate,cancel_reservation,train
the reservation i created is not necessary anymore,escalate,cancel_reservation,train
the reservation i made is not required anymore,escalate,cancel_reservation,train
repeal the dinner reservation,escalate,cancel_reservation,train
can i cancel my reservations,escalate,cancel_reservation,train
i would like to cancel my reservations,escalate,cancel_reservation,train
could i cancel my reservations,escalate,cancel_reservation,train
can i cancel my reservations please,escalate,cancel_reservation,train
i need to cancel my reservations,escalate,cancel_reservation,train
can you cancel my 5:30 pm table reservation at parc,escalate,cancel_reservation,train
i need you to cancel my reservation for smith's at 6:15,escalate,cancel_reservation,train
cancel my 8:00 pm prime rib reservation,escalate,cancel_reservation,train
go ahead and cancel the reservation i made for 6:00 pm at parc,escalate,cancel_reservation,train
please cancel my 7:30 reservation for morton's,escalate,cancel_reservation,train
is it possible to cancel the reservation at outback for the johnsons,escalate,cancel_reservation,train
i made a reservation under mark hamil at the emporium that i don't need any more,escalate,cancel_reservation,train
i no longer need a table for four at chili's,escalate,cancel_reservation,train
we have a table at the taco bell under bowie we need to release,escalate,cancel_reservation,train
i have a reservation at pizza hut under the name leia roberts and i want to cancel it,escalate,cancel_reservation,train
can you undo the reservation,escalate,cancel_reservation,train
i'd like to cancel the party of 7 we reserved at the olive garden,escalate,cancel_reservation,train
i want to cancel the reservation for mercury at the ritz,escalate,cancel_reservation,train
just trash the reservation i made please,escalate,cancel_reservation,train
please cancel the table for two at burger king,escalate,cancel_reservation,train
please delete the reservation for 3 people at outback,escalate,cancel_reservation,train
go ahead and close the reservation,escalate,cancel_reservation,train
please unreserve that table,escalate,cancel_reservation,train
i no longer need the reservation for 20 at ihop,escalate,cancel_reservation,train
im not going to dinner tonight,escalate,cancel_reservation,train
im not gonna need the dinner reservation,escalate,cancel_reservation,train
remove my dinner reservation,escalate,cancel_reservation,train
i no longer need the dinner reservation,escalate,cancel_reservation,train
can i cancel my reservation for 4 at red robin,escalate,cancel_reservation,train
cancel my reservation for 4 at red robin,escalate,cancel_reservation,train
i want to cancel my reservation for 5 at red robin,escalate,cancel_reservation,train
could you please cancel my reservation for 5 at red robin,escalate,cancel_reservation,train
cancel my reservation for 3 at carlos jr,escalate,cancel_reservation,train
change my reservation with carl at umami to canceled,escalate,cancel_reservation,train
i no longer need my reservation with carl at umami,escalate,cancel_reservation,train
cancel my reservation with carl at umami,escalate,cancel_reservation,train
make sure my reservation at umami with carl is canceled,escalate,cancel_reservation,train
end my reservation with carl at umami,escalate,cancel_reservation,train
because of circumstances i don't need my reservation anymore,escalate,cancel_reservation,train
i won't require my reservation anymore,escalate,cancel_reservation,train
i'll have to cancel my reservation for tonight,escalate,cancel_reservation,train
something's come up so i need to cancel my reservation so now,escalate,cancel_reservation,train
the reservation i have isn't needed any more,escalate,cancel_reservation,train
the reservation at zepher cancel joe from that,escalate,cancel_reservation,train
joe and i are to cancel the reservation at zephers now,escalate,cancel_reservation,train
cancel my reservations for joe's at zepher right now,escalate,cancel_reservation,train
please cancel the reservation at zephers for joe and myself right now,escalate,cancel_reservation,train
cancel the reservation for joe and i right now for the zephers reservation we had booked,escalate,cancel_reservation,train
cancel my 6:00 reservation at the cheesecake factory,escalate,cancel_reservation,train
"please, recite to me some good one liners",faq,tell_joke,train
do you know any good jokes about zebras,faq,tell_joke,train
can you tell me any truly funny knock knock jokes,faq,tell_joke,train
what do people find funny about food,faq,tell_joke,train
what are some funny things about food,faq,tell_joke,train
show me something funny about food,faq,tell_joke,train
indicate something funny on the topic of food,faq,tell_joke,train
what's a good joke,faq,tell_joke,train
i'd love to hear a joke,faq,tell_joke,train
can you tell a joke,faq,tell_joke,train
would you tell me a joke,faq,tell_joke,train
how about you tell me a joke,faq,tell_joke,train
will you tell a joke,faq,tell_joke,train
please tell me a joke,faq,tell_joke,train
make me laugh,faq,tell_joke,train
do you have any jokes,faq,tell_joke,train
tell me something funny,faq,tell_joke,train
hit me with a good joke,faq,tell_joke,train
what's the funniest joke you know,faq,tell_joke,train
tell me a joke if you'd like to,faq,tell_joke,train
tell me a funny joke,faq,tell_joke,train
i'd like you to tell me a joke,faq,tell_joke,train
do you know any good jokes,faq,tell_joke,train
know any jokes,faq,tell_joke,train
i wanna hear something funny,faq,tell_joke,train
i would like to listen to a funny joke,faq,tell_joke,train
what jokes do you know,faq,tell_joke,train
could you please tell me a good joke,faq,tell_joke,train
what funny jokes do you know,faq,tell_joke,train
can you make me laugh,faq,tell_joke,train
can you tell me a few funny jokes,faq,tell_joke,train
tell me something funny about parenting,faq,tell_joke,train
do you have a list of funny jokes,faq,tell_joke,train
i want to hear something funny,faq,tell_joke,train
tell me something funny about animals,faq,tell_joke,train
tell me something funny about politics,faq,tell_joke,train
tell me something amusing,faq,tell_joke,train
say something funny,faq,tell_joke,train
tell me something funny about adulthood,faq,tell_joke,train
tell me something funny about americans,faq,tell_joke,train
could you please share a joke with me,faq,tell_joke,train
i could really use a laugh right now,faq,tell_joke,train
would you like to tell me a joke,faq,tell_joke,train
can you tell me a joke,faq,tell_joke,train
i'd like to hear a joke,faq,tell_joke,train
i want to hear you tell a joke,faq,tell_joke,train
tell me a joke,faq,tell_joke,train
tell me a joke about politicians,faq,tell_joke,train
tell me something that'll make me laugh,faq,tell_joke,train
tell me a joke about cows,faq,tell_joke,train
do you know anything funny about cats,faq,tell_joke,train
tell me a joke about jobs,faq,tell_joke,train
what's the funniest thing you know about artificial intelligence,faq,tell_joke,train
can you tell me a joke about politicians,faq,tell_joke,train
tell me a joke about cars,faq,tell_joke,train
can you tell me something funny,faq,tell_joke,train
do you know any good jokes about lawyers,faq,tell_joke,train
what’s your favorite funny joke,faq,tell_joke,train
make me laugh with a funny joke,faq,tell_joke,train
what funny joke do you know,faq,tell_joke,train
i want to hear a joke that’s funny,faq,tell_joke,train
tell me a dirty joke,faq,tell_joke,train
tell me a non-offensive joke,faq,tell_joke,train
i would like to hear a funny joke,faq,tell_joke,train
look for funny jokes,faq,tell_joke,train
what are some funny jokes,faq,tell_joke,train
tell me something funny about pizza,faq,tell_joke,train
tell me something funny about people,faq,tell_joke,train
tell me something funny about love,faq,tell_joke,train
say something hilarious,faq,tell_joke,train
make me giggle,faq,tell_joke,train
i need a good laugh,faq,tell_joke,train
heard any good jokes lately,faq,tell_joke,train
tell me a pun,faq,tell_joke,train
what's the latest joke you've heard,faq,tell_joke,train
tell me a joke about dogs,faq,tell_joke,train
let me know something funny,faq,tell_joke,train
tell me a joke about cats,faq,tell_joke,train
tell me something funny now,faq,tell_joke,train
i wanna know something funny,faq,tell_joke,train
tell me something funny about rats,faq,tell_joke,train
tell me a joke about animals,faq,tell_joke,train
tell me a joke about lawyers,faq,tell_joke,train
tell me a joke about rats,faq,tell_joke,train
tell me something funny about cats,faq,tell_joke,train
tell me something funny about dogs,faq,tell_joke,train
i need to know somthing funny,faq,tell_joke,train
do you have anything funny to tell me,faq,tell_joke,train
do you have any jokes to tell me,faq,tell_joke,train
mind sharing a joke,faq,tell_joke,train
could you share a joke,faq,tell_joke,train
i love dad jokes can you tell me one,faq,tell_joke,train
i would love to hear a joke about the dmv,faq,tell_joke,train
can you tell me some dog jokes,faq,tell_joke,train
please tell me a joke about dinosaurs,faq,tell_joke,train
i'd like to hear a joke about donkeys,faq,tell_joke,train
tell me a joke about baseball,faq,tell_joke,train
what's the funniest thing you know about peanuts,faq,tell_joke,train
i need a good joke about office parties,faq,tell_joke,train
give me a joke about horses,faq,tell_joke,train
whats the best way to roast a chicken,faq,recipe,train
how do i make pie crust,faq,recipe,train
find a recipe for german chocolate cake,faq,recipe,train
how do i fry pork chops,faq,recipe,train
how do i cook boiled eggs,faq,recipe,train
"find a chow mein recipe for me, please",faq,recipe,train
do you know how to make chow mein,faq,recipe,train
can you find a recipe on how to make chow mein,faq,recipe,train
tell me how to make chow mein,faq,recipe,train
i would like you to help me find a chow mein recipe,faq,recipe,train
show me a beef recipe,faq,recipe,train
what is a good beef recipe,faq,recipe,train
i need a recipe for beef,faq,recipe,train
give me a beef recipe,faq,recipe,train
where is a beef recipe,faq,recipe,train
you know procedure to cook apple pie,faq,recipe,train
what is needed you to cook apple pie,faq,recipe,train
do you know what are the ingredients to make apple pie,faq,recipe,train
do you know recipe for making apple pie,faq,recipe,train
how do you cook apple pie,faq,recipe,train
how do i make pumpkin pie,faq,recipe,train
making spaghetti sauce perfectly is done how,faq,recipe,train
making ribs perfectly is done how,faq,recipe,train
how do i make lemon merengue pie,faq,recipe,train
how do i make lassagna,faq,recipe,train
search for a macaroni and cheese recipe,faq,recipe,train
can you get me a recipe for mashed potatoes,faq,recipe,train
i need instructions on how to make shepherd's pie please,faq,recipe,train
please help me with instructions on making chicken curry,faq,recipe,train
what are the steps i need to follow to make chewy rice krispies treats,faq,recipe,train
what's the best way to make chicken stir fry,faq,recipe,train
how do i make tuna salad,faq,recipe,train
can you give me a recipe for german chocolate cake,faq,recipe,train
i need a recipe on how to make beef stew,faq,recipe,train
i want a good recipe that shows me how to bake chocolate chip cookies from scratch,faq,recipe,train
please search for a chocolate fudge brownies recipe,faq,recipe,train
will you give me some guidance on how to make ceviche,faq,recipe,train
can you search for the best new york style cheesecake recipes please,faq,recipe,train
look up easy to follow recipes for beef ribs,faq,recipe,train
i need the best recipe for mashed potatoes,faq,recipe,train
can you find me a recipe for pie,faq,recipe,train
can you find me a recipe for quiche,faq,recipe,train
can you find me a recipe for pasta,faq,recipe,train
can you find me a recipe for ribs,faq,recipe,train
can you find me a recipe for cake,faq,recipe,train
what steps are involved in making lasagna,faq,recipe,train
how can i make chicken pot pie,faq,recipe,train
how to make mac and cheese,faq,recipe,train
how do you make pot roast,faq,recipe,train
can you find a hearty lasagna recipe,faq,recipe,train
find a good recipe for meatloaf,faq,recipe,train
i am looking for a vegan friendly italian pasta recipe,faq,recipe,train
how do you cook meatloaf,faq,recipe,train
i need a vegi lasagna recipe,faq,recipe,train
i need a quick recipe for spiral ham,faq,recipe,train
what's the recipe for rice noodles,faq,recipe,train
can you help me find a lasagna recipe,faq,recipe,train
i need a recipe for chicken pot pie,faq,recipe,train
help me find a recipe for a beef casserole,faq,recipe,train
i need help finding a recipe for enchiladas,faq,recipe,train
i need to know how to make philly cheesesteaks,faq,recipe,train
i need a blackberry pie recipe,faq,recipe,train
what do i need to do to make blackberry pie,faq,recipe,train
blackberry pie instructions,faq,recipe,train
how do you make blackberry pie,faq,recipe,train
how do i bake a blackberry pie,faq,recipe,train
do you have a cookbook that could teach me to make sushi,faq,recipe,train
can you teach me how to make sushi,faq,recipe,train
where can i look to learn to make sushi,faq,recipe,train
what do you need to do to make sushi,faq,recipe,train
is there a good website to teach me how to make sushi,faq,recipe,train
tell me how to make beef wellington,faq,recipe,train
what's a good recipe for chicken divan,faq,recipe,train
find me a recipe for teriyaki chicken,faq,recipe,train
find out how to make chicken tikka masala,faq,recipe,train
how do i make beef stroganoff,faq,recipe,train
please show me a recipe for chili,faq,recipe,train
what is a good chili recipe,faq,recipe,train
i need you to find me a recipe for fried shrimp,faq,recipe,train
can you find me a recipe for coffee cakes,faq,recipe,train
can you find me a recipe for salsa,faq,recipe,train
can you find me a recipe for honey ham,faq,recipe,train
can you find me a recipe for cheese cake,faq,recipe,train
can you find me a recipe for sugar cookies,faq,recipe,train
can you find me a recipe for carrot cake,faq,recipe,train
how do you make benedict arnold,faq,recipe,train
how do you create pork chili,faq,recipe,train
what's the best way to make a broccoli salad,faq,recipe,train
are there instructions on how to make buttermilk pancakes,faq,recipe,train
what's the way to make apple pie,faq,recipe,train
what's the process of making a burrito,faq,recipe,train
how do i make a taco that's worth eating,faq,recipe,train
how do i make that scottish dish with all the blood and sausage,faq,recipe,train
is there a recipe for chili i can use,faq,recipe,train
please give me instructions on making blueberry pie,faq,recipe,train
can you instruct me on how to make german chocolate cake,faq,recipe,train
how do i make the perfect omelette,faq,recipe,train
i want to make sour dough bread please find a good recipe for me,faq,recipe,train
i need a really good recipe for making doughnuts,faq,recipe,train
please find me a recipe for spaghetti now,faq,recipe,train
can you please order me more plastic bags,lead_intent,order,train
"i need you to order some more lysol for me,please",lead_intent,order,train
"i need some more lysol, could you order me some",lead_intent,order,train
i'm out of lysol could you order me some,lead_intent,order,train
could you please reorder me some lysol,lead_intent,order,train
will you order me some more lysol spray,lead_intent,order,train
order everything that's on my list for shopping,lead_intent,order,train
i want my entire shopping list ordered,lead_intent,order,train
i want to buy something,lead_intent,order,train
get my entire shopping list ordered,lead_intent,order,train
i want to make a purchase,lead_intent,order,train
take my shopping list and order all,lead_intent,order,train
send the order for my entire shopping list,lead_intent,order,train
add everything to my shopping cart,lead_intent,order,train
submit order for everything,lead_intent,order,train
buy everything on my list,lead_intent,order,train
please order everything you see on my shopping list,lead_intent,order,train
go shopping and order everything on the list,lead_intent,order,train
are you able to get my shopping list and order everything on it,lead_intent,order,train
could you get everything on my shopping list,lead_intent,order,train
i need everything ordered on my shopping list,lead_intent,order,train
can you buy me a toy car,lead_intent,order,train
i'd like to have everything on my shopping list,lead_intent,order,train
i do not have cookies so will you order me some more,lead_intent,order,train
get everything on my shopping list,lead_intent,order,train
i wanna buy a pair of shoes online now,lead_intent,order,train
i do not have flour so will you order me some more,lead_intent,order,train
i need everything on my shopping list,lead_intent,order,train
i do not have pizza so will you order me some more,lead_intent,order,train
i want everything on my shopping list,lead_intent,order,train
i don't have ice cream so will you order me some more,lead_intent,order,train
i am out of ice cream so will you order me some more,lead_intent,order,train
please get everything on my shopping list,lead_intent,order,train
i need you to order all the things on my shopping list,lead_intent,order,train
i want everything on my shopping list to be ordered,lead_intent,order,train
please order me everything that is on my shopping list,lead_intent,order,train
would you buy me a phone,lead_intent,order,train
i would like everything on my shopping list ordered,lead_intent,order,train
i would like you to buy me some paper plates,lead_intent,order,train
i'd like you to purchase me canned soup,lead_intent,order,train
i need you to buy a mouse for me,lead_intent,order,train
purchase a computer for me,lead_intent,order,train
i would like all of these things on my shopping list ordered,lead_intent,order,train
put in the order for everything on my shopping list,lead_intent,order,train
"please order some more cat food, i'm out",lead_intent,order,train
i'm ready to put in the order for everything on my shopping list,lead_intent,order,train
go ahead and order everything on my shoping list,lead_intent,order,train
"i need more cat food, please order some",lead_intent,order,train
"i'm out of cat food, order more",lead_intent,order,train
will you buy me underpants,lead_intent,order,train
"order some cat for me, i ran out",lead_intent,order,train
"order more cat food, i'm out",lead_intent,order,train
are you able to purchase underpants for me,lead_intent,order,train
can you go to amazon a repurchase my last purchase,lead_intent,order,train
please order me a 7lb bag of world's best cat litter from targetcom,lead_intent,order,train
submit the order for everything on my shopping list,lead_intent,order,train
can you buy something from walmartcom for me,lead_intent,order,train
can you purchase underpants for me,lead_intent,order,train
can you order underpants for me,lead_intent,order,train
can you order everything on my shopping list,lead_intent,order,train
i'm out of detergent so will you order me some more,lead_intent,order,train
i'm out of fabric softener so will you order me some more,lead_intent,order,train
i'm out of soap so will you order me some more,lead_intent,order,train
i'm out of toothpaste so will you order me some more,lead_intent,order,train
i'm out of razors so will you order me some more,lead_intent,order,train
i just used up my toothpaste and need you to order more,lead_intent,order,train
i'm making a purchase and need the help of ai,lead_intent,order,train
can you order more chapstick i am all out,lead_intent,order,train
i am currently out of q tips and need more ordered right away,lead_intent,order,train
can you order more printer paper,lead_intent,order,train
ran out of tissues and need you to put an order in for more asap,lead_intent,order,train
i need you to buy a laptop,lead_intent,order,train
i'd like to buy some cooking pans,lead_intent,order,train
i'd like to have everything on the shopping list,lead_intent,order,train
please buy me flowers,lead_intent,order,train
buy all the things on the shopping list,lead_intent,order,train
i want all the things on the shopping list,lead_intent,order,train
i need to buy everything on the shopping list,lead_intent,order,train
purchase me dog food,lead_intent,order,train
purchase all the things on my shopping list,lead_intent,order,train
i'm short on flour so place an order for me,lead_intent,order,train
i'm low on mouthwash so create an order for me,lead_intent,order,train
i'm lacking vitamins so order me more,lead_intent,order,train
i need more candy so could you order me a pack,lead_intent,order,train
i require another filter so can you order me another one,lead_intent,order,train
i'm out of shampoo so will you order me some more,lead_intent,order,train
i'm out of paper plates so will you order me some more,lead_intent,order,train
i'm out of conditioner so will you order me some more,lead_intent,order,train
i'm out of paper towels so will you order me some more,lead_intent,order,train
i need a replacement phone charger ordered online,lead_intent,order,train
can you have some new oakley's shipped to me,lead_intent,order,train
grab me a new belt on amazon please,lead_intent,order,train
order me a new usb cable on amazon,lead_intent,order,train
can you order me new ray bans,lead_intent,order,train
would you order everything on my shopping list,lead_intent,order,train
i need everything on my shopping list to be ordered,lead_intent,order,train
i want you to buy me a shirt,lead_intent,order,train
i want everything on my shopping list ordered,lead_intent,order,train
i am needing you to buy me some shoes,lead_intent,order,train
i want you to order everything on my shopping list,lead_intent,order,train
why did my card not get accepted,escalate,card_declined,train
why did my card not get accepted there,escalate,card_declined,train
please tell me why did my card not get accepted,escalate,card_declined,train
why did my card not get accepted please,escalate,card_declined,train
why did my card not get accepted then,escalate,card_declined,train
find out why my card was declined,escalate,card_declined,train
please tell me why my card was declined,escalate,card_declined,train
for what reason did my card get declined,escalate,card_declined,train
can you tell me why my card was declined,escalate,card_declined,train
i need to know why my card was declined,escalate,card_declined,train
i need to know why my card was just declined at walgreen's,escalate,card_declined,train
where can i find out why my card was recently declined at amazoncom,escalate,card_declined,train
i tried using my card at chipotle yesterday and it was declined; why,escalate,card_declined,train
why was my card declined for my monthly netflix subscription payment,escalate,card_declined,train
can you tell me what caused my card to get declined at starbucks this morning,escalate,card_declined,train
i wonder why my card got declined yesterday,escalate,card_declined,train
why was my card declined,escalate,card_declined,train
"my card was declined yesterday, why",escalate,card_declined,train
is my card working properly,escalate,card_declined,train
do i have enough funds in my card,escalate,card_declined,train
how do i fix my card being declined,escalate,card_declined,train
tell me why was my card declined at the zoo,escalate,card_declined,train
explain why was my card declined at boston market,escalate,card_declined,train
why did you decline my card at sfo,escalate,card_declined,train
how come my card was declined at rosses,escalate,card_declined,train
why did my card get declined at the dentist office,escalate,card_declined,train
why did macy's decline my card,escalate,card_declined,train
bloomingdale's declined my card and i'd like to know why,escalate,card_declined,train
why wouldn't nordstrom accept my card,escalate,card_declined,train
please tell me why walgreen's wouldn't take my card,escalate,card_declined,train
can you tell me why walmart declined my card,escalate,card_declined,train
i couldn't buy a mug from target because my card got declined,escalate,card_declined,train
stopped by target to get a mug but my card declines,escalate,card_declined,train
at target trying to buy a mug and my card was declined,escalate,card_declined,train
i went to target to buy a mug but my card did not work,escalate,card_declined,train
trying to buy a mug from target but my card declined,escalate,card_declined,train
why was my card not accepted yesterday,escalate,card_declined,train
tell me why my card didn't work yesterday,escalate,card_declined,train
what was the issue with my card yesterday,escalate,card_declined,train
what was the problem with my card yesterday,escalate,card_declined,train
what was wrong with my card yesterday,escalate,card_declined,train
i was at home depot trying to buy plants and my card got declined,escalate,card_declined,train
i need to know why my card declined yesterday,escalate,card_declined,train
i wish to know why my card was declined yesterday,escalate,card_declined,train
i was at target trying to buy candles and my card got declined,escalate,card_declined,train
find out why my card declined yesterday,escalate,card_declined,train
i was at sears trying to buy clothes and my card got declined,escalate,card_declined,train
why was my card declined yesterday,escalate,card_declined,train
i was at zales trying to buy a ring and my card got declined,escalate,card_declined,train
i was at macys trying to buy shoes and my card got declined,escalate,card_declined,train
my card declined yesterday and i want to know why,escalate,card_declined,train
i wish to know why my card was declined,escalate,card_declined,train
tell me why my card was declined yesterday,escalate,card_declined,train
so it turns out my card was declined at applebee's and i wanna know why,escalate,card_declined,train
so why was my card declined yesterday,escalate,card_declined,train
tell me why my card got declined,escalate,card_declined,train
it turns out my card was declined at fry's and i would like to know why,escalate,card_declined,train
let me know why my card got declined,escalate,card_declined,train
let me know why my card was declined yesterday,escalate,card_declined,train
i wanna know why my card was declined,escalate,card_declined,train
i really need to know why my card was denied,escalate,card_declined,train
so my card was declined at fry's and i wanna know why,escalate,card_declined,train
turns out my card was declined at wal mart and i wanna know why,escalate,card_declined,train
i think my card was declined at wal mart and i want to know why,escalate,card_declined,train
let me know why my card got declined the other day,escalate,card_declined,train
please let me know why my card was declined yesterday,escalate,card_declined,train
i was trying to buy qtips at walmart and my card got declined,escalate,card_declined,train
i was at walmart today and my card got declined when i went to buy qtips,escalate,card_declined,train
at walmart my card got declined when i was buyng qtips,escalate,card_declined,train
"buying qtips today, my card got declined at walmart",escalate,card_declined,train
i was buying qtips today at walmart and my card got declined,escalate,card_declined,train
my card didn't go through when i was buying a case of water at walmart,escalate,card_declined,train
i was at walmart when my card was declined i was only trying to buy some candy,escalate,card_declined,train
my card got declined at target while buying a tv,escalate,card_declined,train
i was at albertsons trying to buy milk when my card wasn't accepted,escalate,card_declined,train
my card was not accepted for buying a computer at best buy,escalate,card_declined,train
please help me figure out why my card was declined yesterday,escalate,card_declined,train
why did my card get rejected yesterday,escalate,card_declined,train
can you tell me why my card was declined yesterday,escalate,card_declined,train
"my card was declined at the store yesterday, what happened",escalate,card_declined,train
i was at costco trying to buy groceries and my card got declined,escalate,card_declined,train
my card was declined at the casino and i'm wondering why,escalate,card_declined,train
i was at safeway trying to buy groceries and my card got declined,escalate,card_declined,train
i was at whole foods trying to buy groceries and my card got declined,escalate,card_declined,train
i was at trader joe's trying to buy groceries and my card got declined,escalate,card_declined,train
i was at costco trying to buy sheets and my card got declined,escalate,card_declined,train
my card did not work yesterday,escalate,card_declined,train
"i tried to use my credit card yesterday, but it did not work",escalate,card_declined,train
my card was malfunctioning and was returned to me,escalate,card_declined,train
for which reason was my card declined yesterday,escalate,card_declined,train
"yesterday, my card was declined",escalate,card_declined,train
i don't understand why walgreens declined my card,escalate,card_declined,train
i tried to make a purchase yesterday but my card was declined why,escalate,card_declined,train
i don't understand why my card was declined yesterday,escalate,card_declined,train
what is the reason for whole foods declining my card,escalate,card_declined,train
can you explain why my card was declined,escalate,card_declined,train
how come starbucks declined my card when i tried to use it to pay,escalate,card_declined,train
how come my card was not accepted yesterday,escalate,card_declined,train
find out what happened to make my card get declined yesterday,escalate,card_declined,train
why was my card declined at safeway,escalate,card_declined,train
how much is an overdraft fee for bank,spam,oos,train
why are exponents preformed before multiplication in the order of operations,spam,oos,train
what size wipers does this car take,spam,oos,train
where is the dipstick,spam,oos,train
how much is 1 share of aapl,spam,oos,train
how is glue made,spam,oos,train
any headlines from my areai,spam,oos,train
what is the largest state in the us,spam,oos,train
what is the current market trend,spam,oos,train
what is the most popular airline,spam,oos,train
what is the formula for the circumference of a circle,spam,oos,train
what are some ways to reduce spending,spam,oos,train
what time does the louvre open,spam,oos,train
are there any local stations covering the moral march in raleigh in februaryu,spam,oos,train
how many planets have we discovered,spam,oos,train
how do i change my billing address,spam,oos,train
how do i open an online line of credit,spam,oos,train
how do i remove a coffee blemish,spam,oos,train
how expensive is an apple share,spam,oos,train
where can i find the cruise control on my kia sportage 2010,spam,oos,train
how many sides are in a hexagon,spam,oos,train
how fast does an airplane travel,spam,oos,train
is it worth investing in target,spam,oos,train
i need to speak to customer service regarding my flight,spam,oos,train
how long do wire transfers take,spam,oos,train
what are some deals on amazon,spam,oos,train
what city is the super bowl,spam,oos,train
what trees change color in autumn,spam,oos,train
do people prefer summer over fall,spam,oos,train
how long is winter,spam,oos,train
what were some of ben franklin's notable accomplishments,spam,oos,train
where was john denver born,spam,oos,train
where did abraham lincoln live,spam,oos,train
when was kobe bryant born,spam,oos,train
who's toledo's starting point guard for the next game,spam,oos,train
how many players are on the chicago bulls,spam,oos,train
who is the coach of the chicago bulls,spam,oos,train
when do the utah jazz play next,spam,oos,train
what other nations were involved in the chinese trade war,spam,oos,train
what years has korea been at war,spam,oos,train
when was the theory of evolution first considered,spam,oos,train
who formulated the theory of relativity,spam,oos,train
what stage of evolution am i,spam,oos,train
what other personality type is most compatible with infjs,spam,oos,train
what does my personality mean,spam,oos,train
what's the most dominant scale in bluegrass,spam,oos,train
what year was saxaphone first played,spam,oos,train
which piano is best for classical,spam,oos,train
is k-12 education required outside of the united states,spam,oos,train
what are the benefits of completing college,spam,oos,train
are you able to answer algebra equations,spam,oos,train
can you help me study for a history exam,spam,oos,train
how many points per game is lebron james averaging this season,spam,oos,train
what team does eli mannign play for,spam,oos,train
get me dwight howard shooting average,spam,oos,train
can you list me tiger wood's stats,spam,oos,train
what's the runtime of all the lord of the rings movies combined,spam,oos,train
which character is the most famous from titanic,spam,oos,train
how many oscars did star wars films win,spam,oos,train
what year was shawshank redemption released,spam,oos,train
which marvel character has appeared in the most movies,spam,oos,train
when's the next movie starring thor set to come out,spam,oos,train
who was the first capcom character,spam,oos,train
are any justice league movies coming out,spam,oos,train
can you tell me something about the nfl,spam,oos,train
please explain the catch rule to me,spam,oos,train
is there overtime in college football,spam,oos,train
when did the mls start,spam,oos,train
what's the best price on super smash bros ultimate right now,spam,oos,train
what is the highest earning game on atari,spam,oos,train
when is the next nintendo direct,spam,oos,train
when was nintendo created,spam,oos,train
please find the capital of pakistan and its population,spam,oos,train
how many people live in taiwan,spam,oos,train
what are some of picasso's most famous works,spam,oos,train
what are van gogh's best pieces,spam,oos,train
where can i see art,spam,oos,train
when did camus die,spam,oos,train
how much money does radiohead earn a year,spam,oos,train
who is radiohead,spam,oos,train
what's the biggest saas marketing company in the united states,spam,oos,train
how do i start my own marketing firm,spam,oos,train
how can i get involved in restaurant marketing,spam,oos,train
what is saas marketing,spam,oos,train
what do you call someone who was born in segovia,spam,oos,train
what is rhineland,spam,oos,train
who is the scariest character in start trek,spam,oos,train
who is the current captain of this ship,spam,oos,train
what year was star trek released,spam,oos,train
when was toyota created,spam,oos,train
who are some notable alumni of ucsd,spam,oos,train
what is the next football game,spam,oos,train
how many students attend ucsb,spam,oos,train
when do classes start,spam,oos,train
how can i become an aerospace engineer,spam,oos,train
what percentage of species display cold blooded traits,spam,oos,train
what does it mean to be an alpha male,spam,oos,train
what animals have alpha males,spam,oos,train
why do males want to be alpha,spam,oos,train
what's the average battery life of an android phone,spam,oos,train
what is the most expensive price per share of any stock,spam,oos,train
can you tell me when the bank closes,spam,oos,train
rewind one minute,spam,oos,train
what is apple's stock,spam,oos,train
is there a video-on-demand function (vod),spam,oos,train
show me all contacts,spam,oos,train
what are the pros and cons of credit cards,spam,oos,train
can you show me my 3-digit credit card verification number,spam,oos,train
how win money in internet,spam,oos,train
is there a car in my blind spot,spam,oos,train
what is slope of an inverted line,spam,oos,train
can you clock me in,spam,oos,train
how do you store my card information,spam,oos,train
can you tell me until what time the stock market is open,spam,oos,train
give me the local newsi,spam,oos,train
why can't you divide by zero,spam,oos,train
adjust windshield wipers,spam,oos,train
what is the formula for the surface area of a cylinder,spam,oos,train
can you forward this email to my boss,spam,oos,train
what did the president say todayu,spam,oos,train
what color is the car,spam,oos,train
can you restart my phone,spam,oos,train
what is the account number,spam,oos,train
will you block non-kid friendly shows,spam,oos,train
can you tell me who else is on my account,spam,oos,train
what cleaning product should i use on wood floors,spam,oos,train
which state has the best airlines,spam,oos,train
find out who won the governor's electionu,spam,oos,train
what are bbc headlinesi,spam,oos,train
when was the last worker's strike in amsterdam,spam,oos,train
how many prime numbers are there under 100,spam,oos,train
put seatbelts on,spam,oos,train
how many ways can i make $1 using standard us coins,spam,oos,train
what kind of gas do i use,spam,oos,train
does my a/c filter need to be changed,spam,oos,train
how do the anti-lock brakes work,spam,oos,train
how do i change my flight,spam,oos,train
can you find instructions for removing a coffee stain from upholstery,spam,oos,train
what show am i watching,spam,oos,train
what are my local news stations,spam,oos,train
i have old model car,spam,oos,train
can you tell me how to figure a percentage of a number,spam,oos,train
what do the values of numbers mean non-numerically,spam,oos,train
can you read me the last text,spam,oos,train
please save my draft for me so i can work on it later,spam,oos,train
how do i stop the beeping noise when my seatbelt is off in my honda civic,spam,oos,train
how do i find a common denominator,spam,oos,train
can you see the second right inside the fridge,spam,oos,train
change my seat to an window seat for my flight on monday,spam,oos,train
show me an example of an algebraic expression,spam,oos,train
what is npr reporting on right now,spam,oos,train
how many points has the nyse gone up by this month,spam,oos,train
should i invest in microsoft stock,spam,oos,train
can you show me my credit card number,spam,oos,train
is the stock market up or down today,spam,oos,train
is the shutdown over,spam,oos,train
what's my horoscope today,spam,oos,train
am i using cruise control,spam,oos,train
can you send an email to client b,spam,oos,train
is the bachelor on tonight,spam,oos,train
does my credit card have a balance transfer promotions currently going on,spam,oos,train
how does a optical mouse work,spam,oos,train
which stocks should i invest in to get at least 5% back on my investment this year,spam,oos,train
find out for me what kind of benefits military veterans have after retirement,spam,oos,train
can you tell me what kind of benefits miliraty veterans receive,spam,oos,train
"if you're dishonorably discharged, are you still a veteran",spam,oos,train
is va treatment free for veterans,spam,oos,train
what month are mosquitoes the worst in the united states,spam,oos,train
what's the most effective bug repellant,spam,oos,train
how long do mosquito's live,spam,oos,train
where do squirrels's live,spam,oos,train
can you identify between poisonous and nonpoisonous mushroom,spam,oos,train
can you find out for me how many mushroom species are there,spam,oos,train
what are some ways to prepare portabello mushrooms,spam,oos,train
how do you know if a mushroom is edible,spam,oos,train
what's the most popular tv show on netflix right now,spam,oos,train
what's trending in 90s television shows on netflix,spam,oos,train
when was hulu created,spam,oos,train
get me the rates of hacking susceptibility for household in my area,spam,oos,train
can you check my privacy online settting,spam,oos,train
how can i protect myself online,spam,oos,train
how much is the best vpn,spam,oos,train
"who is the oscar who ""the oscar's"" is named after",spam,oos,train
what is the origin of the name michael,spam,oos,train
where are the oscar's held,spam,oos,train
how do you get an oscar,spam,oos,train
are deer indigenous to north america,spam,oos,train
what's an otter's primary diet,spam,oos,train
a the bike looks very nice,spam,oos,train
how the bikes looks,spam,oos,train
is the patriarchy a valid concept,spam,oos,train
is patriarchy wrong,spam,oos,train
how many generations of pokemon are there now,spam,oos,train
what year was the first pokemon game released,spam,oos,train
how many pokemon are there,spam,oos,train
where was salt created,spam,oos,train
what's a puffin's natural habitat,spam,oos,train
are hawks domesticated or wild,spam,oos,train
where do frogs come from,spam,oos,train
what are puffins,spam,oos,train
is it legal to breed and sell rabbits without a license,spam,oos,train
how many different types of robins are there,spam,oos,train
how long do chipmunks usually live,spam,oos,train
what do rabbits eat,spam,oos,train
how many seasons of rick and morty are there,spam,oos,train
will there be a new season of true detective,spam,oos,train
how old are rick ad morty,spam,oos,train
who are dan and dave,spam,oos,train
what was the area code of the phone number from that last scam call,spam,oos,train
how many people fall victim to internet scams per year,spam,oos,train
"how can i protect myself from ""nigerian prince"" scams",spam,oos,train
are semitic languages harder to learn than arabic languages,spam,oos,train
is it difficult to learn a semitic language,spam,oos,train
what languages are considered semitic,spam,oos,train
what is a semitic language,spam,oos,train
what's the typical structure for writing a country song,spam,oos,train
where can i find lyrical inspiration for songwriting,spam,oos,train
what's the dominant minor for the key of bflat,spam,oos,train
what's the order of the circle of fifths,spam,oos,train
what is the most popular sport in new york,spam,oos,train
how are my sports teams doing,spam,oos,train
which sport is the most fun,spam,oos,train
what's on for sports today,spam,oos,train
can you give me instructions for tattoo aftercare,spam,oos,train
how do i decide on a good first tattoo,spam,oos,train
where did the first tattoo originate,spam,oos,train
are tattoos safe to get,spam,oos,train
is time travel to the past theoretically possible,spam,oos,train
what is the solution to the grandfather paradox,spam,oos,train
please take me back to the year 1982,spam,oos,train
has anyone ever time traveled before,spam,oos,train
what species of oak tree grows to be the tallest,spam,oos,train
what's the best time of year to plant a tree,spam,oos,train
are trees absolutely necessary to survive,spam,oos,train
what is the largest tree in the world,spam,oos,train
how much has the market gone up or down so far in 2019,spam,oos,train
what is the most expensive building on wall street,spam,oos,train
is it difficult to be successful on wall street,spam,oos,train
what's the fastest growing stock of 2019,spam,oos,train
give me information about the soviet union's participation in world war 2,spam,oos,train
which nations were on each side of the conflict in world war ii,spam,oos,train
how long was the siege of leningrad,spam,oos,train
what years did world war i occur,spam,oos,train
what's a good resource to learn beginner's yoga,spam,oos,train
what's the most difficult yoga pose to perform,spam,oos,train
how can i get involved in yoga,spam,oos,train
is yoga healthy,spam,oos,train
what's the alma mater of the man that started youtube,spam,oos,train
who has the most subscribers on youtube,spam,oos,train
do those i subscribe to have new videos,spam,oos,train
may i please have a definition for the work churlish,faq,definition,val
i want to know what trenchant means,faq,definition,val
what is the meaning of fascism,faq,definition,val
can you tell me what a septuagenarian is,faq,definition,val
can you define the word schadenfreude,faq,definition,val
what does unsavory mean,faq,definition,val
please define erection for me,faq,definition,val
what does idiosyncratic mean,faq,definition,val
tell me the meaning of condemnation,faq,definition,val
define monetary for me please,faq,definition,val
tell me the meaning of hegemony,faq,definition,val
what does indignation mean,faq,definition,val
define ambivalence for me please,faq,definition,val
please define institutional racism,faq,definition,val
define antagonist for me please,faq,definition,val
what does distinguish mean,faq,definition,val
what is the meaning of word alliance,faq,definition,val
i need to know what dominate means,faq,definition,val
what is the definition of the word migrate,faq,definition,val
tell me please what paean means,faq,definition,val
i want to know what the purpose of life is,faq,meaning_of_life,val
i want to hear what you think life's purpose is about,faq,meaning_of_life,val
what do you think the purpose of life is,faq,meaning_of_life,val
what is the purpose of existence,faq,meaning_of_life,val
what do you think our purpose is in life,faq,meaning_of_life,val
i'd like to know the meaning of life,faq,meaning_of_life,val
what's your opinion on the meaning of life,faq,meaning_of_life,val
what is life's purpose,faq,meaning_of_life,val
tell me all about the meaning of life,faq,meaning_of_life,val
tell me your thoughts about the meaning of life,faq,meaning_of_life,val
do you have any ideas on the meaning of life,faq,meaning_of_life,val
do you know the deeper meaning of life,faq,meaning_of_life,val
tell me the meaning of life,faq,meaning_of_life,val
"can you tell me, what is the meaning of life",faq,meaning_of_life,val
"what is the meaning behind life, do you think",faq,meaning_of_life,val
what is our purpose,faq,meaning_of_life,val
what do you think we are on earth for,faq,meaning_of_life,val
what do you think life is really about,faq,meaning_of_life,val
do you think we have a higher calling,faq,meaning_of_life,val
why are humans on earth,faq,meaning_of_life,val
tell me something interesting about lake tahoe,faq,fun_fact,val
tell me a cool fact about reno,faq,fun_fact,val
tell me something interesting about new york state,faq,fun_fact,val
give me a cool fact about new orleans,faq,fun_fact,val
give me a cool fact about seattle,faq,fun_fact,val
tell me something interesting about elephants,faq,fun_fact,val
tell me something interesting about dogs,faq,fun_fact,val
give me a cool fact about potatoes,faq,fun_fact,val
give me a cool fact about puppies,faq,fun_fact,val
give me a cool fact about lsd,faq,fun_fact,val
tell me a fun fact about the moon landing,faq,fun_fact,val
what's a fun fact about axolotls,faq,fun_fact,val
tell me a fact about the maned wolf,faq,fun_fact,val
give me harry potter trivia,faq,fun_fact,val
tell me an axolotl fact,faq,fun_fact,val
i need a spider fact,faq,fun_fact,val
show me trivia about cats,faq,fun_fact,val
read me some different cat trivia items,faq,fun_fact,val
find me cat trivia now please,faq,fun_fact,val
read me cat trivia,faq,fun_fact,val
what's the time of arrival on my new credit card,escalate,replacement_card_duration,val
tell me the duration it takes to get a new cc,escalate,replacement_card_duration,val
is it a short time before i receive my new credit card,escalate,replacement_card_duration,val
how long before my updated cc takes to arrive,escalate,replacement_card_duration,val
how long does it take a new card to arrive in the mail to me,escalate,replacement_card_duration,val
what is the length of time it takes a new card to get mailed to me,escalate,replacement_card_duration,val
about how long does it usually take a new card to get mailed to me,escalate,replacement_card_duration,val
how much time does it take a new card to get mailed to me,escalate,replacement_card_duration,val
how soon does it take a card new card to get mailed to me,escalate,replacement_card_duration,val
"after losing a credit card, how long does it take to get a new one",escalate,replacement_card_duration,val
"if i lose my credit card, will i get a replacement immediately",escalate,replacement_card_duration,val
what is the time frame for receiving a new credit card if my original one gets lost,escalate,replacement_card_duration,val
will i have to wait a long time to receive my new credit card after i lost my old one,escalate,replacement_card_duration,val
how long should i expect to wait for my replacement credit card,escalate,replacement_card_duration,val
will my new credit card be here this week,escalate,replacement_card_duration,val
how long does it usually take for a new credit card to come,escalate,replacement_card_duration,val
what is the eta on getting a replacement card,escalate,replacement_card_duration,val
show tracking information on my replacement credit card,escalate,replacement_card_duration,val
when will i get my replacement card,escalate,replacement_card_duration,val
will it take more than a month to get a new card,escalate,replacement_card_duration,val
what time is it in france,faq,time,val
what's the time in london right now,faq,time,val
what hour is it in london,faq,time,val
what's the time,faq,time,val
what is the time in london,faq,time,val
i need to know what time it is,faq,time,val
what time of day is it in london,faq,time,val
tell me what time it is,faq,time,val
what time of day is it,faq,time,val
what time is it in the pacific timezone,faq,time,val
what time is it in pacific standard time,faq,time,val
what time is it over in pacific time,faq,time,val
what time is in over there in pacific standard time,faq,time,val
what time is it in the pacific standard time,faq,time,val
what is the time in paris now,faq,time,val
time in manhattan,faq,time,val
how late is it now in ourense,faq,time,val
what is the current time right now in hollywood,faq,time,val
what time is it now in michigan,faq,time,val
what's the clock say,faq,time,val
what categories of questions can you answer,ambiguous,what_can_i_ask_you,val
what kind of questions can i ask the ai,ambiguous,what_can_i_ask_you,val
can you tell me what i can ask the ai,ambiguous,what_can_i_ask_you,val
what types of things can i ask the ai,ambiguous,what_can_i_ask_you,val
what kind of things can i ask the ai,ambiguous,what_can_i_ask_you,val
what can i ask the ai,ambiguous,what_can_i_ask_you,val
what questions can you answer,ambiguous,what_can_i_ask_you,val
what am i allowed to ask you,ambiguous,what_can_i_ask_you,val
what all can i ask you,ambiguous,what_can_i_ask_you,val
what are you capable of doing and answering,ambiguous,what_can_i_ask_you,val
what are you capable of answering,ambiguous,what_can_i_ask_you,val
what kinds of subjects do you know about,ambiguous,what_can_i_ask_you,val
what are the different subjects that you know,ambiguous,what_can_i_ask_you,val
which kinds of info are you familiar with,ambiguous,what_can_i_ask_you,val
what kind of information do you know,ambiguous,what_can_i_ask_you,val
which subjects can you tell me about,ambiguous,what_can_i_ask_you,val
can i ask you all different types of questions,ambiguous,what_can_i_ask_you,val
can you answer all types of questions,ambiguous,what_can_i_ask_you,val
what topics can you answer questions on,ambiguous,what_can_i_ask_you,val
what kind of questions can you answer,ambiguous,what_can_i_ask_you,val
i do not have that information,ambiguous,maybe,val
i can't give you an answer to that,ambiguous,maybe,val
i do not know the answer to that,ambiguous,maybe,val
perhaps,ambiguous,maybe,val
possibly either one,ambiguous,maybe,val
i don't have any idea,ambiguous,maybe,val
can't say,ambiguous,maybe,val
i couldn't say either could be possible,ambiguous,maybe,val
which one i don't know either i guess,ambiguous,maybe,val
i just don't know,ambiguous,maybe,val
don't have any idea,ambiguous,maybe,val
i couldn't say,ambiguous,maybe,val
i don't know the anwser,ambiguous,maybe,val
couldn't tell you,ambiguous,maybe,val
either i am not sure,ambiguous,maybe,val
either of them could be i'm not sure,ambiguous,maybe,val
don't know,ambiguous,maybe,val
idk,ambiguous,maybe,val
i don't have an answer for that,ambiguous,maybe,val
maybe it does,ambiguous,maybe,val
please reserve a table for 2 at lucky's under the name melissa at 7 pm,lead_intent,restaurant_reservation,val
i would like to reserve a table for 2 at sam's steakhouse under the name jessie at 6:30 pm,lead_intent,restaurant_reservation,val
help me reserve a table for 3 at lucky's under the name crystal at 8 pm,lead_intent,restaurant_reservation,val
would you please schedule a reservation for 2 at lucky's under the name sam at 7:30pm,lead_intent,restaurant_reservation,val
could you please reserve a table for 6 at lucille's under the name tom at 5pm,lead_intent,restaurant_reservation,val
is there a reservation available at ruth chris today,lead_intent,restaurant_reservation,val
are there 8pm tables available at texas roadhouse,lead_intent,restaurant_reservation,val
book a reservation for 3 at xenophobe under the name zebee,lead_intent,restaurant_reservation,val
i need to book a reservation for 3 at xenophobe under the name zebee,lead_intent,restaurant_reservation,val
book 3 under the name zebee at xenophobe,lead_intent,restaurant_reservation,val
what reservations are available for 3 people at the xenophobe,lead_intent,restaurant_reservation,val
under the name zebee book a reservation at the xenophobe for 3,lead_intent,restaurant_reservation,val
use the name wheeler to reserve a table for 3 at andrea's steakhouse at 5pm,lead_intent,restaurant_reservation,val
make a reservation for wheeler party of 3 for 5pm at andrea's steakhouse,lead_intent,restaurant_reservation,val
reserve a table for 3 at andrea's steakhouse around 5pm under the name wheeler,lead_intent,restaurant_reservation,val
i need a table for 3 at 5pm at andrea's steakhouse under wheeler,lead_intent,restaurant_reservation,val
reserve a table for 3 under the name wheeler at andrea's steakhouse for 5pm,lead_intent,restaurant_reservation,val
book room for me and her under the name kendra,lead_intent,restaurant_reservation,val
allow me to turn on the lights,lead_intent,restaurant_reservation,val
make me a reservation for 5 people at village tavern for the calloways,lead_intent,restaurant_reservation,val
may you stop a paymet on my account,escalate,freeze_account,val
how we stop my account,escalate,freeze_account,val
can you place a stop on my account,escalate,freeze_account,val
can we stop my bank account,escalate,freeze_account,val
please put a block on my capital one account immediately,escalate,freeze_account,val
please put a block on my discover account immediately,escalate,freeze_account,val
please put a block on my regions account immediately,escalate,freeze_account,val
please put a block on my wells fargo account immediately,escalate,freeze_account,val
please put a block on my us bank account immediately,escalate,freeze_account,val
i need you to act swiftly and freeze all activity on my capital one checking,escalate,freeze_account,val
place a hold on my chase money market market account at once,escalate,freeze_account,val
i need to block all transactions from going through on my citi checking account straight away,escalate,freeze_account,val
please immediately block my navy federal credit union account,escalate,freeze_account,val
can you initiate a block on my bank of america checking asap,escalate,freeze_account,val
i need my savings account placed under a block as soon as possible,escalate,freeze_account,val
please put a hold on my retirement account right now,escalate,freeze_account,val
i need a block placed right away on my joint checking account,escalate,freeze_account,val
i want a block placed on my checking account right away,escalate,freeze_account,val
i want a block placed on my college fund account immediately,escalate,freeze_account,val
can you please freeze my account,escalate,freeze_account,val
who is your designer,faq,who_made_you,val
what company is responsible for your design,faq,who_made_you,val
who is responsible for your design,faq,who_made_you,val
what firm is responsible for your design,faq,who_made_you,val
who were you created by,faq,who_made_you,val
what is the company that made you,faq,who_made_you,val
who are you manufactured by,faq,who_made_you,val
who is your manufacturer,faq,who_made_you,val
who makes you,faq,who_made_you,val
what organization manufactures you,faq,who_made_you,val
who's your creator,faq,who_made_you,val
what manufactures you,faq,who_made_you,val
who is the person responsible for creating you,faq,who_made_you,val
who brought you into existence,faq,who_made_you,val
who formed thou,faq,who_made_you,val
who conjured you,faq,who_made_you,val
who programmed you,faq,who_made_you,val
where were you programmed,faq,who_made_you,val
what company designed you,faq,who_made_you,val
"who or what programmed you, do you know",faq,who_made_you,val
where do you want to eat tonight,faq,restaurant_suggestion,val
where is your favorite restaurant to eat,faq,restaurant_suggestion,val
do you have any restaurant recommendations,faq,restaurant_suggestion,val
where should we eat tonight,faq,restaurant_suggestion,val
where are the best places to eat,faq,restaurant_suggestion,val
are there any vegan restaurants in my town,faq,restaurant_suggestion,val
list a few pizza places that have seating near my current location,faq,restaurant_suggestion,val
are there decent seafood restaurants in portland,faq,restaurant_suggestion,val
name a few good steakhouses in chicago,faq,restaurant_suggestion,val
does brooklyn have good italian restaurants,faq,restaurant_suggestion,val
i would love to find a few vegan restaurants in back bay,faq,restaurant_suggestion,val
suggest a few local eateries in mid price range,faq,restaurant_suggestion,val
i feel like going out for sushi tonight who in the area serves good sushi,faq,restaurant_suggestion,val
i am looking for good southeast asian restaurants in philadelphia,faq,restaurant_suggestion,val
"i want to eat mediterranean fare with at least four stars, near me",faq,restaurant_suggestion,val
what are some good ethiopian restaurants in queens,faq,restaurant_suggestion,val
what are some good itialian restaurants in north salem,faq,restaurant_suggestion,val
what are some good vegan restaurants in broadripple,faq,restaurant_suggestion,val
what are some good mexican restaurants in indianapolis,faq,restaurant_suggestion,val
what are some good southern bbq restaurants in nashville,faq,restaurant_suggestion,val
that's definitely true,ambiguous,yes,val
"yup, that's true",ambiguous,yes,val
"yes, that is true for sure",ambiguous,yes,val
i know that is true,ambiguous,yes,val
"true, most definitely",ambiguous,yes,val
facts,ambiguous,yes,val
you are not wrong about that,ambiguous,yes,val
that makes sense as well,ambiguous,yes,val
you are correct,ambiguous,yes,val
agreed,ambiguous,yes,val
accepted,ambiguous,yes,val
confirmed,ambiguous,yes,val
approved,ambiguous,yes,val
i want you to know it's a true statement,ambiguous,yes,val
i know that the statement is true,ambiguous,yes,val
this is a true statement,ambiguous,yes,val
the statement is true,ambiguous,yes,val
i'm telling you this is a true statement,ambiguous,yes,val
that's a yes,ambiguous,yes,val
affirmitive,ambiguous,yes,val
please read my reminder list,lead_intent,reminder,val
read my reminder list back to me,lead_intent,reminder,val
i want you to read my reminder list to me,lead_intent,reminder,val
i want to hear my reminder list,lead_intent,reminder,val
read my reminder list to me please,lead_intent,reminder,val
"i wanted to remember somethings, what was it",lead_intent,reminder,val
list the things i wanted to remember,lead_intent,reminder,val
recall the things i wanted to remember,lead_intent,reminder,val
what were those things i wanted to remember,lead_intent,reminder,val
what was it i wanted to remember,lead_intent,reminder,val
what does my running list of stuff to do list,lead_intent,reminder,val
what is on my to do list,lead_intent,reminder,val
what is my plan for the day,lead_intent,reminder,val
what are the things i wanted to recall,lead_intent,reminder,val
what things did i not want to forget,lead_intent,reminder,val
what is it i wanted to bear in mind,lead_intent,reminder,val
what are the things that i wanted to keep in mind,lead_intent,reminder,val
tell me my reminder list,lead_intent,reminder,val
"whats on my reminder list, read back",lead_intent,reminder,val
read all my reminders,lead_intent,reminder,val
ill pass,ambiguous,no,val
not happening,ambiguous,no,val
"no, that is fake",ambiguous,no,val
hell nah,ambiguous,no,val
"no, that is invalid",ambiguous,no,val
i would prefer not,ambiguous,no,val
thats a negative,ambiguous,no,val
i meant no,ambiguous,no,val
i am saying no,ambiguous,no,val
that is not factual,ambiguous,no,val
"no, that is not correct",ambiguous,no,val
i do not think that is proper,ambiguous,no,val
no good,ambiguous,no,val
negatory,ambiguous,no,val
invalid,ambiguous,no,val
absolutely not,ambiguous,no,val
certainly not,ambiguous,no,val
"no, that's wrong",ambiguous,no,val
"no, that's not it",ambiguous,no,val
"no, that's not right",ambiguous,no,val
how healthy is shepard's pie,faq,nutrition_info,val
how healthy is pecan pie,faq,nutrition_info,val
how healthy is hummus,faq,nutrition_info,val
how healthy is salad,faq,nutrition_info,val
how healthy is pumpkin pie,faq,nutrition_info,val
is chocolate good for you,faq,nutrition_info,val
tell me how health chocolate is,faq,nutrition_info,val
what is the nutritional info for kraft mac 'n' cheese,faq,nutrition_info,val
is chocolate bad for you or good for you,faq,nutrition_info,val
can you tell me the nutrional info of a big mac,faq,nutrition_info,val
are french fries health or not,faq,nutrition_info,val
tell me the nutrional info of a regular banana,faq,nutrition_info,val
read me the nutrional info of a bag of lay's potato chips,faq,nutrition_info,val
pull up the nutrional info of a 12 oz coke,faq,nutrition_info,val
is chocolate healthy,faq,nutrition_info,val
tell me how many much fat is in the hamburger,faq,nutrition_info,val
what is the nutrition information for shrimp scampi,faq,nutrition_info,val
how many grams of sodium are in potato chips,faq,nutrition_info,val
is rice good for me,faq,nutrition_info,val
is raw carrot healthy to eat,faq,nutrition_info,val
what is tuesday's calendar like,lead_intent,calendar,val
can you check what is on my calendar for tuesday,lead_intent,calendar,val
check what's on my calendar for tuesday,lead_intent,calendar,val
what is tuesday like on my calendar,lead_intent,calendar,val
what appointments do i have tomorrow after 1:00pm,lead_intent,calendar,val
what is the date of my next scheduled dentist appointment,lead_intent,calendar,val
do i have anything scheduled on my calendar for next tuesday,lead_intent,calendar,val
what do i have going on for 12/03/2019,lead_intent,calendar,val
where do i have to be on 12/03/2019,lead_intent,calendar,val
do i have plans on 12/03/2019,lead_intent,calendar,val
what's my schedule like for thursday the 14th,lead_intent,calendar,val
does my calendar show anything for thursday the 14th,lead_intent,calendar,val
do i have anything scheduled for thursday the 14th,lead_intent,calendar,val
can you tell me what my calendar is like for thursday the 14th,lead_intent,calendar,val
what appointments do i have on thursday the 14th,lead_intent,calendar,val
is my day open for march 4th 2019,lead_intent,calendar,val
is anything happening on march 4th 2019,lead_intent,calendar,val
are there any active events for march 4th 2019,lead_intent,calendar,val
"check my calendar for march 4th 2019, please",lead_intent,calendar,val
read back my day for march 4th 2019,lead_intent,calendar,val
give me the date,faq,date,val
tell me the date,faq,date,val
which day is it today,faq,date,val
what day of the week are we on,faq,date,val
"in 4 days, what date will it be",faq,date,val
would you let me know what date it will be in 3 days,faq,date,val
tell me the date it will be 5 days from now,faq,date,val
would you let me know today's date,faq,date,val
i need to know the date it will be 4 days from now,faq,date,val
let me know what date it will be in 3 days,faq,date,val
let me know what today's date is,faq,date,val
i would like to get today's date,faq,date,val
what date will it be 8 days from now,faq,date,val
what date will it be 9 days from now,faq,date,val
what date will it be 6 days from now,faq,date,val
what date will it be 5 days from now,faq,date,val
what date will it be 7 days from now,faq,date,val
tell me what today's date is,faq,date,val
is today monday,faq,date,val
what is the current date,faq,date,val
i'd like an appointment at your earliest availability for an oil change,lead_intent,schedule_maintenance,val
could you book me an appointment for an oil change,lead_intent,schedule_maintenance,val
i'd like to make an appointment to get my oil changed,lead_intent,schedule_maintenance,val
i'd like to book the next availability for an oil change,lead_intent,schedule_maintenance,val
can i make an appointment for an oil change,lead_intent,schedule_maintenance,val
schedule an appointment for a tire check for me,lead_intent,schedule_maintenance,val
make me an appointment for a tire check,lead_intent,schedule_maintenance,val
can i make an appointment to get my tires checked,lead_intent,schedule_maintenance,val
can you please make an appointment for me to get my tires checked out,lead_intent,schedule_maintenance,val
schedule me an appointment to get my tires checked out,lead_intent,schedule_maintenance,val
can you help me find someone to look at my car's engine because the light is on,lead_intent,schedule_maintenance,val
i need to arrange an appointment to have my car's tires examined,lead_intent,schedule_maintenance,val
my car needs maintenance but i don't know if i can schedule an appointment for that,lead_intent,schedule_maintenance,val
is there any way to change the date of my oil change,lead_intent,schedule_maintenance,val
"my car's tires are due to be looked at, can you help me get an appointment for that",lead_intent,schedule_maintenance,val
find out where i can schedule to get my car's tires checked,lead_intent,schedule_maintenance,val
i need to get an appointment for car maintenance,lead_intent,schedule_maintenance,val
help me schedule maintenance for my car,lead_intent,schedule_maintenance,val
help me find somewhere to schedule a check up on my car's tires,lead_intent,schedule_maintenance,val
find me someone who can deal with my car's illuminated check engine light,lead_intent,schedule_maintenance,val
that you so much for the help,ambiguous,thank_you,val
thanks for helping me,ambiguous,thank_you,val
thanks for helping me out today,ambiguous,thank_you,val
thanks for the assist,ambiguous,thank_you,val
thank you for the help,ambiguous,thank_you,val
thanks for your help,ambiguous,thank_you,val
thank you for your help,ambiguous,thank_you,val
i'm thankful for your help,ambiguous,thank_you,val
i am glad that you did that,ambiguous,thank_you,val
i owe you one,ambiguous,thank_you,val
i appreciate you doing that,ambiguous,thank_you,val
appreciated,ambiguous,thank_you,val
i am happy you did that for me,ambiguous,thank_you,val
"thanks, you've helped me",ambiguous,thank_you,val
"thanks, i appreciate it",ambiguous,thank_you,val
i'm thankful,ambiguous,thank_you,val
you have my gratitude,ambiguous,thank_you,val
you've been a big help,ambiguous,thank_you,val
special thanks to you,ambiguous,thank_you,val
you have my sincere gratitude,ambiguous,thank_you,val
i want to report a stolen card,escalate,report_lost_card,val
"my card is lost, i would like to report it",escalate,report_lost_card,val
"my card was stolen, how do i report this",escalate,report_lost_card,val
i need to report a stolen card,escalate,report_lost_card,val
if i lost my card how do i report it,escalate,report_lost_card,val
how do i report a stolen card,escalate,report_lost_card,val
what is the process of reporting a lost card,escalate,report_lost_card,val
"if my card was stolen, where do i report it",escalate,report_lost_card,val
"i lost my card, how do i report it",escalate,report_lost_card,val
report a card lost for me,escalate,report_lost_card,val
i lost a card and i need to report it,escalate,report_lost_card,val
i have a card that was lost i need to report,escalate,report_lost_card,val
amazon visa card is stolen,escalate,report_lost_card,val
my disney visa card is stolen,escalate,report_lost_card,val
spirit mastercard card was taken,escalate,report_lost_card,val
what are the steps to take to report a lost card,escalate,report_lost_card,val
what is the route to take to report a lost card,escalate,report_lost_card,val
can you show me how to report a lost card,escalate,report_lost_card,val
i need the information on how to report a lost card,escalate,report_lost_card,val
my card is lost and i need to know how to report it,escalate,report_lost_card,val
call alex,lead_intent,make_call,val
please call mark,lead_intent,make_call,val
i want to call mark,lead_intent,make_call,val
let me call mark,lead_intent,make_call,val
can we call mark,lead_intent,make_call,val
call back my mom please,lead_intent,make_call,val
start a call to cynthia,lead_intent,make_call,val
i want to call up jan,lead_intent,make_call,val
can you get a call started to martha,lead_intent,make_call,val
please call felicity,lead_intent,make_call,val
please initiate a phone call to my boss,lead_intent,make_call,val
initiate a call to robert,lead_intent,make_call,val
dial the last number that called me,lead_intent,make_call,val
call contact aj,lead_intent,make_call,val
call aj now,lead_intent,make_call,val
call aj,lead_intent,make_call,val
call aj please,lead_intent,make_call,val
call my friend aj,lead_intent,make_call,val
can you call michelle on the home phone,lead_intent,make_call,val
"siri, call jacob",lead_intent,make_call,val
what is the calorie content of lays chips,faq,calories,val
do you know the calorie content of a strip of bacon,faq,calories,val
how many calories are found in bagels,faq,calories,val
tell me the calorie content of frosted flakes,faq,calories,val
inform me of the calorie content of vanilla ice cream,faq,calories,val
how many calories are in apples,faq,calories,val
how many calories are in oranges,faq,calories,val
how many calories are in ice cream,faq,calories,val
how many calories are in cake,faq,calories,val
how many calories are in oreos,faq,calories,val
how many calories does two bananas have,faq,calories,val
"in a fried egg, how many calories are there",faq,calories,val
pocki sticks has how many calories,faq,calories,val
what is the amount of calories that scrambled eggs has,faq,calories,val
how many calories are in a donut hole,faq,calories,val
how many calories are in a ghirardelli sea salt caramel candy,faq,calories,val
how many calories are in a bowel of wheaties,faq,calories,val
how many calories are in a serving of deans french onion dip,faq,calories,val
how many calories are in mashed potatoes,faq,calories,val
how many calories are in powdered donuts,faq,calories,val
my card was damaged by bleach,escalate,damaged_card,val
my card was cut by my kid,escalate,damaged_card,val
my card is ruined and isn't working,escalate,damaged_card,val
my card isn't working because its destroyed,escalate,damaged_card,val
my card is messed up from carding my door,escalate,damaged_card,val
my card was in my pocket and bent,escalate,damaged_card,val
my card has a burn on it,escalate,damaged_card,val
my card is impaired and i can't use it,escalate,damaged_card,val
my card is scuffed up and won't work,escalate,damaged_card,val
my card seems to not work because its blemished,escalate,damaged_card,val
i broke my card trying to do a magic trick,escalate,damaged_card,val
"when my house burned down, so did my card",escalate,damaged_card,val
i broke my card scraping snow off the windshield,escalate,damaged_card,val
i broke my card when i bent my wallet,escalate,damaged_card,val
i ruined my card when it got washed,escalate,damaged_card,val
how can i get a new card that got melted in the sun,escalate,damaged_card,val
my card got dropped in the shredded and i need it replaced,escalate,damaged_card,val
my card was destroyed when my house burned down and i need a replacement,escalate,damaged_card,val
i accidentally caught my card on fire,escalate,damaged_card,val
i accidentally shredded my card,escalate,damaged_card,val
how do i set up a meeting,lead_intent,schedule_meeting,val
what is the process to set up a meeting,lead_intent,schedule_meeting,val
how can i set up a meeting,lead_intent,schedule_meeting,val
what is the process to schedule a meeting,lead_intent,schedule_meeting,val
what do i do to schedule a meeting,lead_intent,schedule_meeting,val
i want you to set a meeting with john at 5 pm,lead_intent,schedule_meeting,val
schedule a monday meeting with sam at 1 pm,lead_intent,schedule_meeting,val
please schedule a meeting with kim at 10 am,lead_intent,schedule_meeting,val
please set a meeting with nancy at 4 pm,lead_intent,schedule_meeting,val
schedule my meeting with jim at 3pm,lead_intent,schedule_meeting,val
get me a meeting room for 9am on friday,lead_intent,schedule_meeting,val
secure us a meeting room for 9am on friday,lead_intent,schedule_meeting,val
arrange a meeting room for 9am on friday,lead_intent,schedule_meeting,val
please schedule a meeting room for 9am on friday,lead_intent,schedule_meeting,val
make sure i get a meeting room for 9am on friday,lead_intent,schedule_meeting,val
is it possible for you to schedule a meeting for 3:00 on wednesday,lead_intent,schedule_meeting,val
can you create a meeting for 3:00 on wednesday,lead_intent,schedule_meeting,val
can you arrange a meeting for 3:00 on wednesday,lead_intent,schedule_meeting,val
can you please set up a meeting for 3:00 on wednesday,lead_intent,schedule_meeting,val
can you hook up a meeting for 3:00 on wednesday,lead_intent,schedule_meeting,val
was my order delivered,lead_intent,order_status,val
did my order get here yet,lead_intent,order_status,val
was my order brought here,lead_intent,order_status,val
was my order shipped here,lead_intent,order_status,val
was the order delivered,lead_intent,order_status,val
what is the status of my purchase,lead_intent,order_status,val
track the status of my purchase,lead_intent,order_status,val
did my order get delivered,lead_intent,order_status,val
has my purchase been delivered yet,lead_intent,order_status,val
has my purchase arrived yet,lead_intent,order_status,val
how far along is my purchase,lead_intent,order_status,val
have my goods been delivered yet,lead_intent,order_status,val
i ordered new light bulbs online when will they get here,lead_intent,order_status,val
when will the clothes i ordered online arrive,lead_intent,order_status,val
i ordered new sheets online when will they arrive,lead_intent,order_status,val
"i ordered some new speakers, so when will they get here",lead_intent,order_status,val
is my order at the delivery address,lead_intent,order_status,val
when is my order coming,lead_intent,order_status,val
is my order here,lead_intent,order_status,val
when will my order arrive,lead_intent,order_status,val
see ya!,ambiguous,goodbye,val
"this was fun, see you around bye",ambiguous,goodbye,val
until next time,ambiguous,goodbye,val
"i enjoyed our talk, bye",ambiguous,goodbye,val
this was a nice chat,ambiguous,goodbye,val
i enjoyed speaking with you,ambiguous,goodbye,val
peace out!,ambiguous,goodbye,val
"this was a nice chat, goodbye",ambiguous,goodbye,val
this was a nice conversation,ambiguous,goodbye,val
"good talk, see you later",ambiguous,goodbye,val
it was lovely to speak with you,ambiguous,goodbye,val
"it was lovely to speak with you, bye bye",ambiguous,goodbye,val
"thank you for the chat, goodbye",ambiguous,goodbye,val
"a pleasure as always to speak with you, bye",ambiguous,goodbye,val
"thank you for chatting with me, bye",ambiguous,goodbye,val
"i enjoyed our talk, goodbye",ambiguous,goodbye,val
"it was a pleasure talking to you, goodbye now",ambiguous,goodbye,val
farewell,ambiguous,goodbye,val
goodnight,ambiguous,goodbye,val
have a good day,ambiguous,goodbye,val
what if any meetings do i have today,lead_intent,meeting_schedule,val
do i have meetings with anyone today,lead_intent,meeting_schedule,val
do i have any meetings on my calendar today,lead_intent,meeting_schedule,val
do i have any meetings on my schedule today,lead_intent,meeting_schedule,val
do i have any meetings today between 9:30 and 10:30,lead_intent,meeting_schedule,val
do i have any meetings today between 9 and 10:30,lead_intent,meeting_schedule,val
do i have any meetings today between 9:20 and 10:30,lead_intent,meeting_schedule,val
do i have any meetings today between 9 and 10:15,lead_intent,meeting_schedule,val
do i have any meetings today between 9 and 10,lead_intent,meeting_schedule,val
what time am i meeting with john,lead_intent,meeting_schedule,val
what time am i meeting john,lead_intent,meeting_schedule,val
what time is my meeting with fred scheduled for,lead_intent,meeting_schedule,val
do i have any meetings coming up with dan,lead_intent,meeting_schedule,val
"i think dan scheduled a meeting today with me, can you double check please",lead_intent,meeting_schedule,val
is my schedule clear with no meetings with dan today,lead_intent,meeting_schedule,val
"what is my schedule like today, any meetings with dan",lead_intent,meeting_schedule,val
is dan aware of any meetings with me today,lead_intent,meeting_schedule,val
how many meetings do i have today,lead_intent,meeting_schedule,val
read me my meeting schedule,lead_intent,meeting_schedule,val
please tell me my meeting schedule,lead_intent,meeting_schedule,val
i need a list of ingredients required to make lamb stew,faq,ingredients_list,val
please search for necessary ingredients included in meatballs,faq,ingredients_list,val
can you tell me the ingredients used in pasta sauce,faq,ingredients_list,val
do you know the ingredients used in homemade chicken soup,faq,ingredients_list,val
i need to know what ingredients are in a french baguette,faq,ingredients_list,val
find list of ingredients i would need to bake a funnel cake,faq,ingredients_list,val
what are the ingredients used in chicken curry,faq,ingredients_list,val
can you tell me what ingredients are needed for cinnamon buns,faq,ingredients_list,val
please give me a list of the ingredients contained in chocolate cupcakes,faq,ingredients_list,val
what ingredients do i need to make raisin bread,faq,ingredients_list,val
what should i get to make the jamaican patties,faq,ingredients_list,val
what do you i need to make pizza dough,faq,ingredients_list,val
what kind of ingredients go into the chicken a la king,faq,ingredients_list,val
what will i need to make lasagna,faq,ingredients_list,val
whare the ingredients for the stir fry,faq,ingredients_list,val
"for pasta primavera, what ingredients will i use",faq,ingredients_list,val
what ingredients do i need for shrimp scampi,faq,ingredients_list,val
i need what ingredients for meatloaf,faq,ingredients_list,val
i'll use what ingredients for lasagna,faq,ingredients_list,val
"for peppercorn steak, what ingredients do i need",faq,ingredients_list,val
contact the bank about fraud activity on my card,escalate,report_fraud,val
i need to talk to someone about a fraudulent activity on my card,escalate,report_fraud,val
i need to report unauthorized activity on my card,escalate,report_fraud,val
"looks like my card is being used by someone else, report it",escalate,report_fraud,val
"there's something fishy on my card, report it",escalate,report_fraud,val
how do i report fraud on my chase bank card,escalate,report_fraud,val
"someone is charging my card for playstations, and it's not me! what do i do!",escalate,report_fraud,val
help! i'm a victim of credit card fraud!,escalate,report_fraud,val
i want to report fraud on my american express,escalate,report_fraud,val
where do i report fraud on my credit card,escalate,report_fraud,val
i want to report fraudulent activity on my mastercard,escalate,report_fraud,val
i want to report fraudulent activity on my quicksilver card,escalate,report_fraud,val
i want to report fraudulent activity on my capital one,escalate,report_fraud,val
i want to report fraudulent activity on my discover card,escalate,report_fraud,val
i want to report fraudulent activity on my visa,escalate,report_fraud,val
"i think there has been a fraud on my black visa card, can i report it",escalate,report_fraud,val
can you assist me on my fradulent activity on my chase card,escalate,report_fraud,val
an unauthorized transactions has been made on my gap card and i need to report it,escalate,report_fraud,val
"is there anyway, i can report a suspicious activity on my citi card",escalate,report_fraud,val
"i would like to report a fraud on my wells fargo card, please",escalate,report_fraud,val
by chance would it be possible to reserve me a hotel in afghanistan at the zoo for the 10th to the 15th,lead_intent,book_hotel,val
is it possible for a hotel to be booked by you for me in afghanistan at the zoo for the 10th to the 15th,lead_intent,book_hotel,val
could you book me a hotel in afghanistan at the zoo for the 10th to the 15th,lead_intent,book_hotel,val
could a hotel be booked for me in afghanistan at the zoo for the 10th to the 15th,lead_intent,book_hotel,val
can you reserve a hotel for myself a hotel in afghanistan at the zoo for the 10th to the 15th,lead_intent,book_hotel,val
i need to reserve a large room or suite for 2 couples for august 15th through august 18th in seattle,lead_intent,book_hotel,val
i need to book a hotel room or suite for 2 adults and 2 children in orlando for july 1st through 5th,lead_intent,book_hotel,val
i need a hotel room for 7 people in st louis for november 3rd through 5th,lead_intent,book_hotel,val
"i need a suite that can accommodate 3 adults and 1 child in san diego for may 15th, 16th, and 17th",lead_intent,book_hotel,val
show me a hotel in boise that has positive reviews,lead_intent,book_hotel,val
i need a hotel with good reviews in baltimore,lead_intent,book_hotel,val
find hotels in baltimore that have positive reviews,lead_intent,book_hotel,val
show me a hotel that has good reviews in kansas city,lead_intent,book_hotel,val
i am looking for a hotel in new york city that has good reviews,lead_intent,book_hotel,val
could you book me a hotel in tampa from may 2 to may 4,lead_intent,book_hotel,val
help me book a place to stay from may 2 to may 4 in tampa,lead_intent,book_hotel,val
can you make a reservation in tampa from may 2 to may 4,lead_intent,book_hotel,val
i want to book a hotel in tampa from may 2 to may 4,lead_intent,book_hotel,val
make me a reservation in tampa from may 2 to may 4,lead_intent,book_hotel,val
book a motel in uptown from march 3 to march 4,lead_intent,book_hotel,val
talk to me about where im at right now,faq,current_location,val
can you tell me where i am,faq,current_location,val
you need all five answers,faq,current_location,val
give me my gps coordinates,faq,current_location,val
pass me my gps coordinates,faq,current_location,val
i need to know what my gps coordinates are,faq,current_location,val
can you give me my gps coordinates,faq,current_location,val
so what are my current gps coordinates,faq,current_location,val
can you find the exact address for where i am currently,faq,current_location,val
tell me what to enter into my gps for my current location,faq,current_location,val
please tell me the address of my current location,faq,current_location,val
i need to know the name of my current location for the tow truck,faq,current_location,val
what is this place,faq,current_location,val
where exactly am i at the moment,faq,current_location,val
where am i at currently,faq,current_location,val
what location is this,faq,current_location,val
what are my coordinates,faq,current_location,val
where am i on gps,faq,current_location,val
latitude and longitude please,faq,current_location,val
"location currently, where",faq,current_location,val
what's is the current weather forecast,faq,weather,val
tell me the forecast,faq,weather,val
what's the weather like,faq,weather,val
what's the forecast for the day,faq,weather,val
i need to know the weather,faq,weather,val
weather forecast please,faq,weather,val
what's today's weather,faq,weather,val
i need to know today's forecast,faq,weather,val
is it going to rain tomorrow,faq,weather,val
what is the weather outside,faq,weather,val
what will be the weather tomorrow,faq,weather,val
what is the weather in atlanta,faq,weather,val
what is the weather in tokyo,faq,weather,val
what's the humidity today,faq,weather,val
what was the temperature yesterday,faq,weather,val
what's today's high and low,faq,weather,val
what's the weather today,faq,weather,val
what's the chance of rain,faq,weather,val
how cold is it in wisconsin today,faq,weather,val
can you tell the temperature it will tomorrow,faq,weather,val
quit talking,escalate,cancel,val
stop please,escalate,cancel,val
scrap,escalate,cancel,val
whats the procedure to cancel it,escalate,cancel,val
stop it,escalate,cancel,val
please abort the current process,escalate,cancel,val
cancel it,escalate,cancel,val
can you cancel it,escalate,cancel,val
hey ai cancel it now,escalate,cancel,val
cancel,escalate,cancel,val
command cancel,escalate,cancel,val
please stop it,escalate,cancel,val
abort it,escalate,cancel,val
how to cancel,escalate,cancel,val
i repeat cancel,escalate,cancel,val
please don't talk any further,escalate,cancel,val
don't talk anymore,escalate,cancel,val
i need you to stop talking,escalate,cancel,val
rescind,escalate,cancel,val
eliminate,escalate,cancel,val
how ya doin,ambiguous,greeting,val
how ya been,ambiguous,greeting,val
hows are ya,ambiguous,greeting,val
heyo,ambiguous,greeting,val
are you good,ambiguous,greeting,val
how is it going my friend,ambiguous,greeting,val
how you are,ambiguous,greeting,val
tell me how are you,ambiguous,greeting,val
hi what's up,ambiguous,greeting,val
hey what's up,ambiguous,greeting,val
hey how's it going,ambiguous,greeting,val
"hi, ai",ambiguous,greeting,val
"good morning, ai",ambiguous,greeting,val
how've you been,ambiguous,greeting,val
wassup,ambiguous,greeting,val
hey,ambiguous,greeting,val
hiya,ambiguous,greeting,val
how's it hanging,ambiguous,greeting,val
hi,ambiguous,greeting,val
hello,ambiguous,greeting,val
what may i call you,faq,what_is_your_name,val
what was your name again,faq,what_is_your_name,val
your name is,faq,what_is_your_name,val
whats your name by the way,faq,what_is_your_name,val
what's your name if i may ask,faq,what_is_your_name,val
what is your name by chance,faq,what_is_your_name,val
what is your names,faq,what_is_your_name,val
what exactly is your name,faq,what_is_your_name,val
what's the name i should use to talk to you,faq,what_is_your_name,val
what is your given name,faq,what_is_your_name,val
what's the name you like to be called,faq,what_is_your_name,val
what's the name you were given,faq,what_is_your_name,val
can i ask your name,faq,what_is_your_name,val
do you mind if i ask your name,faq,what_is_your_name,val
do you have a nickname,faq,what_is_your_name,val
what do you go by,faq,what_is_your_name,val
what do you call yourself,faq,what_is_your_name,val
i'd like to know your name,faq,what_is_your_name,val
your name please,faq,what_is_your_name,val
can i have your name,faq,what_is_your_name,val
can you find me a round trip flight from denver international to new york international on the 3rd through the 7th,lead_intent,book_flight,val
can you look for a denver international to new york international round trip flight for the 5th though 8th,lead_intent,book_flight,val
can you find me a flight from denver international to new york international on the 4th for under 700 dollars,lead_intent,book_flight,val
for under 700 i need a flight from denver international to new york international on the 3rd,lead_intent,book_flight,val
i need a flight from denver international to new york international round trip for the 4th though the 8th,lead_intent,book_flight,val
i want to find a round trip flight from denver international to new york international on the 8th to the 16th,lead_intent,book_flight,val
i need a flight from denver international to new york for under 700 on the 3rd,lead_intent,book_flight,val
i want to find a flight for under 700 on the 4th from denver international to new york international,lead_intent,book_flight,val
on the third i am looking for a flight for under 700 from denver international to new york international,lead_intent,book_flight,val
i need a flight from the 3rd to the 7th round rip from denver international to new york international,lead_intent,book_flight,val
find me a flight from philly to atl for june 5th to 8th,lead_intent,book_flight,val
get me flight from philly to atlanta on june 5th i'm coming back june 8th,lead_intent,book_flight,val
book a flight from philadelphia to atlanta on june 5th and returning on june 8th,lead_intent,book_flight,val
i need an airline ticket for a round trip flight from philadelphia to atlanta for the dates of june 5 - 8,lead_intent,book_flight,val
need airplane ridge from philadelphia to atlanta leaving on the 5th of june and returning on the 8th of june,lead_intent,book_flight,val
i'm looking for a back and forth flight from lax to portland for w to sunday,lead_intent,book_flight,val
i'm exploring a possible cycle flight from yyz to dublin for w to aug two,lead_intent,book_flight,val
i'm seeking a full circle flight from msy to msp for w to june 7,lead_intent,book_flight,val
i'm searching for a 2-way flight from yqg to heathrow for w to memorial day,lead_intent,book_flight,val
i'm striving to find a 2-way flight from jfk to dtw for w to july 3,lead_intent,book_flight,val
"you can remove the field trip from my calendar for march 12, 2019",lead_intent,calendar_update,val
"you can remove the wedding from my calendar for march 12, 2019",lead_intent,calendar_update,val
"you can remove the play date from my calendar for feb 18, 2019",lead_intent,calendar_update,val
"you can remove the dinner party from my calendar for january 21, 2019",lead_intent,calendar_update,val
"you can remove the brithday party from my calendar fpr january 15, 2019",lead_intent,calendar_update,val
put cancel abc on my calendar for next thursday,lead_intent,calendar_update,val
i need to add iep meeting to my calendar on april 15th,lead_intent,calendar_update,val
add my next doctor visit to my calendar,lead_intent,calendar_update,val
add swimming to my calendar today,lead_intent,calendar_update,val
i have an appointment on the 5th put it on for 5pm,lead_intent,calendar_update,val
"for friday, add a doctor's appointment to my calendar",lead_intent,calendar_update,val
can you add a doctor's appointment to friday's calendar,lead_intent,calendar_update,val
add to my friday calendar a doctor's appointment,lead_intent,calendar_update,val
add a doctor's appointment to my calendar for friday,lead_intent,calendar_update,val
add to friday's calendar a doctor's appointment,lead_intent,calendar_update,val
mark my calendar that i will be meeting steven on march 5,lead_intent,calendar_update,val
"on the 22nd of this month, we need to clear our calendar so we can leave it open for mark to visit",lead_intent,calendar_update,val
"can you remove that event from my calendar, please",lead_intent,calendar_update,val
can you remove this event from my calendar,lead_intent,calendar_update,val
"can you remove this event from my calendar, please",lead_intent,calendar_update,val
what is the date that my visa card expires,escalate,expiration_date,val
tell me the expiration date on my visa credit card please,escalate,expiration_date,val
tell me when my credit card from visa expires please,escalate,expiration_date,val
do you know the expiration date that is on my visa card,escalate,expiration_date,val
can you find the expiration date and tell me what it is that is on my visa credit card,escalate,expiration_date,val
will i need to renew my credit card soon,escalate,expiration_date,val
when will my visa expire,escalate,expiration_date,val
will my debit card go bad any time soon,escalate,expiration_date,val
what is my expiration data for my card,escalate,expiration_date,val
when will my card go rotten,escalate,expiration_date,val
will my card expire on a certain month,escalate,expiration_date,val
when is my cards end month,escalate,expiration_date,val
what month does my card stop working,escalate,expiration_date,val
my card will work until what month,escalate,expiration_date,val
what month does my card close,escalate,expiration_date,val
when do i need a new credit card,escalate,expiration_date,val
in what month does my credit card expire,escalate,expiration_date,val
when is my credit card set to expire,escalate,expiration_date,val
i need to know when my credit card is going to expire,escalate,expiration_date,val
tell me when my credit card expires,escalate,expiration_date,val
i would like to cancel my reservation for nenuco's restaurant to x- tapas,escalate,cancel_reservation,val
i need my reservation to be cancelled for nugget to xiomara's restaurant,escalate,cancel_reservation,val
i need to cancel my reservation for new york to xai varanda,escalate,cancel_reservation,val
i want to cancel my reservation for network to xaga such,escalate,cancel_reservation,val
forget reservation at longhorn for 4,escalate,cancel_reservation,val
forget reservation at oyster bar for tonight,escalate,cancel_reservation,val
cancel my reservation at osteria for our party,escalate,cancel_reservation,val
scrap reservation at 4 for red robin,escalate,cancel_reservation,val
cancel reservation at eight for the group,escalate,cancel_reservation,val
i'd like to cancel my reservation for 5 at hoss's steak house,escalate,cancel_reservation,val
please cancel my reservation at red lobster for 6,escalate,cancel_reservation,val
i need to cancel my reservation for 2 at franklin's grille,escalate,cancel_reservation,val
cancel that reservation for 8 at barney's,escalate,cancel_reservation,val
nix that reservation for 4 at strip house,escalate,cancel_reservation,val
undo my reservation for 5 at the loft,escalate,cancel_reservation,val
i no longer want my reservation for 5 at the loft cancel it please,escalate,cancel_reservation,val
"hey siri, please cancel my reservation at the loft for 5",escalate,cancel_reservation,val
i don't need my reservation for 5 at the loft please cancel it,escalate,cancel_reservation,val
cancel my reservation for 5 at the loft,escalate,cancel_reservation,val
carla doesn't want her olive garden reservation anymore,escalate,cancel_reservation,val
what's the funniest thing you've got,faq,tell_joke,val
let me hear something funny,faq,tell_joke,val
i want to hear anything you have that's funny,faq,tell_joke,val
i want to hear something hilarious,faq,tell_joke,val
tell me your funniest joke,faq,tell_joke,val
do you have any funny jokes,faq,tell_joke,val
give me your best joke,faq,tell_joke,val
tell my something funny,faq,tell_joke,val
tell me something to make me laugh,faq,tell_joke,val
i'm in the mood for a joke,faq,tell_joke,val
could you tell me a good joke,faq,tell_joke,val
do you have any funny jokes you can tell,faq,tell_joke,val
have you heard any great jokes lately,faq,tell_joke,val
do you know any good jokes you would like to share,faq,tell_joke,val
what sort of jokes do you know,faq,tell_joke,val
i want to hear doctor jokes,faq,tell_joke,val
do you know any jokes about librarians,faq,tell_joke,val
tell me a funny joke about men,faq,tell_joke,val
can you tell me a joke about a lawyer,faq,tell_joke,val
i want to hear jokes about toddlers,faq,tell_joke,val
i would like to learn to make cookies,faq,recipe,val
show me popular sushi recipes,faq,recipe,val
i need a pancake recipe,faq,recipe,val
find instructions on baking lemon cake,faq,recipe,val
can you give me instructions on how to make alfredo,faq,recipe,val
how do i make shrimp,faq,recipe,val
what is a good recipe for steak,faq,recipe,val
find a recipe for hamburgers,faq,recipe,val
pull up ramen recipes please,faq,recipe,val
how do you make dumplings,faq,recipe,val
how do you make blue cheese dressing,faq,recipe,val
i need a recipe for chicken cordon bleu,faq,recipe,val
recipe for traditional roast beef and gravy,faq,recipe,val
i want to make pork barbque but do no know how,faq,recipe,val
give me a good recipe for chicken parmesan,faq,recipe,val
do you have any good ways to make tomato soup,faq,recipe,val
how do i make chicken alfredo,faq,recipe,val
recipe for beef stroganoff,faq,recipe,val
i need to find a good way to make chicken soup,faq,recipe,val
tell me how to make ramen,faq,recipe,val
order more bread please,lead_intent,order,val
"i ran out of bread, order more",lead_intent,order,val
"since i ran out , order more bread",lead_intent,order,val
place an order for bread,lead_intent,order,val
make an order of bread because i am out,lead_intent,order,val
order an amazon gift card from amazon in the amount of twenty dollars,lead_intent,order,val
order a case of coke from amazon,lead_intent,order,val
order dog food from walmart,lead_intent,order,val
order more paper towels from amazon,lead_intent,order,val
order a disney gift card in the amount of five hundred dollars from costco,lead_intent,order,val
i want to buy an iphone7,lead_intent,order,val
can you order an iphone7 for me with two-day free delivery,lead_intent,order,val
help me buy a black iphone7,lead_intent,order,val
please order an iphone7 for me,lead_intent,order,val
everything needs ordered off my list,lead_intent,order,val
"for the shopping list, order everything",lead_intent,order,val
order all of my shopping list,lead_intent,order,val
order all items on the list,lead_intent,order,val
purchase me the kyrie 4s,lead_intent,order,val
aquire me them kyrie 4s,lead_intent,order,val
is there a reason my card was declined,escalate,card_declined,val
my card was rejected at shakey's and i am wondering why,escalate,card_declined,val
was there a problem with my card yesterday,escalate,card_declined,val
my debit card was rejected at ella's and i want to know why,escalate,card_declined,val
my card was declined at mcdonald's and i want to know why,escalate,card_declined,val
i need to know why you declined my card yesterday,escalate,card_declined,val
"my card was rejected at the zoo, could you tell me why",escalate,card_declined,val
tell me why my card was declined,escalate,card_declined,val
"tell me why my card was declined at auto zone, why",escalate,card_declined,val
i need to know why my credit card transaction was declined,escalate,card_declined,val
why was my credit card not accepted,escalate,card_declined,val
i was in target about to buy a chair when my card got declined,escalate,card_declined,val
my card just got declined when i was in home depot buying tile,escalate,card_declined,val
i was trying to buy a chainsaw at the tractor store and they said my card was declined,escalate,card_declined,val
why was my card declined just now when i tried to buy a jeep at carmax,escalate,card_declined,val
i was at walmart trying to buy toilet paper and my card got declined,escalate,card_declined,val
target declined my card and i don't know why,escalate,card_declined,val
do you know why my card was declined at target i can't figure out why,escalate,card_declined,val
i can't figure out why my card was declined at target,escalate,card_declined,val
i was just at target and they declined my card and i can't understand why,escalate,card_declined,val
set a warning for when my bank account starts running low,spam,oos,val
a show on broadway,spam,oos,val
who has the best record in the nfl,spam,oos,val
how do i find the area of a circle,spam,oos,val
how many onions do i have on hand,spam,oos,val
what is the name of the 13th president,spam,oos,val
show me recent activity in my backyard,spam,oos,val
how long will it take me to pay off my card if i pay an extra $50 a month over the minimum,spam,oos,val
does our bank have free notary,spam,oos,val
what were the top stories this week,spam,oos,val
can i mix antifreeze with water,spam,oos,val
are any earning reports due,spam,oos,val
show me the channel guide,spam,oos,val
is the pnc bank open,spam,oos,val
where does the power steering fluid go,spam,oos,val
when was the last time the president visited floridau,spam,oos,val
how can i keep my windshield from fogging up in winter,spam,oos,val
how do i compute the median of a set of numbers,spam,oos,val
what is happening with brexit right nowu,spam,oos,val
are there any new companies to look out for,spam,oos,val
can you tell me how to compute price per ounce,spam,oos,val
how to unclog a drain,spam,oos,val
am kind of busy now,spam,oos,val
what new reality shows are there for 2019,spam,oos,val
what is the purpose or benefit of a cash advance,spam,oos,val
how can i root an android phone,spam,oos,val
is android better than iphone,spam,oos,val
are androids expensive,spam,oos,val
how long does it take to become an architect,spam,oos,val
who are some famous living architects,spam,oos,val
find out for me as to why people get autism,spam,oos,val
is autism a genetic disease,spam,oos,val
is flu contagious,spam,oos,val
is it true that nicotine is harder to kick than heroin,spam,oos,val
please inform me on bad habits and overcoming them,spam,oos,val
are bad habits closely related with addictions,spam,oos,val
does hypnosis work to break bad habits,spam,oos,val
king of acid,spam,oos,val
suo2,spam,oos,val
what university in the united states offers the best biomedical engineering program,spam,oos,val
what's the definition of nuclear engineering,spam,oos,val
when was electrical engineering created,spam,oos,val
what is naval engineering,spam,oos,val
is it possible to survive in a black hole,spam,oos,val
where do black holes come from,spam,oos,val
what are black holes,spam,oos,val
what was the final vote count in the brexit referendum,spam,oos,val
can you tell me the latest georgia news,spam,oos,val
is the brexit finalized yet,spam,oos,val
the birds fly with there wings,spam,oos,val
how the birds fly,spam,oos,val
where does cannabis originate from,spam,oos,val
how are my cannabis stocks doing,spam,oos,val
is marijuana addictive,spam,oos,val
should i hit or stay at 17 in blackjack,spam,oos,val
what game has the best odds at a casino,spam,oos,val
what's the best opening gambit for a game of chess,spam,oos,val
what side in chess has the general advantage,spam,oos,val
how do i get better at go,spam,oos,val
how high does my sat score need to be to get into harvard,spam,oos,val
what'll an education at boulder state college run,spam,oos,val
what's the average gpa to get into yale,spam,oos,val
what act score is considered good,spam,oos,val
what cryptocurrency gained the most in 2018,spam,oos,val
what's the best crypto to buy in 2019,spam,oos,val
how is crypto legal,spam,oos,val
are there any cybersecurity jobs available in pittsburgh,spam,oos,val
how many firewalls should i have and what type,spam,oos,val
how can i breach a network,spam,oos,val
how does cybersecurity work,spam,oos,val
how many countries in the world are democracies,spam,oos,val
is the united states a democracy,spam,oos,val
which nations are not democratic,spam,oos,val
how does a democracy work,spam,oos,val
please get me my wheelchair,spam,oos,val
what's the best dog food to feed my puppy,spam,oos,val
how do you know when your dog is ill,spam,oos,val
what dog breed sold the most in 2018,spam,oos,val
how much food should i feed my cat,spam,oos,val
what does it mean if i dream of falling off a building,spam,oos,val
is it bad to not remember your dreams,spam,oos,val
why do we dream,spam,oos,val
"do ducks eat meat, vegetables, or both",spam,oos,val
what is the friendliest breed,spam,oos,val
what do geese eat,spam,oos,val
do ducks sleep,spam,oos,val
are over the ear headphones better than in ear headphones,spam,oos,val
what brand of earphones is the best reviewed of 2019,spam,oos,val
are white and brown eggs any different,spam,oos,val
where do eggs come from,spam,oos,val
how can i easily replace a string on my guitar,spam,oos,val
how do you learn how to play electric violin,spam,oos,val
can you give me the standard tuning notes,spam,oos,val
what is the cheapest electric guitar,spam,oos,val
you want to know about current time now,spam,oos,val
what does it mean to have equality,spam,oos,val
what site publishes the most fake news,spam,oos,val
can you tell me some fake news,spam,oos,val
is cnn really fake news,spam,oos,val
why is there fake news,spam,oos,val
define antebellum,faq,definition,test
define discontent,faq,definition,test
what is the meaning of incandescent,faq,definition,test
what does confrontation mean,faq,definition,test
what does serendipity mean,faq,definition,test
what's the definition of luminescent,faq,definition,test
what is the definiton of auspicious,faq,definition,test
what does circuitous mean,faq,definition,test
what's the definition of unencumbered,faq,definition,test
what does adulation mean,faq,definition,test
what does assiduous mean,faq,definition,test
what does amicable mean,faq,definition,test
what's the definition of remunerative,faq,definition,test
what does anachronistic mean,faq,definition,test
what's the definition of idiosyncratic,faq,definition,test
what does yolo mean,faq,definition,test
can you tell me the meaning of fluctuate,faq,definition,test
what does the word polynomial mean,faq,definition,test
what does ferrari mean,faq,definition,test
what is the meaning of the word girn,faq,definition,test
what does mature mean,faq,definition,test
i'd like to know what bitcoin means,faq,definition,test
"i heard some woman say she was going to yerd me, what's that mean",faq,definition,test
can you tell me what obsolescence means,faq,definition,test
please explain the word catastrophic to me,faq,definition,test
what's the meaning of naff,faq,definition,test
can you tell me what dendrofilous means,faq,definition,test
what does peer-to-peer actually mean,faq,definition,test
define epicurean,faq,definition,test
what does epicurean mean,faq,definition,test
would you let me know what the meaning is life is,faq,meaning_of_life,test
would you let me know what is the point of life,faq,meaning_of_life,test
"right now, i need to know the meaning of life",faq,meaning_of_life,test
define the meaning of life for me,faq,meaning_of_life,test
i want to know the meaning of life,faq,meaning_of_life,test
would you explain the meaning of life,faq,meaning_of_life,test
i need you to tell me the meaning of life,faq,meaning_of_life,test
i need to know what the meaning of life is now,faq,meaning_of_life,test
tell me what the meaning of life is,faq,meaning_of_life,test
i need to know what the point of life is,faq,meaning_of_life,test
let me know what the point of life is,faq,meaning_of_life,test
would you provide me with what the point of life is,faq,meaning_of_life,test
tell me what the point of life is,faq,meaning_of_life,test
what is the reason humans even exist,faq,meaning_of_life,test
do you think our lives have purpose or meaning,faq,meaning_of_life,test
can you tell me about the meaning of life,faq,meaning_of_life,test
can you tell me what the meaning of life is,faq,meaning_of_life,test
what do you know about the meaning of life,faq,meaning_of_life,test
i would like information on the meaning of life,faq,meaning_of_life,test
what information can you give me on the meaning of life,faq,meaning_of_life,test
what is the core meaning of life,faq,meaning_of_life,test
what do you know about lifes meaning,faq,meaning_of_life,test
is there any consensun regarding lifes true meaning,faq,meaning_of_life,test
is there a reason beyond biology about why humans are alive,faq,meaning_of_life,test
do you think being alive has any meaning,faq,meaning_of_life,test
is there meaning to life,faq,meaning_of_life,test
is there meaning in life,faq,meaning_of_life,test
what is the answer to life,faq,meaning_of_life,test
what's the answer to it all,faq,meaning_of_life,test
what's life mean to you,faq,meaning_of_life,test
name unusual facts about the circus,faq,fun_fact,test
i need interesting baseball trivia from the nineteen eighties,faq,fun_fact,test
tell me a fun fact about cars,faq,fun_fact,test
give me a fun fact about kangaroo,faq,fun_fact,test
give me a fun fact about koala,faq,fun_fact,test
give me a fun fact about dolphin,faq,fun_fact,test
what is some trivia about frog,faq,fun_fact,test
tell me fun facts of today,faq,fun_fact,test
give me something interesting about stars,faq,fun_fact,test
what is some trivia question about coffee,faq,fun_fact,test
tell me some trivia about sweat,faq,fun_fact,test
tell me some trivia about dolphin,faq,fun_fact,test
what is some trivia about the weather,faq,fun_fact,test
give me a fun fact about komodo dragon,faq,fun_fact,test
give me a amusing fact about wolf,faq,fun_fact,test
what is the interesting trivia about human bodies,faq,fun_fact,test
i want to learn something about apples,faq,fun_fact,test
tell me today's fun fact,faq,fun_fact,test
i want today's fun fact please,faq,fun_fact,test
what is today's fun fact,faq,fun_fact,test
today's fun fact,faq,fun_fact,test
i want a fun fact about london,faq,fun_fact,test
tell me something interesting about bees,faq,fun_fact,test
i would you like to learn something interesting about bees,faq,fun_fact,test
i want to hear cool bee facts,faq,fun_fact,test
what's something interesting about bees,faq,fun_fact,test
i wanna hear something cool about bees,faq,fun_fact,test
tell me fun facts on science topics,faq,fun_fact,test
tell me fun science facts,faq,fun_fact,test
i want to know fun facts about koala bears,faq,fun_fact,test
how long does it take for a credit card to be reissued and mailed to me,escalate,replacement_card_duration,test
can credit card companies expedite delivery of reissued credit cards,escalate,replacement_card_duration,test
can you call the help desk line for my credit card company,escalate,replacement_card_duration,test
how can i request a new credit card,escalate,replacement_card_duration,test
what's the phone number for my credit card company,escalate,replacement_card_duration,test
i recently lost my credit card and need to know how long it takes to get a new one mailed to me,escalate,replacement_card_duration,test
i need to know the time it takes to get a new credit card sent to someone who lost theirs,escalate,replacement_card_duration,test
i lost my credit card recently  how long does take to get a new one in the mail,escalate,replacement_card_duration,test
what is amount of time it takes to get a new credit card i lost mine recently,escalate,replacement_card_duration,test
what is the time frame for sending a customer who lost their credit card a new one,escalate,replacement_card_duration,test
will i get getting my new card anytime soon,escalate,replacement_card_duration,test
what is the shipping status of my replacement card,escalate,replacement_card_duration,test
how long until i get my replacement card,escalate,replacement_card_duration,test
when is my new card expected to arrive,escalate,replacement_card_duration,test
is my replacement card due to arrive in the mail today,escalate,replacement_card_duration,test
how long before my new card is mailed to me,escalate,replacement_card_duration,test
what is the shipping time for my card,escalate,replacement_card_duration,test
how much time before my new card is mailed to me,escalate,replacement_card_duration,test
how long does it take to get a new credit card,escalate,replacement_card_duration,test
time to order and receive a new credit card,escalate,replacement_card_duration,test
when will i received a replacement card,escalate,replacement_card_duration,test
time to replace my credit card,escalate,replacement_card_duration,test
how long before the replacement card is mailed to me,escalate,replacement_card_duration,test
how much longer before the card is mailed to me,escalate,replacement_card_duration,test
how long will it takes to get a new credit card,escalate,replacement_card_duration,test
what is the shipping wait for my card,escalate,replacement_card_duration,test
when will the replaecment card arrive,escalate,replacement_card_duration,test
let me know the wait on a replacement credit card,escalate,replacement_card_duration,test
let me know when the replacement card will arrive,escalate,replacement_card_duration,test
how soon can i expect a replacement card for my lost card to arrive,escalate,replacement_card_duration,test
i need you to tell me what time it is in new york now,faq,time,test
"what time is it in adelaide, australia right now",faq,time,test
is it after noon,faq,time,test
is it six o clock yet,faq,time,test
please give me the time in tanzania at this moment,faq,time,test
can you tell me the current time in jamaica,faq,time,test
"tell me the time in san francisco, please",faq,time,test
"what time is it right now in adelaide, australia",faq,time,test
what time is it in the eastern timezone,faq,time,test
what time is it in the mountain timezone,faq,time,test
what time is it in the greenwich timezone,faq,time,test
what time is it in the central timezone,faq,time,test
tell me what the time is in dallas,faq,time,test
what is the current time in dallas,faq,time,test
can you tell me what time it is in dallas,faq,time,test
what time is it in dallas,faq,time,test
tell time for another city: dallas,faq,time,test
what time is it right now at home,faq,time,test
what’s the time in new york,faq,time,test
tell me the time in california,faq,time,test
tell me the time in las vegas,faq,time,test
what is the time is central time zone,faq,time,test
what is the time in the usa,faq,time,test
what is the time in est,faq,time,test
whats the exact time,faq,time,test
what is the current time,faq,time,test
what's the current time,faq,time,test
what time is it in california,faq,time,test
please give me the time,faq,time,test
the time is what,faq,time,test
can you tell me what you can help with,ambiguous,what_can_i_ask_you,test
what things are you able to help me with,ambiguous,what_can_i_ask_you,test
i would like to know what you can help with,ambiguous,what_can_i_ask_you,test
what kind of things can you help with,ambiguous,what_can_i_ask_you,test
i want to know what type of things you can help me with,ambiguous,what_can_i_ask_you,test
please help me to know what type of things you can help me with,ambiguous,what_can_i_ask_you,test
can i know what type of things you can help me with,ambiguous,what_can_i_ask_you,test
i would like to know what type of things you can help me with,ambiguous,what_can_i_ask_you,test
i will be glad to know what type of things you can help me with,ambiguous,what_can_i_ask_you,test
what subjects do you like,ambiguous,what_can_i_ask_you,test
tell me what subjects you like,ambiguous,what_can_i_ask_you,test
please tell me what subjects you like,ambiguous,what_can_i_ask_you,test
so what subjects do you like,ambiguous,what_can_i_ask_you,test
what type of questions can i ask you,ambiguous,what_can_i_ask_you,test
what kinds of things are you familiar with,ambiguous,what_can_i_ask_you,test
what subjects are you experienced in,ambiguous,what_can_i_ask_you,test
what knowledge do you have on certain subjects,ambiguous,what_can_i_ask_you,test
what kid of subjects do you excel in,ambiguous,what_can_i_ask_you,test
what subjects or areas are you familiar with,ambiguous,what_can_i_ask_you,test
which subjects are you the most experienced with,ambiguous,what_can_i_ask_you,test
tell me what you can do for me,ambiguous,what_can_i_ask_you,test
what sorts of tasks can you do,ambiguous,what_can_i_ask_you,test
what can you do for me,ambiguous,what_can_i_ask_you,test
what can you do to make yourself useful,ambiguous,what_can_i_ask_you,test
what would you be able to do with me,ambiguous,what_can_i_ask_you,test
give me examples of what to ask you,ambiguous,what_can_i_ask_you,test
tell me what types of questions i can ask you,ambiguous,what_can_i_ask_you,test
what are you programmed to do for me,ambiguous,what_can_i_ask_you,test
what things do you know how to do,ambiguous,what_can_i_ask_you,test
how can you help me,ambiguous,what_can_i_ask_you,test
undecided,ambiguous,maybe,test
i'm afraid i don't know how to answer that,ambiguous,maybe,test
might,ambiguous,maybe,test
it might go either way,ambiguous,maybe,test
both could be,ambiguous,maybe,test
either or,ambiguous,maybe,test
my answer would be maybe,ambiguous,maybe,test
either one might be,ambiguous,maybe,test
i can't say for certain either way,ambiguous,maybe,test
it could go either way,ambiguous,maybe,test
it's definitely a maybe for that,ambiguous,maybe,test
i am not sure,ambiguous,maybe,test
maybe it is,ambiguous,maybe,test
i can't say,ambiguous,maybe,test
could be,ambiguous,maybe,test
i am unable to say,ambiguous,maybe,test
i am not able to say,ambiguous,maybe,test
i am really not sure,ambiguous,maybe,test
i do not know,ambiguous,maybe,test
not sure,ambiguous,maybe,test
not sure to be honest,ambiguous,maybe,test
i think maybe,ambiguous,maybe,test
"um, i'm not quite sure",ambiguous,maybe,test
"um, i'm not totally sure",ambiguous,maybe,test
"um, i'm not actually sure",ambiguous,maybe,test
i'm not actually sure,ambiguous,maybe,test
"um, i'm not sure",ambiguous,maybe,test
that might be the case,ambiguous,maybe,test
i'm not completely certain,ambiguous,maybe,test
unsure,ambiguous,maybe,test
"i'd like to make a reservation at rooth chris, can you do that",lead_intent,restaurant_reservation,test
make a reservation for chik-fil-a at 3 o' clock please,lead_intent,restaurant_reservation,test
reserve a table for 3 at 7 for olive garden,lead_intent,restaurant_reservation,test
will you reserve a table at olive garden for 3 people at 7,lead_intent,restaurant_reservation,test
"at 7, i need a table for 3 at olive garden",lead_intent,restaurant_reservation,test
i need a table for 3 at olive garden for 7,lead_intent,restaurant_reservation,test
get a table for me at 7 for 3 people at olive garden,lead_intent,restaurant_reservation,test
reserve table for 5 at red robin under the name sara at 3,lead_intent,restaurant_reservation,test
reverse a table for 5 at burger king under the name sara at 6,lead_intent,restaurant_reservation,test
can you reserve a table for 6 at red robin under the name mavrick at 5 clock,lead_intent,restaurant_reservation,test
could you reserve table for 3 at carlos jr under the name adam at 4,lead_intent,restaurant_reservation,test
i want to reserve table for 5 at red robin under the name sara at 5,lead_intent,restaurant_reservation,test
i need a table for two at the havana at nine,lead_intent,restaurant_reservation,test
look for me a table at carl's cabin for twelve at eight,lead_intent,restaurant_reservation,test
i need a table at gemma for nine at two,lead_intent,restaurant_reservation,test
book me a table for three at rainforest cafe at seven,lead_intent,restaurant_reservation,test
get me a table for five at itta bena at three,lead_intent,restaurant_reservation,test
"5 people are going to be at tropicana by 8pm, reserve the table under martins name please",lead_intent,restaurant_reservation,test
use martins name to reserve a table at tropicana for 5 people at 8pm,lead_intent,restaurant_reservation,test
reserve a table at tropicana for 5 people under the name martins for 8pm,lead_intent,restaurant_reservation,test
martins needs a table for 5 people at tropicana at 8pm precisely,lead_intent,restaurant_reservation,test
the table should be reserved at 8pm at tropicana using martins name and it should be for 5 people,lead_intent,restaurant_reservation,test
are there any open reservations at outback tonight,lead_intent,restaurant_reservation,test
make a reservation for 2 tonight at 7:00 at outback steakhouse,lead_intent,restaurant_reservation,test
michael will reserve a table for two at 7:00pm for olive garden,lead_intent,restaurant_reservation,test
a table for two needs to be reserved for 7:00pm at olive garden using the name michael,lead_intent,restaurant_reservation,test
please reserve a table for two at olive garden at 7:00pm for michael,lead_intent,restaurant_reservation,test
get reservations at olive garden for two at 7:00pm under michael,lead_intent,restaurant_reservation,test
reservations for two need to be made using michael's name for 7:00pm at olive garden,lead_intent,restaurant_reservation,test
i want to eat at seven in the restaurant for two people,lead_intent,restaurant_reservation,test
can you freeze my bank account,escalate,freeze_account,test
i want to freeze my bank account,escalate,freeze_account,test
i want my account locked out,escalate,freeze_account,test
stop all access to my account,escalate,freeze_account,test
i need my account frozen!,escalate,freeze_account,test
i need to lock my account right now!,escalate,freeze_account,test
please force my account to freeze,escalate,freeze_account,test
please stop my account,escalate,freeze_account,test
please allow my account to freeze,escalate,freeze_account,test
please put my account on hold,escalate,freeze_account,test
freeze my account at the bank immediately,escalate,freeze_account,test
would you be able to freeze my bank account,escalate,freeze_account,test
my account at the bank needs to be frozen,escalate,freeze_account,test
please block my discover account immediately,escalate,freeze_account,test
please put a block on my citi account immediately,escalate,freeze_account,test
block my american saving bank for now,escalate,freeze_account,test
block my bank of america immdediately,escalate,freeze_account,test
put a block on bank of amerian immediately,escalate,freeze_account,test
my account needs to be frozen,escalate,freeze_account,test
freeze my account for me,escalate,freeze_account,test
put a freeze on my account,escalate,freeze_account,test
could you please put a stop on my bank account,escalate,freeze_account,test
i need to put a stop on my bank account,escalate,freeze_account,test
are you able to put a stop on my bank account,escalate,freeze_account,test
please put a stop on my bank account,escalate,freeze_account,test
i am hoping you can put a stop on my bank account,escalate,freeze_account,test
please put a freeze on my banking account,escalate,freeze_account,test
i need my bank account frozen,escalate,freeze_account,test
how do i freeze my bank account,escalate,freeze_account,test
would you freeze my bank account,escalate,freeze_account,test
what company made this ai,faq,who_made_you,test
what is the name of the person who made you,faq,who_made_you,test
who is the person that brought you to life,faq,who_made_you,test
who is the one that made you,faq,who_made_you,test
who is your maker,faq,who_made_you,test
which company made you,faq,who_made_you,test
who assembled you,faq,who_made_you,test
i wanna know who programmed you,faq,who_made_you,test
let me know who programmed you,faq,who_made_you,test
who made you,faq,who_made_you,test
i wanna know your maker,faq,who_made_you,test
who was your maker,faq,who_made_you,test
who is the one who programmed you,faq,who_made_you,test
i must know who programmed you,faq,who_made_you,test
tell me who your maker was,faq,who_made_you,test
what was the company that designed you,faq,who_made_you,test
do you know what company were you designed by,faq,who_made_you,test
let me know which company were you designed by,faq,who_made_you,test
what company were you designed by,faq,who_made_you,test
can you let me know what company were you designed by,faq,who_made_you,test
which company were you designed by,faq,who_made_you,test
tell me who made you please,faq,who_made_you,test
can you tell me who made you,faq,who_made_you,test
whats the name of the person who made you,faq,who_made_you,test
what company did the design for this,faq,who_made_you,test
what company did this design,faq,who_made_you,test
what company is responsible for this design,faq,who_made_you,test
what company designed this,faq,who_made_you,test
"for this design, what company did it",faq,who_made_you,test
name the person or group that programmed you,faq,who_made_you,test
please give me the name of a few good options for places to eat dinner tonight,faq,restaurant_suggestion,test
i need some suggestions for dinner places tonight,faq,restaurant_suggestion,test
what are some good places to go out for dinner in my area tonight,faq,restaurant_suggestion,test
show me some restaurants that have high reviews for eating out,faq,restaurant_suggestion,test
can you search recommended casual restaurants for tonight in philadelphia,faq,restaurant_suggestion,test
where can i go to eat,faq,restaurant_suggestion,test
where can i get some good food,faq,restaurant_suggestion,test
"in cleveland, are there any good places that serve clams",faq,restaurant_suggestion,test
does cleveland have any good places that serve clams,faq,restaurant_suggestion,test
can you find any good places in cleveland that serve clams,faq,restaurant_suggestion,test
are there good clam places in cleveland,faq,restaurant_suggestion,test
are there any good places in cleveland that serve clams,faq,restaurant_suggestion,test
"could you suggest a french restaurant, please",faq,restaurant_suggestion,test
can you suggest a french restaurant,faq,restaurant_suggestion,test
can you suggest a thai restaurant,faq,restaurant_suggestion,test
"can you suggest a french restaurant, please",faq,restaurant_suggestion,test
"can you suggest a thai restaurant, please",faq,restaurant_suggestion,test
are there are any good places in washington that serve cheese pizza,faq,restaurant_suggestion,test
what's the food can easily get in canada,faq,restaurant_suggestion,test
what are the best places to get shrimp in chicago,faq,restaurant_suggestion,test
what are the best restaurants open tonight,faq,restaurant_suggestion,test
i need a list of good places to eat near me,faq,restaurant_suggestion,test
pull up some recommendations for places serving fish in maine,faq,restaurant_suggestion,test
where should i go for food tonight,faq,restaurant_suggestion,test
where should i eat,faq,restaurant_suggestion,test
any fantastic restaurants to get shrimp at in atlanta,faq,restaurant_suggestion,test
give me a list of places that serve the best wings in charlotte,faq,restaurant_suggestion,test
i need reviews for places serving tacos in chicago,faq,restaurant_suggestion,test
give me restaurant reccomendations,faq,restaurant_suggestion,test
where can i satisfy my craving for french food in milwaukee,faq,restaurant_suggestion,test
i will say yes as my response,ambiguous,yes,test
my answer to your question is yes,ambiguous,yes,test
yes is my answer,ambiguous,yes,test
"yes, ai, that is correct",ambiguous,yes,test
that's true,ambiguous,yes,test
that's correct,ambiguous,yes,test
that checks out,ambiguous,yes,test
that's right,ambiguous,yes,test
affirmative,ambiguous,yes,test
"yes, that is factual",ambiguous,yes,test
"yes, that happens to be correct",ambiguous,yes,test
that would be correct,ambiguous,yes,test
thats right,ambiguous,yes,test
"yes, this is true",ambiguous,yes,test
sure,ambiguous,yes,test
okay,ambiguous,yes,test
definitely,ambiguous,yes,test
roger that,ambiguous,yes,test
i agree,ambiguous,yes,test
absolutely,ambiguous,yes,test
you're right,ambiguous,yes,test
"yes, that's right",ambiguous,yes,test
please let's do it,ambiguous,yes,test
yes please,ambiguous,yes,test
can we please,ambiguous,yes,test
"yes, please",ambiguous,yes,test
10-4,ambiguous,yes,test
ya,ambiguous,yes,test
yup,ambiguous,yes,test
great,ambiguous,yes,test
give me my reminders,lead_intent,reminder,test
what were the things that i wanted to remember,lead_intent,reminder,test
what were you supposed to remind me of,lead_intent,reminder,test
my list of reminders contains what,lead_intent,reminder,test
what did i want to remember,lead_intent,reminder,test
what did i ask you to remind me of,lead_intent,reminder,test
read my reminder list,lead_intent,reminder,test
is my meeting with frank on my list of reminders,lead_intent,reminder,test
list my reminders,lead_intent,reminder,test
what stuff am i trying to remember,lead_intent,reminder,test
what are my reminders,lead_intent,reminder,test
did i tell you to remind me about laundry,lead_intent,reminder,test
"on my reminders list, is there an item called conference call",lead_intent,reminder,test
what items did i want to remember,lead_intent,reminder,test
what's on my list of things to remember,lead_intent,reminder,test
what kinds of things are you supposed to remind me of,lead_intent,reminder,test
is grocery shopping on my reminders list,lead_intent,reminder,test
i want to know my reminders,lead_intent,reminder,test
read my list of reminders,lead_intent,reminder,test
can you tell me the to do's on my reminder list,lead_intent,reminder,test
please go though the bullet points on my reminder list,lead_intent,reminder,test
what are all the things on my reminder list,lead_intent,reminder,test
"i would like to hear the reminders that i listed on my things to remember list, please",lead_intent,reminder,test
what were the things i want to recall,lead_intent,reminder,test
can you please remind me of the items that i made note of to not forget,lead_intent,reminder,test
refresh my memory about what items i want to remember,lead_intent,reminder,test
remind me of the items on my list of things to remember,lead_intent,reminder,test
"i'd like to just confirm all of the reminders currently on my list of reminders, please",lead_intent,reminder,test
please play my list of reminders,lead_intent,reminder,test
"""which things are wanted to remember",lead_intent,reminder,test
that isn't right,ambiguous,no,test
that's incorrect,ambiguous,no,test
nope that's not it,ambiguous,no,test
no that isn't right,ambiguous,no,test
that's not correct,ambiguous,no,test
that isn't correct,ambiguous,no,test
that is incorrect,ambiguous,no,test
that's wrong,ambiguous,no,test
"no, that is wrong",ambiguous,no,test
"no, that is incorrect",ambiguous,no,test
"no, definitely not",ambiguous,no,test
i'd say no,ambiguous,no,test
the statement is false,ambiguous,no,test
that's false,ambiguous,no,test
false,ambiguous,no,test
it is no,ambiguous,no,test
it is false,ambiguous,no,test
it is very much false,ambiguous,no,test
that has to be false,ambiguous,no,test
that is so false,ambiguous,no,test
that can't be true,ambiguous,no,test
that's a negatory,ambiguous,no,test
there is no way in heck that is true,ambiguous,no,test
nope not it,ambiguous,no,test
that is most definitely false,ambiguous,no,test
"no, you are wrong",ambiguous,no,test
"no, that is a falsehood",ambiguous,no,test
you got that wrong,ambiguous,no,test
that is the wrong answer,ambiguous,no,test
not right now,ambiguous,no,test
tell me nutritional info for brocoli,faq,nutrition_info,test
tell me nutritional info for lettuce,faq,nutrition_info,test
tell me nutritional info for fish,faq,nutrition_info,test
tell me nutritional info for burger,faq,nutrition_info,test
tell me nutritional info for beans,faq,nutrition_info,test
how healthy is blueberrys,faq,nutrition_info,test
how healthy is tacos,faq,nutrition_info,test
how healthy is mcdonalds,faq,nutrition_info,test
how healthy is a cheeseburger,faq,nutrition_info,test
how healthy is rice,faq,nutrition_info,test
find the nutrition info for whole milk for me,faq,nutrition_info,test
what are the nutrition facts for greek yogurt,faq,nutrition_info,test
find the nutrition info for ketchup for me,faq,nutrition_info,test
what are the nutrition facts for cucumbers,faq,nutrition_info,test
what are the nutrition facts for apple sauce,faq,nutrition_info,test
what are the nutrition facts for peanut butter,faq,nutrition_info,test
find the nutrition info for bell peppers for me,faq,nutrition_info,test
find the nutrition info for cheese fries for me,faq,nutrition_info,test
find the nutrition info for cucumbers for me,faq,nutrition_info,test
what are the nutrition facts for carrots,faq,nutrition_info,test
please give me the nutritional information for an egg,faq,nutrition_info,test
what's the nutrition info for a pound of chicken,faq,nutrition_info,test
tell me the nutrition info for a cup of milk,faq,nutrition_info,test
what's the nutrition info for a cucumber,faq,nutrition_info,test
give me the nutritional details for a cup of yogurt,faq,nutrition_info,test
i need the nutrition facts for ramen,faq,nutrition_info,test
tell me the nutrition facts for shepherd's pie,faq,nutrition_info,test
i would like nutrition facts for spaghetti carbonara,faq,nutrition_info,test
tell me spaghetti bolognese's nutrition facts,faq,nutrition_info,test
i want the nutrition facts for buttered spaghetti,faq,nutrition_info,test
do i have my nephew's birthday marked for november 10th,lead_intent,calendar,test
do i have any appoints set for my calendar april 3rd,lead_intent,calendar,test
did i set march 10th as my doctor's appointment,lead_intent,calendar,test
do i have any appointments on my calendar march 22nd,lead_intent,calendar,test
did i set a day on my calendar for voting in the next election,lead_intent,calendar,test
did i mark the mechanic's appointment on my calendar,lead_intent,calendar,test
do i have any calendars set for may 12th,lead_intent,calendar,test
what day did i set on my calendar for the first day of school,lead_intent,calendar,test
is anything on my calendar for june 22nd,lead_intent,calendar,test
what do i have going on on my calendar for march 18th,lead_intent,calendar,test
is my meeting with frank on my calendar,lead_intent,calendar,test
what do i have planned for 3/5,lead_intent,calendar,test
have i gotten around to adding the bike ride to my calendar yet,lead_intent,calendar,test
what events do i have going on on march 11th,lead_intent,calendar,test
i can't remember if i added the fun run to my calendar yet; did i,lead_intent,calendar,test
have i added my doctor's appointment to my calendar,lead_intent,calendar,test
do i have calendar events on march 19th,lead_intent,calendar,test
read my calendar for march 7th,lead_intent,calendar,test
do i have any items on my calendar for march 21st,lead_intent,calendar,test
do i have any calendar entries for march 8th,lead_intent,calendar,test
tell me what's on my calendar for march 22nd,lead_intent,calendar,test
is the marathon on friday added to my calendar,lead_intent,calendar,test
what's on my calendar for march 20th,lead_intent,calendar,test
what's on my calendar on march 10th,lead_intent,calendar,test
"check my calendar for me, please",lead_intent,calendar,test
is event on my calendar,lead_intent,calendar,test
retrieve events on my calendar,lead_intent,calendar,test
is bowling on my calendar,lead_intent,calendar,test
on tuesday you are supposed to have a meeting,lead_intent,calendar,test
you have yo go to school on calendar,lead_intent,calendar,test
date please,faq,date,test
what is the current day,faq,date,test
which day is it now,faq,date,test
what's the name of the day today,faq,date,test
what is the day now,faq,date,test
what day are we in,faq,date,test
tell me what tomorrow's date is,faq,date,test
please tell me what the date is tomorrow,faq,date,test
let me know what tomorrow's date is,faq,date,test
let me know the date tomorrow,faq,date,test
i need to know tomorrow's date,faq,date,test
please tell me what today is,faq,date,test
"tell me the date, please",faq,date,test
tell me the date 5 days from now,faq,date,test
tell me what the date will be in 5 days,faq,date,test
what is the date in 5 days,faq,date,test
"in 5 days from today, what will the date be",faq,date,test
what would the date be 5 days from today,faq,date,test
what day it today,faq,date,test
what will tomorrow be on the calendar,faq,date,test
what date will it be tomorrow,faq,date,test
what date is it tomorrow,faq,date,test
what is the date of tomorrow,faq,date,test
what's tomorrow's date,faq,date,test
what's the date today,faq,date,test
give me today's date,faq,date,test
tell me today's date,faq,date,test
what's the date,faq,date,test
today is which day of the week,faq,date,test
today is what day of the week,faq,date,test
can you see if i can make an appointment to have my oil changed,lead_intent,schedule_maintenance,test
find out the next available date and time i can go to get my oil changed please,lead_intent,schedule_maintenance,test
can you let me know the next open slot for me to get my oil changed,lead_intent,schedule_maintenance,test
"i need to make an appointment for an oil change, please",lead_intent,schedule_maintenance,test
what is the next date for which i can get an oil change appointment,lead_intent,schedule_maintenance,test
i need a aaa service place to make an appointment for my tires to be assessed,lead_intent,schedule_maintenance,test
my auto tires need to be checked out so where can i get an appointment,lead_intent,schedule_maintenance,test
where can i go to have my tires checked out,lead_intent,schedule_maintenance,test
i need an appointment for someone to check out my check engine light being on,lead_intent,schedule_maintenance,test
my check engine light is on so is anyone available to check it out for me,lead_intent,schedule_maintenance,test
can someone take a look at my car because the check engine light is on,lead_intent,schedule_maintenance,test
do you have time today for someone to look at my car because the check engine light is on,lead_intent,schedule_maintenance,test
find a place near me to have my tires inspected,lead_intent,schedule_maintenance,test
where can i get a appointment for a tire check for the car,lead_intent,schedule_maintenance,test
i need to bring my car in because the check engine light is staying lit,lead_intent,schedule_maintenance,test
can i get someone to check my check engine light,lead_intent,schedule_maintenance,test
can someone tell me why my check engine light is on,lead_intent,schedule_maintenance,test
"my check engine light is on, i need someone to look at it",lead_intent,schedule_maintenance,test
can someone look at my check engine light,lead_intent,schedule_maintenance,test
my check engine light is on and i need someone to look at it,lead_intent,schedule_maintenance,test
will someone please look at my check engine light that is on,lead_intent,schedule_maintenance,test
can someone look at my check engine light that's on,lead_intent,schedule_maintenance,test
could someone look at my check engine light that's on,lead_intent,schedule_maintenance,test
can i get someone to look at my check engine light that is on,lead_intent,schedule_maintenance,test
should i schedule a car maintenance,lead_intent,schedule_maintenance,test
should i go to a car maintenance,lead_intent,schedule_maintenance,test
should i call a car maintenance,lead_intent,schedule_maintenance,test
may i schedule a car maintenance,lead_intent,schedule_maintenance,test
should i take my car to a maintenance,lead_intent,schedule_maintenance,test
can i make a car maintenance appointment,lead_intent,schedule_maintenance,test
thank you ever so much for that!,ambiguous,thank_you,test
you’re the best thanks so much!,ambiguous,thank_you,test
thanks for helping,ambiguous,thank_you,test
i am grateful for the help,ambiguous,thank_you,test
thank you for the heip,ambiguous,thank_you,test
i apprecaite the help from you,ambiguous,thank_you,test
thanks that was really helpful,ambiguous,thank_you,test
thank you for your time and trying to help,ambiguous,thank_you,test
thank you for your assistance,ambiguous,thank_you,test
thanks for all your help,ambiguous,thank_you,test
thanks for trying,ambiguous,thank_you,test
many thank,ambiguous,thank_you,test
thanks a million,ambiguous,thank_you,test
thank a bunch,ambiguous,thank_you,test
i appeciate it,ambiguous,thank_you,test
i would like to thank you ai,ambiguous,thank_you,test
"ai you have given me so much information, thank you",ambiguous,thank_you,test
thanks so much ai,ambiguous,thank_you,test
thank you ai for everything you do,ambiguous,thank_you,test
"ai is a helpful item to have in my home, thank you",ambiguous,thank_you,test
thank you very much,ambiguous,thank_you,test
"that answer was very helpful, thanks",ambiguous,thank_you,test
"great, thanks!",ambiguous,thank_you,test
thanks for your help!,ambiguous,thank_you,test
thanks so much,ambiguous,thank_you,test
thanks for that answer,ambiguous,thank_you,test
thank you for that reply,ambiguous,thank_you,test
thanks for the reply,ambiguous,thank_you,test
thanks for that response,ambiguous,thank_you,test
thank you for that response,ambiguous,thank_you,test
i need to tell you about my lost card,escalate,report_lost_card,test
"i lost my card, what do i do next",escalate,report_lost_card,test
"i have lost my card, what am i supposed to do",escalate,report_lost_card,test
where do i report that my card was lost,escalate,report_lost_card,test
who do i speak with about my card that was lost,escalate,report_lost_card,test
please help me report my lost card,escalate,report_lost_card,test
set up a report for a lost card,escalate,report_lost_card,test
can you report a lost card for me,escalate,report_lost_card,test
i lost my card and need to report it,escalate,report_lost_card,test
what is the process for reporting my card as lost,escalate,report_lost_card,test
someone used my chase card without my authorization,escalate,report_lost_card,test
can you tell me how to report a card lost,escalate,report_lost_card,test
please tell me how to go about reporting a lost card,escalate,report_lost_card,test
search steps for how to report a card lost,escalate,report_lost_card,test
i need to to know how to report a lost card,escalate,report_lost_card,test
my bank of america visa platinum was swiped from my belongings,escalate,report_lost_card,test
who do i call to report my card as lost,escalate,report_lost_card,test
what should i do if i need to report my card lost,escalate,report_lost_card,test
my capital one visa was taken without permission,escalate,report_lost_card,test
i need to report that someone ran off with my td bank card earlier,escalate,report_lost_card,test
what steps do i need to take to report a card lost,escalate,report_lost_card,test
i would like to report my american express card stolen,escalate,report_lost_card,test
how do i report that i lost my card,escalate,report_lost_card,test
how do i report that i actually lost my card,escalate,report_lost_card,test
how do i report that i lost the card,escalate,report_lost_card,test
how do i report my very lost card,escalate,report_lost_card,test
how do i report the card as lost,escalate,report_lost_card,test
"lost report card, need new one",escalate,report_lost_card,test
my report card was stolen,escalate,report_lost_card,test
my report card was lost help!,escalate,report_lost_card,test
i need to call my dad,lead_intent,make_call,test
i need to call my friend,lead_intent,make_call,test
i need to call my coworker,lead_intent,make_call,test
i need to call my mom,lead_intent,make_call,test
i need to call my boss,lead_intent,make_call,test
i need you to call the phone company for me,lead_intent,make_call,test
make a call for me to the vet,lead_intent,make_call,test
dial up dominos pizza,lead_intent,make_call,test
call my doctor,lead_intent,make_call,test
get mom on the phone,lead_intent,make_call,test
please make a call to stefan larson,lead_intent,make_call,test
use phone to call alexa,lead_intent,make_call,test
"computer, call alexa",lead_intent,make_call,test
"computer, place a call to alexa",lead_intent,make_call,test
can you call alexa,lead_intent,make_call,test
call alexa at home,lead_intent,make_call,test
i would like to make a call to sal,lead_intent,make_call,test
i would like to make a phone call,lead_intent,make_call,test
can i make a phone call,lead_intent,make_call,test
i need to make a call,lead_intent,make_call,test
i need you to phone sal,lead_intent,make_call,test
i need to call sal,lead_intent,make_call,test
i have to make a phone call,lead_intent,make_call,test
i have to use the phone to make a call,lead_intent,make_call,test
could you call sal,lead_intent,make_call,test
call sal,lead_intent,make_call,test
x needs to be called by me,lead_intent,make_call,test
call to mom,lead_intent,make_call,test
call mom,lead_intent,make_call,test
dial her up,lead_intent,make_call,test
number of calories in coke,faq,calories,test
what kind of calories do chicken tenders have,faq,calories,test
calorie content of dr pepper,faq,calories,test
what's the calorie content of chicken nuggets,faq,calories,test
how many calories are in hamburgers,faq,calories,test
what is the calorie count for this milkshake,faq,calories,test
how many calories does an orange have,faq,calories,test
what is the total number of calories in this pizza,faq,calories,test
how many calories are in a burger,faq,calories,test
rolls have how many calories,faq,calories,test
what is the calorie content in bananas,faq,calories,test
what is the calorie content in peanut butter,faq,calories,test
what is the calorie content in french fries,faq,calories,test
what is the calorie content in potatoes,faq,calories,test
what is the calorie content in spaghetti,faq,calories,test
i need to know the calorie content of spaghetti,faq,calories,test
how many calories are in a sandwich,faq,calories,test
what number of calories are in a pizza,faq,calories,test
what is the number of calories in a steak,faq,calories,test
how many calories are in a cheeseburger,faq,calories,test
can you check the amount of calories in a chicken sandwich,faq,calories,test
what is the calorie count of a burrito,faq,calories,test
"calorie check, cheese burger",faq,calories,test
how many calories are in a taco,faq,calories,test
can you see how many calories are in cream of mushroom soup,faq,calories,test
the intake of calories it it bad,faq,calories,test
how much is alorie intake,faq,calories,test
hoq many calories does pasta have,faq,calories,test
how many calories can i expect to be in fries,faq,calories,test
what's the calorie content of french fries,faq,calories,test
tell me how to go about reporting a damaged card,escalate,damaged_card,test
my card is damaged,escalate,damaged_card,test
i want to report a damaged card,escalate,damaged_card,test
where should i report a damaged card,escalate,damaged_card,test
can you find out how to report a damaged card,escalate,damaged_card,test
my card has become too frayed and torn to use,escalate,damaged_card,test
what do i do about a card that's too messed up to be properly scanned,escalate,damaged_card,test
my card became damaged when i dropped it in the parking lot and it got ran over,escalate,damaged_card,test
i have a damaged card that needs replaced because my son dropped it in a blender,escalate,damaged_card,test
i sat on my credit card and broke it in half and need it replaced,escalate,damaged_card,test
my credit card got torn and i need a new one,escalate,damaged_card,test
what do i do with a damaged credit card,escalate,damaged_card,test
how do i replace a damaged card,escalate,damaged_card,test
i have a card that needs replaced because my wine dumped wine on it,escalate,damaged_card,test
i spilled wine on my credit card and now its all mushy and needs to be replaced,escalate,damaged_card,test
my dog swallowed my credit card and i need a new one,escalate,damaged_card,test
i want to report a damaged card that my cat shredded with its claws,escalate,damaged_card,test
i need to replace a card that my daughter spilled juice on,escalate,damaged_card,test
i'm unable to use my card because it's been ruined,escalate,damaged_card,test
i can't use my card because it’s damaged badly,escalate,damaged_card,test
i cannot use my card cuz it's damaged,escalate,damaged_card,test
i can't use my card because it’s messed up,escalate,damaged_card,test
i can't use my card because it’s broken,escalate,damaged_card,test
i can't use my card because i damaged it,escalate,damaged_card,test
who should i talk to about the fact that i inadvertently split my card almost in half,escalate,damaged_card,test
i accidentally deactivated the magnetic stripe on my visa debit card and i need to report it,escalate,damaged_card,test
can i talk to someone to let them know my card was damaged from being melted on a radiator,escalate,damaged_card,test
i would like to report a damaged card that was burnt,escalate,damaged_card,test
i would like to report my card damaged since i accidentally spilled gorilla glue all over it and the numbers are now obscured,escalate,damaged_card,test
my visa has been damaged,escalate,damaged_card,test
please book a meeting room for thusday at 4:00,lead_intent,schedule_meeting,test
would you please schedule a meeting room for 4:00 on thursday,lead_intent,schedule_meeting,test
could you schedule a meeting room for 4:00 on thursday,lead_intent,schedule_meeting,test
will you schedule a conference room for thursday at 4:00,lead_intent,schedule_meeting,test
can you reserve a meeting space for 4:00 on thursday,lead_intent,schedule_meeting,test
i need to know how to schedule a meeting,lead_intent,schedule_meeting,test
please help me figure out how to set up a meeting,lead_intent,schedule_meeting,test
i need assistance scheduling a meeting,lead_intent,schedule_meeting,test
walk me through the process of scheduling a meeting,lead_intent,schedule_meeting,test
help me set up a meeting please,lead_intent,schedule_meeting,test
"i need a meeting room between 3-7, are any available",lead_intent,schedule_meeting,test
can you tell me if there are meeting rooms available between 1 and 4,lead_intent,schedule_meeting,test
are meeting rooms free between 8-3,lead_intent,schedule_meeting,test
do you know if meeting rooms are open to use 1-2,lead_intent,schedule_meeting,test
can you check if meeting rooms are available between 4 and 5,lead_intent,schedule_meeting,test
meeting rooms open between one and three pm,lead_intent,schedule_meeting,test
check meeting room availability between one and three pm,lead_intent,schedule_meeting,test
what meeting rooms are available for meeting 5pm friday,lead_intent,schedule_meeting,test
"reserve a meeting room for friday, 5pm",lead_intent,schedule_meeting,test
one and three pm are there meeting rooms open,lead_intent,schedule_meeting,test
friday 5pm schedule a room for meeting,lead_intent,schedule_meeting,test
open meeting rooms from one to three pm,lead_intent,schedule_meeting,test
can you reserve a room for a friday meeting at 5pm,lead_intent,schedule_meeting,test
reserve a meeting room for 5pm on friday,lead_intent,schedule_meeting,test
check meeting rooms available between one and three pm,lead_intent,schedule_meeting,test
"i need to schedule meeting room for monday at 2:30 pm, please",lead_intent,schedule_meeting,test
i would like you to reserve a conference room for noon tomorrow,lead_intent,schedule_meeting,test
please reserve a meeting room for 1:00 pm on tuesday,lead_intent,schedule_meeting,test
"go ahead and hold a conference room for friday at 11 am, please",lead_intent,schedule_meeting,test
can you book a meeting room for friday at 9:00 am,lead_intent,schedule_meeting,test
where is my order now,lead_intent,order_status,test
tell me all updates about my order's status,lead_intent,order_status,test
is my order on its way or what's going on,lead_intent,order_status,test
how is my order doing right now,lead_intent,order_status,test
locate my package,lead_intent,order_status,test
can you monitor my package's progress,lead_intent,order_status,test
track my order,lead_intent,order_status,test
tell me where my package is currently,lead_intent,order_status,test
where is my package en route,lead_intent,order_status,test
give me the status of my order,lead_intent,order_status,test
when will i get my order,lead_intent,order_status,test
tell me where my order is,lead_intent,order_status,test
what is the status of the order i placed with you yesterday,lead_intent,order_status,test
what's the updated status of my order,lead_intent,order_status,test
can you help with delivery tracking,lead_intent,order_status,test
i need a delivery tracked,lead_intent,order_status,test
i need to track my order,lead_intent,order_status,test
i placed an order and i need it tracked,lead_intent,order_status,test
could you track an order for me,lead_intent,order_status,test
has my package been sent,lead_intent,order_status,test
what time is my package getting here,lead_intent,order_status,test
how's my amazon order doing,lead_intent,order_status,test
i need to track a package,lead_intent,order_status,test
i want to track a package i should be getting,lead_intent,order_status,test
please track my order,lead_intent,order_status,test
can you tell me when my item will get here,lead_intent,order_status,test
can you tell me where my item is,lead_intent,order_status,test
what's up with my order,lead_intent,order_status,test
are they any updates on my order,lead_intent,order_status,test
i need to track the status of my order,lead_intent,order_status,test
good speaking to you,ambiguous,goodbye,test
it was really awesome to talk to you,ambiguous,goodbye,test
it was great to speak with you,ambiguous,goodbye,test
it was great to talk to you,ambiguous,goodbye,test
bye bye then,ambiguous,goodbye,test
it was very good to talk to you,ambiguous,goodbye,test
good bye then,ambiguous,goodbye,test
bye,ambiguous,goodbye,test
regards,ambiguous,goodbye,test
catch you later,ambiguous,goodbye,test
"great talk, thanks",ambiguous,goodbye,test
later,ambiguous,goodbye,test
goodbye,ambiguous,goodbye,test
see you later,ambiguous,goodbye,test
"enjoy your day, goodbye",ambiguous,goodbye,test
thank you goodbye,ambiguous,goodbye,test
"have a good day, bye",ambiguous,goodbye,test
that will be all have a nice day!,ambiguous,goodbye,test
"i enjoyed talking to you, bye",ambiguous,goodbye,test
it was great talking to you,ambiguous,goodbye,test
nice seeing you bye,ambiguous,goodbye,test
it was nice to chat,ambiguous,goodbye,test
it was a pleasure talking to you,ambiguous,goodbye,test
ok good chatting goodbye,ambiguous,goodbye,test
thanks bye bye!,ambiguous,goodbye,test
"that's all i need, i'm going now",ambiguous,goodbye,test
"talk to you soon, bye!",ambiguous,goodbye,test
"thanks for your help, goodbye!",ambiguous,goodbye,test
good bye,ambiguous,goodbye,test
signing off,ambiguous,goodbye,test
are there meetings scheduled for today,lead_intent,meeting_schedule,test
check today's calendar for meetings,lead_intent,meeting_schedule,test
check my schedule for meetings today,lead_intent,meeting_schedule,test
list meetings on calendar for today,lead_intent,meeting_schedule,test
exactly what time is my meeting with robin scheduled for on,lead_intent,meeting_schedule,test
for what time is my meeting with marketing scheduled,lead_intent,meeting_schedule,test
what time is my meeting with design team scheduled for,lead_intent,meeting_schedule,test
when is my meeting with infrastructure,lead_intent,meeting_schedule,test
when is my meeting with invoicing scheduled,lead_intent,meeting_schedule,test
is the meeting with lisa today,lead_intent,meeting_schedule,test
are there meetings from 1 to 5 pm,lead_intent,meeting_schedule,test
when for i meet jane for our meeting,lead_intent,meeting_schedule,test
tell me if i have a meeting with liz today,lead_intent,meeting_schedule,test
is there a meeting with sam today,lead_intent,meeting_schedule,test
do i have a meeting with paul today,lead_intent,meeting_schedule,test
is there any meetings from 5 to 6 pm,lead_intent,meeting_schedule,test
when is my meeting with jim scheduled for,lead_intent,meeting_schedule,test
are there any meetings between 2 and 5 pm,lead_intent,meeting_schedule,test
is it possible i have a meeting with kim today,lead_intent,meeting_schedule,test
my meeting with alice is scheduled for when,lead_intent,meeting_schedule,test
when is my meeting with jack for,lead_intent,meeting_schedule,test
when is my meeting with ann,lead_intent,meeting_schedule,test
do i have any meetings between 1 and 8 pm,lead_intent,meeting_schedule,test
i need to know if i have meetings from 3 to 6 pm,lead_intent,meeting_schedule,test
do i have any meetings scheduled today,lead_intent,meeting_schedule,test
give me a summary of today's meetings,lead_intent,meeting_schedule,test
tell me when today's meeting is supposed to happen,lead_intent,meeting_schedule,test
what time is today's meeting,lead_intent,meeting_schedule,test
check the start time of the meeting scheduled for today,lead_intent,meeting_schedule,test
am i supposed to attend any meetings today,lead_intent,meeting_schedule,test
what food do you need to make lasagna,faq,ingredients_list,test
what ingredients do you need to make lasagna,faq,ingredients_list,test
what ingredients are needed to make lasgana,faq,ingredients_list,test
what is needed to make lasagna,faq,ingredients_list,test
what is needed to cook lasagna,faq,ingredients_list,test
give me a recipe for tacos,faq,ingredients_list,test
what ingredients are in tacos,faq,ingredients_list,test
tell me what's in tacos,faq,ingredients_list,test
what's a good recipe foe tacos,faq,ingredients_list,test
tell me the ingredients for making tom yum,faq,ingredients_list,test
i want to know the ingredients for making pizza,faq,ingredients_list,test
let me know the ingredients i will need for pasta making,faq,ingredients_list,test
what ingredients are necessary to make spaghetti carbonara,faq,ingredients_list,test
what do i need to use to make lasagna,faq,ingredients_list,test
how much flour do i need for a strawberry cake,faq,ingredients_list,test
tell me the ingredients to make an apple pie,faq,ingredients_list,test
what ingredients are in beef jerkey,faq,ingredients_list,test
what ingredients does agor agor need,faq,ingredients_list,test
what do i need to make authentic kimchi,faq,ingredients_list,test
what do i need to make macaroni,faq,ingredients_list,test
what do i need to buy for spaghetti,faq,ingredients_list,test
what am i gonna need for sushi,faq,ingredients_list,test
what ingredients do i use for pork belly,faq,ingredients_list,test
what ingredients are in filet mignon,faq,ingredients_list,test
let me know what ingredients i need to make pasta,faq,ingredients_list,test
what do i need to make pasta,faq,ingredients_list,test
give me a list of ingredients for making pasta,faq,ingredients_list,test
pull up everything i need to make a pasta dish,faq,ingredients_list,test
tell me all the things i need to buy to make pasta,faq,ingredients_list,test
what do i need to make brownies,faq,ingredients_list,test
i want to report fraudulent activity on my navy federal card,escalate,report_fraud,test
i would like to report fraudulent activity on my chase card,escalate,report_fraud,test
i need to report fraudulent activity on my usaa card,escalate,report_fraud,test
i have to report fraudulent activity on my bank of the west card,escalate,report_fraud,test
i have to report fraudulent activity the bank of america card,escalate,report_fraud,test
i seem to have a purchase that i didn't make from olive garden on my account,escalate,report_fraud,test
my online bill has some items that i didn't purchase from penneys,escalate,report_fraud,test
my account shows a transaction that i didn't make from foot locker,escalate,report_fraud,test
my bill shows a purchase from payless shoes but i didn't buy anything,escalate,report_fraud,test
i have some charges on my account from old navy that aren't mine,escalate,report_fraud,test
this charge is bs,escalate,report_fraud,test
i have a bogus transaction from amazon on my account,escalate,report_fraud,test
i have a fraudulent buy from dave's video on my account,escalate,report_fraud,test
i have a crap transaction from guitar center on my account,escalate,report_fraud,test
i think this transaction is bogus,escalate,report_fraud,test
i don't remember buying this,escalate,report_fraud,test
i have a bs transaction from ebay on my account,escalate,report_fraud,test
i've got a fraudulent purchase from kayak on my account,escalate,report_fraud,test
do i have a fraudulent transaction on my account,escalate,report_fraud,test
i'm pretty sure i have a fraudulent transaction on my account,escalate,report_fraud,test
there's a false charge on my account from mcdonald's,escalate,report_fraud,test
i think there's a fraudulent charge from mcdonald's on my account,escalate,report_fraud,test
i think someone jacked my bank account,escalate,report_fraud,test
i saw suspicious activity on my bank account,escalate,report_fraud,test
someone else used my account to buy stuff from mcdonald's,escalate,report_fraud,test
there's a messed up transaction on my account from mcdonald's,escalate,report_fraud,test
i saw a fraudulent transaction,escalate,report_fraud,test
i have a false charge on my account from mcdonald's,escalate,report_fraud,test
who do i contact to report fraud on my visa,escalate,report_fraud,test
there has been unauthorized use of my visa,escalate,report_fraud,test
i really need you to find me a hotel with good reviews in phoenix,lead_intent,book_hotel,test
i wanna book a place to stay in phoenix from the 5th to the 9th of march,lead_intent,book_hotel,test
i wanna find a hotel with good reviews in phoenix,lead_intent,book_hotel,test
i want a hotel in phoenix near chase field from january 4th to the 8th,lead_intent,book_hotel,test
i would like to book a place to stay in phoenix from the 5th to the 9th of march,lead_intent,book_hotel,test
i need a hotel in phoenix near chase field from january 4th to the 8th,lead_intent,book_hotel,test
i need a hotel room that is big enough for eleven people from march 10th to the 15th in phoenix,lead_intent,book_hotel,test
i must get a hotel in phoenix near chase field from january 4th to the 8th,lead_intent,book_hotel,test
go ahead and find me a hotel with good reviews in phoenix,lead_intent,book_hotel,test
find me a hotel with good reviews in phoenix,lead_intent,book_hotel,test
i need you to find me a hotel with good reviews in phoenix,lead_intent,book_hotel,test
get me a hotel in phoenix near chase field from january 4th to the 8th,lead_intent,book_hotel,test
i need to get a hotel in phoenix near chase field from january 4th to the 8th,lead_intent,book_hotel,test
please book me a place to stay in phoenix from the 5th to the 9th of march,lead_intent,book_hotel,test
i need to book a place to stay in phoenix from the 5th to the 9th of march,lead_intent,book_hotel,test
i really gotta book a place to stay in phoenix from the 5th to the 9th of march,lead_intent,book_hotel,test
i need to get a hotel room that is big enough for eleven people from march 10th to the 15th in phoenix,lead_intent,book_hotel,test
can you find me a reputable hotel in honolulu,lead_intent,book_hotel,test
"i want a hotel with good review in honolulu, can you find one",lead_intent,book_hotel,test
find for me a hotel with great reviews in ho chi minh,lead_intent,book_hotel,test
i need your help to find a good reviewed hotel in washington,lead_intent,book_hotel,test
can you find me a good reviewed hotel in japan,lead_intent,book_hotel,test
i need a hotel between january 1st through 3rd in jacksonville near the stadium,lead_intent,book_hotel,test
find me a place to stay in jacksonville near the stadium from january 1st through 3rd,lead_intent,book_hotel,test
book me a hotel in jacksonville near the stadium from january 1st to 3rd,lead_intent,book_hotel,test
id like a room in jacksonville near the stadium between january 1st to 3rd,lead_intent,book_hotel,test
find me a room near the jacksonville stadium between january 1st through january 3rd,lead_intent,book_hotel,test
get me a hotel room big enough for 4 people from may 3 to may 5 in boston,lead_intent,book_hotel,test
i'm travelling to boston on march 2 until march 4 please make a hotel reservation for me,lead_intent,book_hotel,test
i need a hotel room for 4 people from may 3 to may 5 in boston,lead_intent,book_hotel,test
pull up the map and show my location,faq,current_location,test
where am i currently,faq,current_location,test
where is my current location,faq,current_location,test
what's my map location,faq,current_location,test
find my current location,faq,current_location,test
please tell me the current location,faq,current_location,test
i want to see my location on the map,faq,current_location,test
what's the location where i am,faq,current_location,test
can you tell me my current location,faq,current_location,test
where am i located on the map,faq,current_location,test
where am i currently located,faq,current_location,test
show my location on the map,faq,current_location,test
i am currently located in what town,faq,current_location,test
my current location is what,faq,current_location,test
give me my location,faq,current_location,test
tell me where i am,faq,current_location,test
whats my location,faq,current_location,test
show my position on the map,faq,current_location,test
where is my location,faq,current_location,test
current location please,faq,current_location,test
display my location on the map,faq,current_location,test
where am i,faq,current_location,test
find out where i am on the map,faq,current_location,test
where am i on the map,faq,current_location,test
show me where i am on the map please,faq,current_location,test
open map and pin point my location,faq,current_location,test
show me my location,faq,current_location,test
what could help me locate myself,faq,current_location,test
i need assistance with my current location,faq,current_location,test
where would i search for my location,faq,current_location,test
what is the weather,faq,weather,test
current weather,faq,weather,test
tell me the weather,faq,weather,test
what's the weather like today,faq,weather,test
what is the weather like,faq,weather,test
show me what the weather is like,faq,weather,test
let's take a look at the weather,faq,weather,test
how is the weather looking in seattle,faq,weather,test
how's the weather in seattle,faq,weather,test
what is the state of the weather in seattle,faq,weather,test
what is the weather forecast looking like for seattle,faq,weather,test
what are the weather conditions like in seattle,faq,weather,test
what is the weather doing now,faq,weather,test
what kind of weather can i expect now,faq,weather,test
tell me what the weather is looking like,faq,weather,test
how is the weather,faq,weather,test
can you tell me the weather forecast,faq,weather,test
could you tell me what the weather is in austin,faq,weather,test
what is the weather doing in austin,faq,weather,test
what about the weather in austin,faq,weather,test
how is the weather in austin,faq,weather,test
what is happening with the weather in austin,faq,weather,test
how is that weather,faq,weather,test
how does the weather feel,faq,weather,test
need to know the weather now,faq,weather,test
give weather update now,faq,weather,test
want to know the weather,faq,weather,test
tell me the weather for today,faq,weather,test
what is the current weather like,faq,weather,test
las vegas weather today,faq,weather,test
stop what you're doing,escalate,cancel,test
this process needs to stop,escalate,cancel,test
stop this process,escalate,cancel,test
"that was a mistake, undo that",escalate,cancel,test
ignore the previous command,escalate,cancel,test
forget what i told you to do,escalate,cancel,test
please cancel the last input,escalate,cancel,test
please stop the current process,escalate,cancel,test
can you end the current process,escalate,cancel,test
just stop talking,escalate,cancel,test
please stop talking,escalate,cancel,test
"stop, just stop",escalate,cancel,test
you can stop talking ai,escalate,cancel,test
stop the process,escalate,cancel,test
can you turn off the process,escalate,cancel,test
stop talking,escalate,cancel,test
you can cancel the task,escalate,cancel,test
can you cancel that,escalate,cancel,test
can you cancel that request,escalate,cancel,test
"could you cancel that request, please",escalate,cancel,test
"can you cancel that request, please",escalate,cancel,test
"can you cancel that, please",escalate,cancel,test
hush,escalate,cancel,test
be quiet,escalate,cancel,test
stop it now!,escalate,cancel,test
stop talking you are annoying,escalate,cancel,test
you need to shut it,escalate,cancel,test
stop processing,escalate,cancel,test
abort mission,escalate,cancel,test
stop speaking,escalate,cancel,test
how are you doing,ambiguous,greeting,test
are you okay,ambiguous,greeting,test
what are you feeling today,ambiguous,greeting,test
is everything ok today,ambiguous,greeting,test
are you doing alright,ambiguous,greeting,test
"hello, how's your day",ambiguous,greeting,test
"hey there, how are you today",ambiguous,greeting,test
"hello, how is it going",ambiguous,greeting,test
"hi there, how are you doing",ambiguous,greeting,test
"hey, how are you",ambiguous,greeting,test
"hey, what's up",ambiguous,greeting,test
"hello, how are you doing",ambiguous,greeting,test
"hi, how are you",ambiguous,greeting,test
"hi, how are you today",ambiguous,greeting,test
"hello, how are things",ambiguous,greeting,test
hey there,ambiguous,greeting,test
"hey, what's new",ambiguous,greeting,test
it is good to see you,ambiguous,greeting,test
i'd like to know how you are doing,ambiguous,greeting,test
hello there,ambiguous,greeting,test
tell me how you are doing,ambiguous,greeting,test
"hello there, good morning",ambiguous,greeting,test
let me know how you are doing,ambiguous,greeting,test
well hi there,ambiguous,greeting,test
i want to know how you are doing,ambiguous,greeting,test
i need to know how you are doing today,ambiguous,greeting,test
hello there ai,ambiguous,greeting,test
will you tell me how the ai is doing,ambiguous,greeting,test
would you tell me how the ai is doing,ambiguous,greeting,test
hola!,ambiguous,greeting,test
tell me what your name is,faq,what_is_your_name,test
what did they name you,faq,what_is_your_name,test
"hey, how do i call your attention",faq,what_is_your_name,test
what's your name,faq,what_is_your_name,test
give me your name so i can use you,faq,what_is_your_name,test
how should i address you,faq,what_is_your_name,test
what do i call you,faq,what_is_your_name,test
what's your name anyway,faq,what_is_your_name,test
tell me what to call you,faq,what_is_your_name,test
can you tell me what you are called,faq,what_is_your_name,test
what should you be called,faq,what_is_your_name,test
what should i use when i refer to you,faq,what_is_your_name,test
how do you say your name,faq,what_is_your_name,test
what is your preferred name,faq,what_is_your_name,test
what can i call you,faq,what_is_your_name,test
what name do you go by,faq,what_is_your_name,test
who do i have the pleasure of speaking with,faq,what_is_your_name,test
may i have your name,faq,what_is_your_name,test
who am i speaking with,faq,what_is_your_name,test
and your name is,faq,what_is_your_name,test
"what do i call you, ai",faq,what_is_your_name,test
"what name do you go by, ai",faq,what_is_your_name,test
"ai, what is your name",faq,what_is_your_name,test
"what do they call you, ai",faq,what_is_your_name,test
"ai, what is your given name",faq,what_is_your_name,test
what name do you want me to use,faq,what_is_your_name,test
what do you like to be called,faq,what_is_your_name,test
what should i call you,faq,what_is_your_name,test
what would you like me to call you,faq,what_is_your_name,test
what is your name,faq,what_is_your_name,test
"book me a flight to jackson, mississippi from austin texas on american airlines",lead_intent,book_flight,test
book me a place to chicago from atlanta united airlines,lead_intent,book_flight,test
can you book me a flight to memphis from st louis on delta airlines,lead_intent,book_flight,test
book a flight to los angeles from las vegas on american airlines,lead_intent,book_flight,test
"book me a flight to dallas from st, paul, minnesota on delta airlines",lead_intent,book_flight,test
i need a flight on delta from los angeles to seattle,lead_intent,book_flight,test
i need to book a flight on jet blue to boston from new york,lead_intent,book_flight,test
can you get me a flight from san francisco to san jose using american airlines,lead_intent,book_flight,test
i want a flight from new york to san francisco using delta,lead_intent,book_flight,test
get me a flight from barcelona to paris from jet blue,lead_intent,book_flight,test
"""i'll be travelling from lax and headed to phl for 120 on the 10th of may",lead_intent,book_flight,test
"""i'm fly out from lax to phl this weekend for around $120",lead_intent,book_flight,test
"""i""m headed out to lax and going to phl for a low price of $120 this weekend on the 12th",lead_intent,book_flight,test
"""i'm going on a flight from lax and going to phl, which is only $120 on june 15th",lead_intent,book_flight,test
"""i'll leave to lax and go to phl for $120 on nov 5th",lead_intent,book_flight,test
book me a flight from midway to jfk for less than 200 dollars,lead_intent,book_flight,test
i need a flight from boston to miami for under 300 dollars,lead_intent,book_flight,test
can i fly from atlanta to san francisco for less than 100 dollars,lead_intent,book_flight,test
book a flight from new york to la for less than 200 dollars,lead_intent,book_flight,test
find me a flight from seattle to detroit for less than 200 dollars,lead_intent,book_flight,test
i want to a book a roundtrip flight from san antonio to dtw departing on friday and returning on wednesday,lead_intent,book_flight,test
i'm looking for a flight from billings to cleveland on may 2 and a return on may 9,lead_intent,book_flight,test
i'm looking for flights that depart on the 3rd and return on z from monday to friday,lead_intent,book_flight,test
what roundtrip flights from orlando to vegas are available from thursday to monday,lead_intent,book_flight,test
are there any roundtrip flights from shanghai to seatac that depart on wednesday and return on the thirty first,lead_intent,book_flight,test
make sure i get a delta flight from pittsburgh to arizona,lead_intent,book_flight,test
book a delta flight to arizona from pittsburgh,lead_intent,book_flight,test
schedule a flight from pittsburgh to arizona on delta,lead_intent,book_flight,test
i want to fly to atlanta for under 300 from pittsburgh,lead_intent,book_flight,test
i need a flight for under 300 from pittsburgh to atlanta,lead_intent,book_flight,test
i need to add something to my calendar for next tuesday,lead_intent,calendar_update,test
please clear my calendar,lead_intent,calendar_update,test
take the doctor appointment off my calendar please,lead_intent,calendar_update,test
can you add an event to my calendar,lead_intent,calendar_update,test
erase all events on friday from my calendar,lead_intent,calendar_update,test
remove jess's party from my calendar,lead_intent,calendar_update,test
delete all calendar entries on march 3,lead_intent,calendar_update,test
delete dentist from my calendar,lead_intent,calendar_update,test
cancel doctors appointment from my calendar,lead_intent,calendar_update,test
erase meeting with jeff from my calendar,lead_intent,calendar_update,test
clear my calendar on feb 28,lead_intent,calendar_update,test
cancel event scheduled for this afternoon,lead_intent,calendar_update,test
please take off my calendar on saturday the 6th birthday party for john,lead_intent,calendar_update,test
i want to take the 8am meeting with sam on monday the 5th off my calendar,lead_intent,calendar_update,test
please remove lunch with sally that is on my calendar on tuesday the 8th,lead_intent,calendar_update,test
i need buy a birthday gift for sue taken off my calendar  it is on monday or tuesday last week,lead_intent,calendar_update,test
will you remove the dinner with june on saturday the 4th at 7pm from my calendar,lead_intent,calendar_update,test
can you cancel improv class from my calendar for may 7th,lead_intent,calendar_update,test
clear my calendar for may 3rd,lead_intent,calendar_update,test
take work from my calendar for may 7th,lead_intent,calendar_update,test
clear my calendar for september 6th,lead_intent,calendar_update,test
delete jury duty from my calendar for may 7th,lead_intent,calendar_update,test
remove fencing from my calendar for may 7th,lead_intent,calendar_update,test
clear my calendar for february 29th,lead_intent,calendar_update,test
clear my calendar for april 20th,lead_intent,calendar_update,test
clear my calendar for november 11th,lead_intent,calendar_update,test
remove wrestlemania from my calendar for may 7th,lead_intent,calendar_update,test
what can i do to get rid of this event,lead_intent,calendar_update,test
what is the best way to remove this appointment,lead_intent,calendar_update,test
friday needs to be clear on my calendar,lead_intent,calendar_update,test
"i want to bring my card on the texas trip in june, will it be expired by then",escalate,expiration_date,test
"what's the month, year, and day that my card expires",escalate,expiration_date,test
"does my card ending in 1234, or any of my cards, expire soon",escalate,expiration_date,test
"does my card have an expiration date and if so, what is it",escalate,expiration_date,test
"when does my card expire, the one ending in 1234",escalate,expiration_date,test
give me my credit card expiration date,escalate,expiration_date,test
what is the expiration month and year on my credit car,escalate,expiration_date,test
when is the date of expiration for my first bank card,escalate,expiration_date,test
what is the expiration month of my card,escalate,expiration_date,test
what is the expiration date of my credit card,escalate,expiration_date,test
let me know when my credit card expire,escalate,expiration_date,test
when will my citi card expire,escalate,expiration_date,test
when is my credit card expire,escalate,expiration_date,test
when is the expiration month for my card,escalate,expiration_date,test
when is the expiration date of my credit card,escalate,expiration_date,test
what is the expiration date on my chase card,escalate,expiration_date,test
when is the expiration date for me discover,escalate,expiration_date,test
when it my citi card expired,escalate,expiration_date,test
when is my card expired,escalate,expiration_date,test
tell me the expiration date on my credit card,escalate,expiration_date,test
what month is my card expired in,escalate,expiration_date,test
how soon does my credit card expire,escalate,expiration_date,test
when will my new credit card arrive,escalate,expiration_date,test
what month does my credit card expire,escalate,expiration_date,test
what is the date when my visa card will expire,escalate,expiration_date,test
can you tell me what the date of expiry for my visa card is,escalate,expiration_date,test
tell me the expiration date for my visa card,escalate,expiration_date,test
show me the expiration date for my visa card,escalate,expiration_date,test
where should i look for my credit card expiration day,escalate,expiration_date,test
when will my credit card no longer be good,escalate,expiration_date,test
i do not actually need my reservation anymore,escalate,cancel_reservation,test
i need to cancel my reservation for rob at red robin,escalate,cancel_reservation,test
cancel my reservation for bob at red robin,escalate,cancel_reservation,test
i do not want my reservation anymore,escalate,cancel_reservation,test
i need you to cancel my reservation for 5 at red robin,escalate,cancel_reservation,test
please cancel my reservation for tim at jb's,escalate,cancel_reservation,test
i gotta cancel my reservation for barry at red robin,escalate,cancel_reservation,test
i don't need the reservation anymore,escalate,cancel_reservation,test
i want you to cancel my reservation for 5 at red robin,escalate,cancel_reservation,test
i am not in need of my reservation anymore,escalate,cancel_reservation,test
go ahead and cancel my reservation for 5 at red robin,escalate,cancel_reservation,test
i wish to cancel my reservation for fred at red robin,escalate,cancel_reservation,test
i no longer want my reservation anymore,escalate,cancel_reservation,test
please cancel my reservation for 5 at red robin,escalate,cancel_reservation,test
i need you to cancel my reservation for smith at the williams diner,escalate,cancel_reservation,test
i want a cancellation of the dinner reservation for phillips at bernardin's,escalate,cancel_reservation,test
please delete the reservation for roberts at village tavern,escalate,cancel_reservation,test
could you cancel my reservation for winters at the palace tonight,escalate,cancel_reservation,test
i would like you to cancel the dinner reservation for williams at the palace tonight,escalate,cancel_reservation,test
i have to cancel my reservation after all,escalate,cancel_reservation,test
"cancel my reservation for dinner tonight, please",escalate,cancel_reservation,test
i need to cancel my reservation after all,escalate,cancel_reservation,test
"i have to cancel my reservation after all, please",escalate,cancel_reservation,test
"cancel my reservation for dinner this saturday, please",escalate,cancel_reservation,test
"cancel my reservation for dinner this friday, please",escalate,cancel_reservation,test
cancel my reservation for dinner this saturday,escalate,cancel_reservation,test
cancel my reservation for dinner tonight,escalate,cancel_reservation,test
i have to cancel my reservation,escalate,cancel_reservation,test
"i need to cancel my reservation after all, please",escalate,cancel_reservation,test
i need my dinner reservation canceled,escalate,cancel_reservation,test
i would like to hear something funny,faq,tell_joke,test
do you have any monkey jokes,faq,tell_joke,test
know any dad jokes,faq,tell_joke,test
tell me a dog joke,faq,tell_joke,test
heard any good jokes,faq,tell_joke,test
i want to hear a joke about elephants,faq,tell_joke,test
i'd like to hear a lawyer joke,faq,tell_joke,test
tell me a blonde joke,faq,tell_joke,test
do you know any dad jokes,faq,tell_joke,test
tell me a joke about elephants,faq,tell_joke,test
tell me a joke about the subject of sailing,faq,tell_joke,test
give me a joke about water,faq,tell_joke,test
give me a joke about the topic of television,faq,tell_joke,test
give me a joke about the subject of bugs,faq,tell_joke,test
tell me a joke about the topic of mice,faq,tell_joke,test
i would like to hear a joke,faq,tell_joke,test
will you tell me a joke,faq,tell_joke,test
let's hear a joke!,faq,tell_joke,test
"i could use a laugh, got any jokes",faq,tell_joke,test
can you tell me something funny about science,faq,tell_joke,test
can you share something funny about traveling,faq,tell_joke,test
i want to hear your best joke,faq,tell_joke,test
tell me a good joke,faq,tell_joke,test
tell me something funny about horses,faq,tell_joke,test
i want to hear something funny about history,faq,tell_joke,test
can you share a humorous joke with me,faq,tell_joke,test
i want to hear something funny about politicsi,faq,tell_joke,test
let's hear a joke from you please,faq,tell_joke,test
tell me something funny about the middle ages,faq,tell_joke,test
do you know any jokes,faq,tell_joke,test
what do i need to do to cook a chicken,faq,recipe,test
how do i go about cooking a 10lb turkey,faq,recipe,test
how do i get started making homemade pizza dough,faq,recipe,test
what instructions do i need to bake a cake from scratch,faq,recipe,test
how do i make lasagna,faq,recipe,test
how do you make pasta,faq,recipe,test
how do you prepare omelet,faq,recipe,test
how do you prepare taco,faq,recipe,test
how do you make fried rice,faq,recipe,test
how do you cooked eggs,faq,recipe,test
what's a good chili recipe,faq,recipe,test
i need a recipe for chili,faq,recipe,test
search for chili recipes,faq,recipe,test
search for a chili recipe for me,faq,recipe,test
find me a recipe for chili,faq,recipe,test
show me ideas for hamburger,faq,recipe,test
can you get me recipes for eggs please,faq,recipe,test
show me how to make tuna casserole please,faq,recipe,test
recipes for garlic bread please,faq,recipe,test
please tell me a recipe for this meal,faq,recipe,test
can you find me a pork recipe,faq,recipe,test
can you find me a brisket recipe,faq,recipe,test
can you find me a rice recipe,faq,recipe,test
can you find me a salsa recipe,faq,recipe,test
scan you find me a chicken recipe,faq,recipe,test
i need a pasta recipe,faq,recipe,test
i want a recipe for roasted veggies,faq,recipe,test
what is in a burrito recipe,faq,recipe,test
give me a tuna salad recipe,faq,recipe,test
find a recipe for baked ziti,faq,recipe,test
"alexa, buy a new television",lead_intent,order,test
place my order alexa,lead_intent,order,test
"siri, place my amazon order",lead_intent,order,test
"alexa, buy my grocery list",lead_intent,order,test
purchase grass seed from the store,lead_intent,order,test
find inner tube and buy it for me,lead_intent,order,test
can you order me some nacho chips,lead_intent,order,test
i'd like to buy something,lead_intent,order,test
"i need to buy something, please",lead_intent,order,test
i'd like to buy a lamp online,lead_intent,order,test
order all items on my shopping list,lead_intent,order,test
get me an order of creatine powder,lead_intent,order,test
place an order for my whole shopping list,lead_intent,order,test
"order me some doritos, please",lead_intent,order,test
place an order for my entire shopping list,lead_intent,order,test
can you buy something,lead_intent,order,test
make a purchase of doritos,lead_intent,order,test
i'd like to you order everything that's on my shopping list,lead_intent,order,test
please buy me something,lead_intent,order,test
order my whole shopping list,lead_intent,order,test
can you order some more eggs for me since i just ran out,lead_intent,order,test
i've used the last can of tuna fish and need you to order a new case of it,lead_intent,order,test
i've just run out of butter and need you to order me some more,lead_intent,order,test
i'm out of milk so you will order me some more,lead_intent,order,test
can you place an order for the olive oil i just finished,lead_intent,order,test
please go on amazon so i can buy bluetooth speakers,lead_intent,order,test
will you please go on amazon so i can buy speakers,lead_intent,order,test
where can i find bluetooth speakers,lead_intent,order,test
what is the price of bluetooth speakers on amazon,lead_intent,order,test
please order some more pepsi,lead_intent,order,test
my card got declined; why,escalate,card_declined,test
can you help me understand why my card got declined,escalate,card_declined,test
why was my card not accepted,escalate,card_declined,test
can you tell me why my card got declined,escalate,card_declined,test
i was at publix trying to buy some food but my card wouldnt work,escalate,card_declined,test
who do i need to contact to find out why my card got declined,escalate,card_declined,test
i need to know why my card got declined,escalate,card_declined,test
"how do i fix my card, it was declined",escalate,card_declined,test
why did my card get declined at public when i was trying to buy food,escalate,card_declined,test
i was trying to buy food at publix but my card got declined,escalate,card_declined,test
i was trying to use my card to get food at publix but it got declined,escalate,card_declined,test
how can i fix my card being declined,escalate,card_declined,test
"i was trying to get food at publix, why was my card declined",escalate,card_declined,test
do you know why my card got declined,escalate,card_declined,test
why my card stop working,escalate,card_declined,test
my card declined,escalate,card_declined,test
i was in australia trying to buy chips and my cards got declined,escalate,card_declined,test
i was in thailand trying to buy candies and my card got declined,escalate,card_declined,test
why was my card got declined when i am trying to pay for dinner when i am in vietnam,escalate,card_declined,test
i could not buy food using my card when i was in vietnam,escalate,card_declined,test
i was in thailand and i could not use my card to buy snacks,escalate,card_declined,test
can you explain why i couldn't use my card at target,escalate,card_declined,test
why was my card not working at target,escalate,card_declined,test
my credit card was turned down at target and i'd like to know why,escalate,card_declined,test
how come i got declined,escalate,card_declined,test
why can't i use my credit card,escalate,card_declined,test
why won't you let me pay with my credit card,escalate,card_declined,test
why did i get rejected on my card,escalate,card_declined,test
how come my credit card isn't working,escalate,card_declined,test
why didn't my card work,escalate,card_declined,test
how much has the dow changed today,spam,oos,test
how many prime numbers are there between 0 and 100,spam,oos,test
can you tell me how to solve simple algebraic equations with one variable,spam,oos,test
can you dim the brightness of my screen,spam,oos,test
what is the account number to the internet service i have,spam,oos,test
can you see a hdmi cord,spam,oos,test
what veggies can i pair with mushrooms,spam,oos,test
can you put the car in fuel efficient mode,spam,oos,test
at what age can someone get a card,spam,oos,test
please find today's most read stories from the new york times todayi,spam,oos,test
how do i get red wine out of a couch cushion,spam,oos,test
can you tell me who sells dixie paper plates,spam,oos,test
who invented the internet,spam,oos,test
what big news happened over the weekend,spam,oos,test
what is happening in politicsu,spam,oos,test
how is my driving,spam,oos,test
is the earth flat,spam,oos,test
what is the best way to clean ceiling fans,spam,oos,test
please tell me the status of the government shutdown,spam,oos,test
what oil is best for chicken,spam,oos,test
what is today's big article in the washington post,spam,oos,test
has there been anything breaking this afternoon,spam,oos,test
what are yahoo's top stories right now,spam,oos,test
what's at movies,spam,oos,test
what is the amount of blood needed to stay alive,spam,oos,test
can you add a bag to my reservation,spam,oos,test
can you auto-pilot the car,spam,oos,test
wash windshield,spam,oos,test
can you tell me what credit cards i have open,spam,oos,test
did the stock market finish up for the day,spam,oos,test
what is the population of south africa,spam,oos,test
watch the fbi,spam,oos,test
can you find the answer to number 26 in this algebra two textbook,spam,oos,test
how to remove a stripped bolt,spam,oos,test
which stocks have lost the least today,spam,oos,test
what are some things i can do on the way to work,spam,oos,test
how many steps have i taken today,spam,oos,test
can you fill in my credit card number on the screen,spam,oos,test
who won the patriots game last nightu,spam,oos,test
is anything being newscasted about the threat of famine in chadu,spam,oos,test
what are the different types of tvs,spam,oos,test
do laundry,spam,oos,test
what did trump do todayu,spam,oos,test
how many miles does my car currently have,spam,oos,test
close all internet tabs,spam,oos,test
can you sell stocks for me,spam,oos,test
how do you treat an iron skillet,spam,oos,test
how much has microsoft's stock changed over the last year,spam,oos,test
what is the best product for removing soap scum,spam,oos,test
read text,spam,oos,test
park the car,spam,oos,test
show me a list of top rated airlines,spam,oos,test
may i finish washing then i give you please,spam,oos,test
do i have overdraft protection,spam,oos,test
can you delete my saved credit card,spam,oos,test
can you give me the most current market news,spam,oos,test
did the supreme court nominee get approvedu,spam,oos,test
which company has gone up the most today,spam,oos,test
who were the superbowl 23 champions,spam,oos,test
can you tell me how to clean a fish tank,spam,oos,test
open cnn websiteo,spam,oos,test
how do i make my android phone more secure,spam,oos,test
i need to update my address,spam,oos,test
what is that crunchy stuff on creme bruleo,spam,oos,test
which airports do southwest service around the greater new york city area,spam,oos,test
can you retrieve client d's file please,spam,oos,test
can you list all channels of a certain category,spam,oos,test
where does jelly come from,spam,oos,test
can you tell me the s&p average,spam,oos,test
how would you rate the airport i am traveling to,spam,oos,test
am i too old to be a sugar babyo,spam,oos,test
what was the closing number of the nasdaq today,spam,oos,test
has ko gone up or down,spam,oos,test
how many cars average are on the road daily,spam,oos,test
what does the plus sign mean on my dashboard,spam,oos,test
how is ford's stock doing,spam,oos,test
what is my checking account number,spam,oos,test
when should i remove my snow tires,spam,oos,test
which stocks gained the most today,spam,oos,test
what is the fee for a cash advance,spam,oos,test
tell me about the earthquake in california that happened this morning,spam,oos,test
change color contrast,spam,oos,test
what is the golden ratio's number,spam,oos,test
is the bank open on mlk day,spam,oos,test
can i deposit a check,spam,oos,test
"from the second of the left ,the pink one",spam,oos,test
go and check the fridge,spam,oos,test
can you tell me the score of the heat game,spam,oos,test
can you mark this note as important,spam,oos,test
can you tell me how to multiply two fractions,spam,oos,test
i want to find a new car under $25000,spam,oos,test
when is the next full moon,spam,oos,test
how do i change the windshield wipers,spam,oos,test
why is the sky blue,spam,oos,test
should i do a complete stop at red lights,spam,oos,test
are all televisions high definition,spam,oos,test
can you tell me today's headlines pleasei,spam,oos,test
who invented custardo,spam,oos,test
how to be millionare,spam,oos,test
when does the stock market update,spam,oos,test
can you tell me how to get gum out of my rug,spam,oos,test
how can i get a better rate on my card,spam,oos,test
open up internet browser,spam,oos,test
it is white colour,spam,oos,test
what makes pi so mathematically important,spam,oos,test
why can you have the square root of a negative number,spam,oos,test
how much time do i have left on my 0% apr,spam,oos,test
what are the highest-rated android phones,spam,oos,test
what time do i need to arrive to make it on time,spam,oos,test
find articles about the protests in parisi,spam,oos,test
can you tell me how fast the average airplane enroute to california goes,spam,oos,test
how many hurricanes are in an average hurricane season,spam,oos,test
how does my current htc phone compare to other android phones,spam,oos,test
what movies are available,spam,oos,test
how many items are in a bakers dozen,spam,oos,test
what articles are written at the cnn site about the women's march,spam,oos,test
when does napa close,spam,oos,test
what is the current price of tsla,spam,oos,test
when will world war 3 begin,spam,oos,test
what's going on in the world today,spam,oos,test
what battery percentage is my phone at,spam,oos,test
can you sign out of my bank login,spam,oos,test
what is one standard deviation,spam,oos,test
has the market been up or down since the beginning of this year,spam,oos,test
how many moons does mars have,spam,oos,test
what is the cashback rate for my credit card,spam,oos,test
who has the best record in the nba,spam,oos,test
how long is the bank open until,spam,oos,test
what are some good games for my android phone,spam,oos,test
can my grace period be extended any possible way,spam,oos,test
how much over will overdraft protection cover,spam,oos,test
how fast am i going,spam,oos,test
who was the first person to discover cells,spam,oos,test
how many people died in yesterday's storm,spam,oos,test
how much memory do i have left on this phone,spam,oos,test
can i set up mobile deposits,spam,oos,test
sell three calls of of nvda,spam,oos,test
what bills is congress talking about passing or blocking today,spam,oos,test
how much data does my phone have left this month,spam,oos,test
how do i add someone to my account,spam,oos,test
how much money would my house sell for,spam,oos,test
how do i install new cabinets,spam,oos,test
is there a fee for cancelling a flight i've booked,spam,oos,test
delete the contact uncle john from my phone,spam,oos,test
search my contacts for the auto repair place,spam,oos,test
does my carrier have coverage in europe,spam,oos,test
is there a cheaper rate with another carrier for my mobile,spam,oos,test
what are the limits in my phone plan,spam,oos,test
is there a way to change your houses address,spam,oos,test
does dhl deliver to my address,spam,oos,test
how frequently is the bus running today,spam,oos,test
is there a better bus route i should be taking,spam,oos,test
what stores are at my local mall,spam,oos,test
i need to get kalee added to my phone plan,spam,oos,test
what is the price of other company's similar phone plans,spam,oos,test
how long do i have to wait to get my refund,spam,oos,test
how long does it take the irs to issue a tax refund,spam,oos,test
do you know if it is possible to close my savings account,spam,oos,test
how hard is it to close a bank account at wells fargo,spam,oos,test
add my wife as an authorized user to checking account 20905432,spam,oos,test
i would like to upgrade to full coverage for my car,spam,oos,test
who has the cheapest insurance for my model car in the area,spam,oos,test
tell me the value on my current car,spam,oos,test
where can i list my vehicle for sell,spam,oos,test
what is the price to buy more data on my phone,spam,oos,test
i need to add a person to my bank account,spam,oos,test
who is the best local real estate agent,spam,oos,test
i want to install new tiles in my kitchen,spam,oos,test
what's the way for delta to cancel a flight,spam,oos,test
read the phone number for mom in my phone contacts,spam,oos,test
create a contact labeled mom,spam,oos,test
do other providers have better coverage than my cell carrier,spam,oos,test
does centurytel offer any better plans than the one i'm on,spam,oos,test
"what's going on in the world today, anything major",spam,oos,test
what is the extra digits that are sometimes included on my zip code,spam,oos,test
what's the extended zipcode for my address,spam,oos,test
is there an alternate bus stop close to my home i can use,spam,oos,test
what stores are in the local mall,spam,oos,test
"add mary to my phone plan, please",spam,oos,test
how much is it to get more data on my phone plan,spam,oos,test
can i use direct deposit for my tax refund,spam,oos,test
how much of a refund will i get this year,spam,oos,test
please take all my money out of my checking account and close the account,spam,oos,test
what are cars like mine selling for online,spam,oos,test
what's the blue book value of my car,spam,oos,test
what are the last 4 digits of my credit card number,spam,oos,test
switch over to low power mode to preserve battery life,spam,oos,test
show me the most popular nonfiction book currently on the market,spam,oos,test
can you recommend some fiction books,spam,oos,test
how can i repair a broken watch,spam,oos,test
what's out at the theaters right now,spam,oos,test
what is the most popular movie currently in theaters,spam,oos,test
what is the cheapest new car for this year,spam,oos,test
show me new cars with the highest safety rating,spam,oos,test
i am looking for a suit for work,spam,oos,test
i need to find a black suit under $100,spam,oos,test
what is a good laptop for gaming,spam,oos,test
"show me laptops for sale that are under $2,000",spam,oos,test
which element on the periodic table is k,spam,oos,test
what kind of bonds do molecules have,spam,oos,test
how much is my car worth used,spam,oos,test
look up prices for parking at the airport over the weekend,spam,oos,test
what is the best way for dealing with the airport,spam,oos,test
what are my hours this week at work,spam,oos,test
can you check my voicemail,spam,oos,test
how many voicemails are currently in my inbox,spam,oos,test
i would like to know how long a charge is suppose to last on my phone,spam,oos,test
check battery health on this device,spam,oos,test
what is a well reviewed book for a teenage girl to read,spam,oos,test
i want to find new cyberpunk fiction books,spam,oos,test
what channel is cw on,spam,oos,test
what is the most rented movie this week,spam,oos,test
what is a good movie to go see in theaters for a family with young kids,spam,oos,test
i would like to find a stylish suit for a party,spam,oos,test
can you give me suggestions for a professional suit under $200,spam,oos,test
when is it cheapest to travel to hawaii,spam,oos,test
i need a laptop with 16gb of ram,spam,oos,test
what is the best reviewed laptop available on the market,spam,oos,test
give me information about the element carbon and its reactions with hydrogen,spam,oos,test
what is a good chemistry experiment to learn from,spam,oos,test
how much is this years model of my car cost,spam,oos,test
how do i best deal with the airport,spam,oos,test
remind me of the address for my workplace please,spam,oos,test
what time do i have to go to work today,spam,oos,test
how many voicemail messages do i have,spam,oos,test
erase all voicemails in my inbox please,spam,oos,test
can you look up grocery coupons for me,spam,oos,test
what is money used for,spam,oos,test
what are some natural remedies to help ease stress,spam,oos,test
what are some good methods of relieving stress,spam,oos,test
how do you make sure a bridge doesn't fall down,spam,oos,test
what is the median salary for someone with an engineering degree,spam,oos,test
what size pipes are used for sinks,spam,oos,test
why would the water be turned off,spam,oos,test
what is a good sink filter for water,spam,oos,test
what does water taste like,spam,oos,test
are there any sales on groceries today,spam,oos,test
when was my lawn last mowed,spam,oos,test
what store has the best deals going on right now,spam,oos,test
can you tell me the best time to visit downtown when driving,spam,oos,test
am i currently connected to wifi,spam,oos,test
is there an internet outage in my area,spam,oos,test
tell me about personal finance,spam,oos,test
does amazon collect my personal information,spam,oos,test
check the status of my amazon orders for me,spam,oos,test
what is the official language of romania,spam,oos,test
show me the best times to book flights for traveling to another country,spam,oos,test
disconnect from wifi immediately please,spam,oos,test
am i connected to wifi,spam,oos,test
list the contents of my safety deposit box at the bank,spam,oos,test
what's the more secure bank vault,spam,oos,test
what coupons do i have for restaurants,spam,oos,test
how do i make money,spam,oos,test
can you give me some stress management tips,spam,oos,test
how unhealthy is stress,spam,oos,test
what's the best way to build a skyscraper,spam,oos,test
find engineering programs to apply to,spam,oos,test
what kind of glue is used for gluing pipes together,spam,oos,test
check to see how many miles are on my car,spam,oos,test
how do i change my windshield wipers,spam,oos,test
how many ppm of particulate is in my local water,spam,oos,test
what color is water,spam,oos,test
is anything on my grocery list on sale today,spam,oos,test
how long does it take for grass seed to grow on my lawn,spam,oos,test
please activate a wireless hotspot so i can use the internet,spam,oos,test
look up a good broker for mutual funds,spam,oos,test
what are the best personal finance practices,spam,oos,test
will amazon ship an order even if there was a pricing mistake,spam,oos,test
where did mandarin originate from,spam,oos,test
what are some of the most visited countries for people looking to travel abroad,spam,oos,test
tell me which wifi network you are connected to right now,spam,oos,test
what is my current signal strength,spam,oos,test
if i'm locked in a bank vault what's the best way to get out,spam,oos,test
how do i upgrade my operating system,spam,oos,test
how much ram does my computer have,spam,oos,test
is it ok to feed dogs people food,spam,oos,test
how do you fix a leaking sink,spam,oos,test
how do you unclog a toilet,spam,oos,test
can you tell me local crime in my area,spam,oos,test
what's the power consumption of my fridge,spam,oos,test
what is the warranty on my microwave,spam,oos,test
how do i use my microwaves defrost,spam,oos,test
how do you get red wine out of the carpet,spam,oos,test
how do i get stains out of the carpet,spam,oos,test
what is the highest quality carpet available,spam,oos,test
has everyone come home from school,spam,oos,test
what time did my daughter get home from her date,spam,oos,test
is my computer free from viruses,spam,oos,test
are you allowed to call someone a dirty name as part of free speech,spam,oos,test
can you really get arrested for yelling fire in a crowded theater,spam,oos,test
what amendment guarantees the freedom of speech to americans,spam,oos,test
do employers have to honor freedom of speech,spam,oos,test
what's the average score on a round of golf,spam,oos,test
where is the closest driving range,spam,oos,test
when does tiger woods play next,spam,oos,test
how can i improve my golf swing,spam,oos,test
are your step-parent's parents considered your grandparents,spam,oos,test
what's a good gift to get for your grandparents,spam,oos,test
what year did my grandparents get married,spam,oos,test
fun gift ideas to give to grandparents,spam,oos,test
which came first; greek mythology or roman mythology,spam,oos,test
how many greek mythology characters are there,spam,oos,test
who created the world in greek mythology,spam,oos,test
what was hercules the god of,spam,oos,test
how many harry potter books are there,spam,oos,test
what is harry's real name,spam,oos,test
who played ronald weasly,spam,oos,test
how do you repel a bear when you're out on a hike,spam,oos,test
where's the best place to hike in the rockies,spam,oos,test
what should i wear to hike,spam,oos,test
what is the main cause of becoming homeless,spam,oos,test
how many people are jobless in america,spam,oos,test
how many homeless people are there,spam,oos,test
where are most homeless people,spam,oos,test
are indians nowadays reminiscent of a decade ago,spam,oos,test
what were indians like 100 years ago,spam,oos,test
how old is jennifer aniston,spam,oos,test
i need tips on how to overcome insomnia,spam,oos,test
how many people have insomnia,spam,oos,test
what causes dyslexia,spam,oos,test
is insomnia curable,spam,oos,test
what are sigmund freud's most famous books,spam,oos,test
what year was jane austen born,spam,oos,test
where is te lawrence,spam,oos,test
who is jane goodall,spam,oos,test
how long does it take to get your yellow belt in karate,spam,oos,test
what's the most practiced form of mma in the world,spam,oos,test
what is the highest belt in karate,spam,oos,test
where does jiu jitsu originate,spam,oos,test
what's the proper subject verb order in japanese,spam,oos,test
how do i learn more about linguistics,spam,oos,test
what kind of paint do makeup artists use,spam,oos,test
the bus moves with tyre,spam,oos,test
how the bus moves,spam,oos,test
what are some good resources to learn about mental illness,spam,oos,test
are people with a mental illness eligible for disability,spam,oos,test
how many people suffer from mental illness,spam,oos,test
how can i get help for my mental health,spam,oos,test
what's trending now,spam,oos,test
what's the first romantic movie ever made,spam,oos,test
"when was the term ""zombie"" first used",spam,oos,test
what kind of traits do vampires have,spam,oos,test
what do mummies eat,spam,oos,test
send information on flood clean up to my phone,spam,oos,test
what's the cost of buying a sump pump,spam,oos,test
recommend a flood clean up service,spam,oos,test
what is the safest model of airplane to fly in,spam,oos,test
what year was the first airplane built in,spam,oos,test
what's the best reviewed local roof repair place,spam,oos,test
what's the best type of plan to upgrade to,spam,oos,test
give me a suggestion for roofers,spam,oos,test
where can i buy new shingles,spam,oos,test
what's the safest pet to be around toddlers,spam,oos,test
why is my dog vomiting after eating,spam,oos,test
tiger,spam,oos,test
what's the average rent of apartments in my city,spam,oos,test
are there any apartments for rent nearby,spam,oos,test
what are apartment prices now,spam,oos,test
what's the highest building in the world,spam,oos,test
where is the closest architecture college,spam,oos,test
where can i submit my architecture plans,spam,oos,test
who is the best architecture,spam,oos,test
please give me a listing of all the bottled water brands in the area,spam,oos,test
what are the lowest prices of bottled water at costco,spam,oos,test
how do they filter pollutants out of bottled water,spam,oos,test
what's the cost of bottled water,spam,oos,test
what's the cost to have a business card printed,spam,oos,test
when can i get a business card printed locally,spam,oos,test
what to use to design my business cards,spam,oos,test
download all the photos off my phone into the cloud,spam,oos,test
tell me about that kind of cameras,spam,oos,test
how much is the new nikon camera,spam,oos,test
what kind of camera should i buy,spam,oos,test
how much candy have i consumed this week,spam,oos,test
how many flavors of mnm's are there,spam,oos,test
who makes milky way bars,spam,oos,test
how safe is it to consume the substance h2o,spam,oos,test
how many elements are on the periodic table,spam,oos,test
what's the chemical composition of a fart,spam,oos,test
what is phosphorus on the periodic table,spam,oos,test
look up some christmas songs for me,spam,oos,test
is espn covering the golden state warriors game,spam,oos,test
how many calories does doing 20 situps burn,spam,oos,test
what is a normal resting heart rate,spam,oos,test
should i run every day,spam,oos,test
how many months do i left in my hbo subscription,spam,oos,test
when does game of thrones return on hbo,spam,oos,test
cancel my subscription to scientific american,spam,oos,test
i'd like to renew my subscription to playboy,spam,oos,test
what are popular lifestyle magazines,spam,oos,test
what are popular sports magazines,spam,oos,test
how can i use make up to cover a cut on my cheek,spam,oos,test
what's the best make-up to cover a black eye,spam,oos,test
send me videos of how to do a smoky eye,spam,oos,test
whats the best rated lipstick,spam,oos,test
when will the government file another antitrust suit against microsoft,spam,oos,test
when will microsoft drop support for windows 7,spam,oos,test
how do i make a sentence have stylized strike out in microsoft word,spam,oos,test
how can i control where microsoft word inserts a page break,spam,oos,test
what are the current prices for mushrooms,spam,oos,test
what bands are touring in my city this week,spam,oos,test
i need for you to look up some of the major gods in mythology,spam,oos,test
what was the original name of jesus in egyptian myth,spam,oos,test
was the god osiris a titan or an old god,spam,oos,test
tell me who aphrodite is,spam,oos,test
what activities can i to do outside today,spam,oos,test
when will the daffodils bloom this year,spam,oos,test
what zelda games are available on the switch,spam,oos,test
i want to buy some nintendo switch game,spam,oos,test
how much does a nintendo switch cost,spam,oos,test
show me a cool nintendo switch game,spam,oos,test
can you check how many miles i walked today when i was out get the info from my phone,spam,oos,test
can you check how many steps i have walked in the last week from my phone app,spam,oos,test
what should i do if it hurts when i pee,spam,oos,test
what are the symptoms of cancer,spam,oos,test
how many pokemon have i caught in my pokemon go app,spam,oos,test
tell me what pokemon is,spam,oos,test
has the school my kids go to been in the news for any reason,spam,oos,test
are there any school closures today,spam,oos,test
how long is the school year,spam,oos,test
why did a bunch of christians go off murdering muslims in the middle ages,spam,oos,test
what was the point of the crusades,spam,oos,test
what other countries speak the english language,spam,oos,test
why doesn't english have consistent forms,spam,oos,test
do they speak english in australia,spam,oos,test
who teaches english near me,spam,oos,test
can you see what the budget for the united states military was in 2018,spam,oos,test
can you look at what the oldest age is someone can enlist in the army,spam,oos,test
how many years do you need to be in the army to get a college tuition,spam,oos,test
where are most the servicemen right now,spam,oos,test
what movies are playing at my local cinemax,spam,oos,test
what time is a star is born showing,spam,oos,test
what movies are playing,spam,oos,test
can you get me the scores from the games that were played last night,spam,oos,test
has there been any times when lebron james was arrested,spam,oos,test
what are the new player rankings for the nhl,spam,oos,test
who won in the gsw vs suns game last night,spam,oos,test
give me the news on the newspaper today,spam,oos,test
tell me a list of my local papers,spam,oos,test
what's the newspaper today,spam,oos,test
would you let me know who won the gold metal in gymnastics at the olympics,spam,oos,test
"at the olympics, what country won the gold medal in basketball",spam,oos,test
where will the next olympics be hosted,spam,oos,test
when are the winter olympic games,spam,oos,test
what films are in the running for best song at this year's oscars,spam,oos,test
who are the nominees for best picture this year,spam,oos,test
give me information on the oscars,spam,oos,test
tell me about the oscars,spam,oos,test
why did we elect this woman who made amazon leave and take its jobs with it,spam,oos,test
how many people live in vermillion,spam,oos,test
what's a good way to organize my tools in my garage,spam,oos,test
what's the cost of a good pegboard,spam,oos,test
is the stop sign around the corner still knocked over,spam,oos,test
is there a fork in the road sign at main & 1st avenue,spam,oos,test
are there cameras hidden in stop lights,spam,oos,test
what does a flashing yellow light mean,spam,oos,test
what is the deadline to register at university of georgia,spam,oos,test
what universities are nearby to me and highly rated,spam,oos,test
what are the top rated universities within my state,spam,oos,test
will the anti-vaxxers die off if no one gives them vaccines,spam,oos,test
how safe is the herpes vaccine they give women,spam,oos,test
where can i get the flu shot,spam,oos,test
when do i have to get the mmr,spam,oos,test
how much are the clorox detergents,spam,oos,test
when will nightwish be touring through my city,spam,oos,test
does iron maiden have any new releases,spam,oos,test
tell me something about linkin park,spam,oos,test
i need you to check the resistance of a coil wrapped 6 times with an id of 25mm,spam,oos,test
can you tell me whether the knicks will play the lakers this week,spam,oos,test
what do you do if your 4 year old just ate playdoh,spam,oos,test
when do the kids get out of school today,spam,oos,test
please check up on my son's homework,spam,oos,test
give me a list of the top three landscaping companies nearby,spam,oos,test
when should you mow your grass after it's rained,spam,oos,test
how much sugar was in my urine this morning,spam,oos,test
what's a good blouse to wear with pink shoes,spam,oos,test
what are the best jeans in my size,spam,oos,test
how much does it cost to spay a puppy,spam,oos,test
what's the best style shoe to wear to the prom,spam,oos,test
can you tell me about that tornado that just tore up alabama,spam,oos,test
tell me what the hot topics are that are trending on google,spam,oos,test
what happened with the summit between trump and jong,spam,oos,test
check and see what the local news in broadcasting,spam,oos,test
please uninstall this intrusive social media app,spam,oos,test
upload the pictures to the correct album,spam,oos,test
i have a super runny nose and want to find a doctor,spam,oos,test
which medicine to relieve my cough,spam,oos,test
how do i get rid of blocked nose at home,spam,oos,test
how do i get rid of sore throat at home,spam,oos,test
how can i make my living room appear to be bigger than it is,spam,oos,test
i'd like to find some curtains that look good in this room,spam,oos,test
how to paint walls,spam,oos,test
how to fix walls,spam,oos,test
can you tell me the purpose of a safe deposit box,spam,oos,test
can you store a gun in a safe deposit box,spam,oos,test
how do you get a safe deposit box,spam,oos,test
look up how to apply cream to smooth itchiness,spam,oos,test
"how do i deal with angry, painful red bumps",spam,oos,test
where should i go if i hammered a nail through my foot,spam,oos,test
how long does it take to call an ambulance,spam,oos,test
how to get the right medicine,spam,oos,test
how to take care of the sick,spam,oos,test
do vegans really want to blame cows for climate change,spam,oos,test
give me a recommendation for a local landscaper,spam,oos,test
i need to hire a grass treatment specialist,spam,oos,test
when is the best time of year for pruning,spam,oos,test
find someone local who mows lawns,spam,oos,test
create a speech on historical events surrounding albert einstein,spam,oos,test
create a pamphlet on albert einsteins childhood,spam,oos,test
what is albert einstein famous for,spam,oos,test
when was albert einstein born,spam,oos,test
when will cameron release the sequel to avatar,spam,oos,test
can you please start the avatar movie for me,spam,oos,test
is the movie avatar culturally insensitive,spam,oos,test
could you create a new avatar for me,spam,oos,test
does bill gates still have any material participation in the running of microsoft,spam,oos,test
tell me more about bill gates,spam,oos,test
give me the weather forecast for today,spam,oos,test
what is bitcoin trading for currently,spam,oos,test
where can i have a black and white photo blown up to poster size,spam,oos,test
adjust the contrast of the black and white photos,spam,oos,test
can you colorize a black and white photo,spam,oos,test
add color to the black and white photos,spam,oos,test
how many people were killed in the boston marathon by bombers,spam,oos,test
compile a list of historical events from the boston marathon,spam,oos,test
time my next run at the boston marathon,spam,oos,test
when will the next boston marathon be,spam,oos,test
look up which animal is represented in this year's chinese new year,spam,oos,test
what is the animal for this chinese new year,spam,oos,test
would it be legal to have battles to the death in a homemade colosseum,spam,oos,test
do the romans still use the colosseum for anything today,spam,oos,test
where is the colosseum,spam,oos,test
"can you really time your compressions to queen's ""another one bites the dust""",spam,oos,test
do i have to put my mouth on theirs when doing cpr,spam,oos,test
what is the breath to compression ratio for cpr,spam,oos,test
tell me how to perform cpr,spam,oos,test
create a for-while loop that continues 10 times,spam,oos,test
where are classes taught near me for c++,spam,oos,test
"declare a variable named ""golf""",spam,oos,test
how do i write c++,spam,oos,test
is the depiction of gold mining in the movie the ballad of buster scruggs realistic,spam,oos,test
do you own the mineral rights to gold nuggets you find in your back yard,spam,oos,test
where is the best place to mine for gold,spam,oos,test
when was the gold rush,spam,oos,test
make a list of facts about green book,spam,oos,test
find out when green book was created,spam,oos,test
who wrote green book,spam,oos,test
what's the main export by the peoples of greenland,spam,oos,test
how many people still live on greenland,spam,oos,test
scan my photos and tell me which hair style is most suiting for my face,spam,oos,test
create several photos of me with different hair styles,spam,oos,test
latest hair styles for long natural hair,spam,oos,test
show video of hair styling tips,spam,oos,test
did a man really die trying to be loved by a horse,spam,oos,test
how many acres do you need to buy a horse,spam,oos,test
get me a picture of a horse,spam,oos,test
does eating poop really help your gut fauna,spam,oos,test
is there a vaccine for ebola,spam,oos,test
find out how many latin scholars there are at the university of chicago,spam,oos,test
make a list of side hustles i could start today to make a little extra cash,spam,oos,test
make a list of stocks that would be good to invest in to start making money,spam,oos,test
how can i add my signature to the proposed bill legalizing prostitution,spam,oos,test
what's the roi doing arbitrage with ebay,spam,oos,test
do women still bare their chests for beads at mardi gras,spam,oos,test
when's the next mardi gras going to be,spam,oos,test
what is the best way to kill microbes,spam,oos,test
start a speech on microbes for me,spam,oos,test
inform me of what microbes are,spam,oos,test
what is the top 10 best modems,spam,oos,test
what is the time signature for the castlevania song bloody tears,spam,oos,test
can you tell me what key frank zappa's keep it greasy is in,spam,oos,test
please go to wikipedia and search for articles related to nsa,spam,oos,test
can the nsa crack the encryption on my iphone,spam,oos,test
does the nsa listen to me,spam,oos,test
could you pull up the nsa website,spam,oos,test
can you see if the octopus eggs have hatched yet,spam,oos,test
what do you do if your cat eats an octopus,spam,oos,test
find out which museum houses the most post modern art in new york state,spam,oos,test
look up the top 3 selling post modern artists in the united states,spam,oos,test
create a portrait for me using post modern art,spam,oos,test
find me examples of post modern art,spam,oos,test
find the names of all the rain forests located in south america,spam,oos,test
does cutting down the rain forest really add to global warming,spam,oos,test
what's the current demand for wood from rain forests,spam,oos,test
what's the current prevailing interest rate for mortgages in my area,spam,oos,test
how's the real estate market doing this week,spam,oos,test
please list my real estate for sale,spam,oos,test
make an ad to sell my real estate,spam,oos,test
what's the status of robotic servants from japan,spam,oos,test
finish the final touches on my newest robotic creation,spam,oos,test
can a robot really travel back in time,spam,oos,test
program my new robot to bring me snacks,spam,oos,test
how long would it take you to die of thirst in the sahara desert,spam,oos,test
can a samurai sword deflect a bullet,spam,oos,test
how much for a samurai sword,spam,oos,test
make a list of what materials have been used for spacesuits,spam,oos,test
what size space suit should you get based on your girth,spam,oos,test
see if you can purchase a spacesuit online,spam,oos,test
compile a folder of paintings of sparta,spam,oos,test
display history of sparta,spam,oos,test
compile a list of articles pertaining to venture capital funding for me,spam,oos,test
start a portfolio on venture capital funding for me to look over,spam,oos,test
how do i get venture capital for my app,spam,oos,test
what's the latest vc funded company,spam,oos,test
i'd like to hire a wedding planner and need help finding one,spam,oos,test
how to plan for weddings,spam,oos,test
find out how many whales are currently in monterey bay,spam,oos,test
make a chart of the different types of whales,spam,oos,test
what did my best friend do in the kitchen while we were gone,spam,oos,test
what's my boss' home address,spam,oos,test
what's it like to have parents who actually love you,spam,oos,test
is there any news if my parents survived the crash,spam,oos,test
tell me who gives the best motivational speeches on the web,spam,oos,test
find an article on celebrities who made it out of poverty,spam,oos,test
send me a motivational quote everyday for the next week,spam,oos,test
who is the hardest working man in hollywood,spam,oos,test
tell me where i can get more information on getting a job at the post office,spam,oos,test
pull up the classifieds and read the career section to me,spam,oos,test
help me find a new position as a programmer,spam,oos,test
what's the best career search website,spam,oos,test
write the next chapter of my biography and let me know when you have finished it,spam,oos,test
give me a list of the biographies written by nyu professors after 2001,spam,oos,test
i would like for you to start a biography on me,spam,oos,test
show me all biographies on teddy kennedy,spam,oos,test
find out what supplies i am missing and will need on my upcoming camping trip,spam,oos,test
what are the camping restrictions at bear island,spam,oos,test
find articles that can help me advance my position in my work field,spam,oos,test
show me what one should do to get ahead in a tech corporation,spam,oos,test
get me a copy of a book on negotiation in the workplace,spam,oos,test
look up ways for me to advance my job placement,spam,oos,test
see if there is a recipe to make a casserole without any dairy,spam,oos,test
tell me in how many different colors i can get dinner plates from pier one imports,spam,oos,test
tell me amazon's choice for a set of 4 dinner plates,spam,oos,test
find out where i can by melamine dinner plates,spam,oos,test
find out what the maximum memory size is that i can buy in a dvd,spam,oos,test
tell me who makes the best dvd's for movie storage,spam,oos,test
how many dvds do i currently have on file,spam,oos,test
give me a listing of all my dvd's,spam,oos,test
look up the conversion rate for the euro to dollar exchange,spam,oos,test
how do i put a lens that's fallen out back in my glasses,spam,oos,test
i need you to order a new pair of eyeglasses for me,spam,oos,test
tell me what my current eyeglasses prescription is,spam,oos,test
show me examples of cute eyeglass frames,spam,oos,test
make a list of all sites in the us where spirits have been seen at night,spam,oos,test
tell me how to get rid of a spirit that's haunting me,spam,oos,test
show me how to contact a paranormal spirit,spam,oos,test
tell me a scary story,spam,oos,test
show me the goals of my local police department in terms of reducing crime,spam,oos,test
make a list of goals i need to meet in order to write a book,spam,oos,test
what is the distance between the goal posts in football,spam,oos,test
remind me what my weight loss goals are,spam,oos,test
give me a list of tax attorneys that practice in my city,spam,oos,test
tell me how i can file a pleading in circuit court,spam,oos,test
give me the number of a traffic attorney near here,spam,oos,test
what are the top rated local lawyers,spam,oos,test
find out how many miles the mississippi waterway runs,spam,oos,test
tell me what the longest tributary is in venezuela,spam,oos,test
please book another boat for this weekends trip,spam,oos,test
get me a list of universities that provide full scholarships in arizona,spam,oos,test
tell me where to go to get my son enrolled in public kindergarten,spam,oos,test
"do a job search on monstercom for jobs in the tech field in arlington, va",spam,oos,test
"i need to find work, help me connect to a local business through linkedin",spam,oos,test
detail a list of possible job openings in the miami public school system,spam,oos,test
look for a position similar to mine that is open around my area,spam,oos,test
find out where one can get involved in discussing local election issues,spam,oos,test
give me a list of the top 5 issues people have in this country,spam,oos,test
what is the government department that regulates emissions,spam,oos,test
what's the highest rated social services non-profit,spam,oos,test
explain to me the process of evaporation,spam,oos,test
how do i write an iep for a high schooler,spam,oos,test
tell me how to refinish a wooden desk,spam,oos,test
tell me how to make a lesson plan,spam,oos,test
tell me where i can get the cheapest tennis balls on the internet,spam,oos,test
play the current tennis match on the tv in the living room,spam,oos,test
give me a list of the top 10 tennis players in the world,spam,oos,test
make a chart of all the tennis scores from this year,spam,oos,test
find the best prices for toothpaste at any store within a 5 mile radius of my location,spam,oos,test
tell me what the best shampoo is for someone with dry scalp,spam,oos,test
what's the best price on a gray xl ll bean men's parka,spam,oos,test
tell me who has the cheapest watch bands on ebay,spam,oos,test
how do i set the time on my tag heuer,spam,oos,test
tell me the steps as to how to begin a career as a journalist,spam,oos,test
give me prices on a copy of the mla grammar handbook,spam,oos,test
put words on the paper about what you want,spam,oos,test
put into words what you want,spam,oos,test
what kind of foods are border collies allergic to,spam,oos,test
find out how i can best clip my dog's nails,spam,oos,test
what is the lifespan of a border collie,spam,oos,test
look up daily dog kennels in my area,spam,oos,test
give me a list of grocery stores that sell japanese sweet potatoes,spam,oos,test
tell me the price of bananas at whole foods this week,spam,oos,test
call the grocery store and get their operational hours,spam,oos,test
call an uber to take me to the closest grocery store,spam,oos,test
show me how many community centers are located within 5 miles of my location,spam,oos,test
which houses do not have automatic spot lights in front of their garage,spam,oos,test
are all the street lamps working on my street,spam,oos,test
make a list of all community gardens near me,spam,oos,test
tell me where to send my resume in order to get a job at delta airlines,spam,oos,test
review my resume for spelling errors,spam,oos,test
please print out copies of my resume,spam,oos,test
please spell check my resume,spam,oos,test
where can i get 100% merino wool t-shirts on the internet,spam,oos,test
show me all listings on amazon for leather belts for men,spam,oos,test
tell me how many blue ties i own,spam,oos,test
who is the start of the movie almost famous,spam,oos,test
search up someone who plays in a movie,spam,oos,test
search up the cast in the walking dead,spam,oos,test
tell me about the amusement park,spam,oos,test
what's the amusement park like,spam,oos,test
take a ride on the ferris wheel,spam,oos,test
go on the ferris wheel,spam,oos,test
what is the cost of four double a batteries,spam,oos,test
instruct a list of all the brands of cereal manufactured by kelloggs,spam,oos,test
compare prices of malt-o-meal to kelloggs,spam,oos,test
what kinds of cereal are gluten free,spam,oos,test
what kinds of cereal are low sugar,spam,oos,test
what is the last time the living room was vacuumed,spam,oos,test
search all movies created by disney in the 1980's,spam,oos,test
does disney world close when it storms,spam,oos,test
mickey mouse is a huge part of disney,spam,oos,test
what are the hours for disney world,spam,oos,test
what time did i get the last text message i received,spam,oos,test
please read me the last text message i received,spam,oos,test
read my friend's text message,spam,oos,test
watch the stories on instagram,spam,oos,test
update my status on instagram,spam,oos,test
can you check on what it would cost me to upgrade my iphone with t-mobile,spam,oos,test
please alert me when my iphone battery falls below 30%,spam,oos,test
can you look at when the next iphone is due out,spam,oos,test
what type of industries do innovation managers work in,spam,oos,test
what are the requirements of a lab technician,spam,oos,test
generate a list of 20 songs that include the word love in the title,spam,oos,test
create a 500 word letter expressing love,spam,oos,test
find a couple's therapist who can help me and my wife,spam,oos,test
what does the average cost of an engagement ring,spam,oos,test
what is popular in fashion right now,spam,oos,test
does denim go with anything,spam,oos,test
accept incoming phone call,spam,oos,test
deny incoming phone call,spam,oos,test
what do i wear on my feet when it rains,spam,oos,test
what do i put on my feet,spam,oos,test
what are the words to the chorus for this song,spam,oos,test
display the song lyrics for me,spam,oos,test
"google ""odell beckham free agency""",spam,oos,test
clear my search history,spam,oos,test
compare the new life growth in trees when the seasons change,spam,oos,test
plant all your flowers just after easter in early april,spam,oos,test
find a good toy to give a 5 year old boy that costs less than $40,spam,oos,test
find out where i can buy a barbie doll for my niece,spam,oos,test
look on amazon for the price of a nitendo switch,spam,oos,test
what brand was the last advertisement for,spam,oos,test
how do i skip all of the advertisements,spam,oos,test
make a list of decor i would need to have a titanic themed birthday party,spam,oos,test
aquire the soundtracks from the movie if i stay and add them to my ipod,spam,oos,test
"i watched ""were the millers"" on netflix last night",spam,oos,test
"can you find ""were the millers"" on hulu",spam,oos,test
"how many people have held the role of county attorney bearing the family name ""dixon""",spam,oos,test
tell me about the candidates running for local office in my area,spam,oos,test
find out who is the representative of my district,spam,oos,test
generate a list of the past 10 judge executives,spam,oos,test
look up the email address of the local police,spam,oos,test
how many hits have i done today,spam,oos,test
change out the older photos with the newer ones,spam,oos,test
organize photos by year they were taken,spam,oos,test
can you group my photos by location,spam,oos,test
organize my photos by date please,spam,oos,test
tell me what my local park's policy is on letting dogs off of leashes,spam,oos,test
look up the operating hours of my local park on weekends,spam,oos,test
how many parks are within 20 miles of me,spam,oos,test
check to see if i still have allergy medication,spam,oos,test
sign me up for the writing class you told me about 2 days ago,spam,oos,test
find articles on essay writing for beginners,spam,oos,test
how long should an essay be,spam,oos,test
how do you start an essay,spam,oos,test
what should you do if your laundry machine is making a high pitched whine,spam,oos,test
find out who the best appliance repairman is for the downtown area,spam,oos,test
look up local repair shops that work on vacuum cleaners,spam,oos,test
can i get a sear's appliance repairman,spam,oos,test
find directions to the sunshine car wash from my house,spam,oos,test
can you book me an appointment at a car wash,spam,oos,test
what brush can i use to wash my car that won't scratch it,spam,oos,test
please clean the car windows,spam,oos,test
vacuum out the car,spam,oos,test
schedule an appointment with the credit counselor for tuesday,spam,oos,test
find a credit mentoring service number for me please,spam,oos,test
how much does it cost to get two jackets dry cleaned,spam,oos,test
look up articles on the green dry cleaning industry,spam,oos,test
find a cleaner that specializes in suede,spam,oos,test
when should you use a dry cleaner,spam,oos,test
create emergency phone numbers list,spam,oos,test
do sets of 25 set-ups each morning til you have completed your goal,spam,oos,test
keep a note of how many miles you walk a day,spam,oos,test
how much weight should i lift to get buff,spam,oos,test
what's a good stretch to do to limber up,spam,oos,test
look up the most requested famous person for quotes,spam,oos,test
what is the most famous quote on the internet,spam,oos,test
make a list of the top 100 famous quotes,spam,oos,test
show me the top 10 quotes by mark twain,spam,oos,test
what do you do if you can't stop vomiting,spam,oos,test
what should i take for a cold,spam,oos,test
"i have too many credit cards, is there any way you can help me organize them",spam,oos,test
find a credit counseling service for me on the web,spam,oos,test
explain how to reduce my debt burden,spam,oos,test
look up the current auto loan rate at chase bank,spam,oos,test
look up student loan offers on google,spam,oos,test
check current prime mortgage rate,spam,oos,test
what should you do if you can't be bothered to get out of bed,spam,oos,test
send me a quote from a motivational speaker twice a day,spam,oos,test
find me a book on motivational speaking from amazon,spam,oos,test
check to see if i need a pass to use the parking garages downtown,spam,oos,test
can you check to see which parking garages are open downtown,spam,oos,test
how much does it cost to use the parking garage downtown,spam,oos,test
what's a good way of backing out of a parking spot,spam,oos,test
search the web for monthly parking near my house,spam,oos,test
find out where parking is close to the stadium,spam,oos,test
how do i get perfect alignment with the curb,spam,oos,test
describe to me how i can learn to make small talk,spam,oos,test
explain how small talk helps bind groups together,spam,oos,test
what do you do all day while i'm at work,spam,oos,test
"so, hang out around this house often",spam,oos,test
tell me the best way to freshen the smell in my car,spam,oos,test
where's the closest car wash my car smells,spam,oos,test
how much is auto febreeze on amazon,spam,oos,test
find out how to deodorize a car,spam,oos,test
see if you can find a good vegetable wash for me,spam,oos,test
look up website on container gardening,spam,oos,test
are we allowed to wash our cars during the drought,spam,oos,test
request a refund on the car wax i bought yesterday,spam,oos,test
i'd like to hire someone to wash my car,spam,oos,test
find out what gentlemen are wearing to weddings these days,spam,oos,test
find me articles on appropriate wedding attire,spam,oos,test
zip the back of the brides maid dress,spam,oos,test
rent the tuxedo the day before,spam,oos,test
find available letter writing classes at the local community college,spam,oos,test
find me a graphic tutorial on writing longhand,spam,oos,test
order me a book of stamps and envelopes,spam,oos,test
start listening to me dictate a letter,spam,oos,test
"email my boss, tell him i wont be in today",spam,oos,test
are the schools closed,spam,oos,test
let me know what time the patriots game starts,spam,oos,test
tell me how long until the nascar race begins,spam,oos,test
are there any sales on liquor,spam,oos,test
what shows are on tonight,spam,oos,test
are there any new job postings in my area in the last hour for jobs on craigslist,spam,oos,test
see if there are any employment agencies hiring managers right now,spam,oos,test
can you tell me what the best places are to look for a job online,spam,oos,test
sign me up for the slack employment forum,spam,oos,test
please replay the last five minutes,spam,oos,test
can you enable subtitles,spam,oos,test
consult the gq website to find what men wear to weddings,spam,oos,test
order me a blue pin stripe suit from saville row,spam,oos,test
what's in fashion this month,spam,oos,test
is it too late to wear white,spam,oos,test
how many calories does jumping up and down burn,spam,oos,test
how many push-ups do i need to do to get ripped,spam,oos,test
fill up my water bottle for the gym,spam,oos,test
pick out an excerise outfit for me,spam,oos,test
find out how long a cold should last before i call a doctor,spam,oos,test
what should i take for nausea,spam,oos,test
how do you relieve a hangover,spam,oos,test
what is a good home remedy for a rash,spam,oos,test
"i have a rash, what can i use for it",spam,oos,test
can you order some ointment for me,spam,oos,test
how do i get rid of an itchy rash,spam,oos,test
forward the text i just got from henry to giselle,spam,oos,test
please read the text message i just received,spam,oos,test
save my text on my laptop hard drive,spam,oos,test
what time does my ex-boss leave the office,spam,oos,test
how much does gun ammunition cost,spam,oos,test
restart my newspaper delivery for monday,spam,oos,test
are there any messages,spam,oos,test
what's that smell,spam,oos,test
get me a list of the best savings account rates right now,spam,oos,test
is beer legal in this state,spam,oos,test
get me articles and pics of different types of household bugs for this area,spam,oos,test
what should i do if i saw a cockroach in my house,spam,oos,test
look up articles on squealing brakes for ford f-150's,spam,oos,test
please answer the phone and put it on speaker on the tv,spam,oos,test
can you tell me who's calling me,spam,oos,test
answer the phone,spam,oos,test
ignore call,spam,oos,test
find out what type of wax is needed for a late model ford sedan,spam,oos,test
what's the first thing you should do to wash your car,spam,oos,test
what supplies do i need to clean my car,spam,oos,test
look up articles on car washing at home,spam,oos,test
how old is the oldest person that is in the guiness book of world records,spam,oos,test
how could i get into the guiness book of world records,spam,oos,test
what person is the heaviest ever recorded,spam,oos,test
who has the longest hair ever,spam,oos,test
can you look at what average reviews say about the new windows phone on amazon for me,spam,oos,test
tell me a summary of reviews that oakley frogskins get on amazon,spam,oos,test
make me a list of the top ten reviewed hiking boots on jetcom,spam,oos,test
show me a tabulation of reviews for lcd tv's on amazon,spam,oos,test
can you tell me what happened to han solo in episode 4,spam,oos,test
how many movies are in the star wars series,spam,oos,test
how many star wars movies are there,spam,oos,test
who plays han solo,spam,oos,test
which movie is it that someone says perfectly balanced as all things should be,spam,oos,test
what movie is the line today is our independence day from,spam,oos,test
what movie is it that says today is a good day to die,spam,oos,test
what movie does it's just a flesh wound come from,spam,oos,test
is michonne wrong for not working with the kingdom to put on the fair,spam,oos,test
which actors have played more than 1 comic book character,spam,oos,test
what marvel movie did mark ruffalo first appear in,spam,oos,test
why did negan return to his jail cell,spam,oos,test
is there more than one occult that a person can join,spam,oos,test
can i summon a demon using just an ouija board,spam,oos,test
what's the best way to drown a witch,spam,oos,test
what does it mean to join the occult,spam,oos,test
did madison really bathe in the potomac naked,spam,oos,test
can you explain a good risk strategy to me,spam,oos,test
what are the rules for chess,spam,oos,test
fill out the paperwork for tonys new daycare center,spam,oos,test
i need to find a new babysitter,spam,oos,test
get me a list of divorce attorneys in the new york area,spam,oos,test
how long does it take to get a divorce finalized,spam,oos,test
where can i find the best divorce lawyer,spam,oos,test
make me a map of all earthquake hotspots in the continental us,spam,oos,test
how much damage did the last earthquake here do,spam,oos,test
what was the latest tremor on the richter scale,spam,oos,test
get me articles on earthquake preparedness,spam,oos,test
what is appropriate to spend on a bouquet of flowers for mother's day,spam,oos,test
get me a list of personal conservation tips that i can use around the house,spam,oos,test
look up the average temperature changes over the last 30 years for my area,spam,oos,test
is the polar vortex of 2019 apart of global warming,spam,oos,test
what is global warming,spam,oos,test
can you book me a tee time at cantigny at 2 pm on saturday,spam,oos,test
what's the best golf club to use on the lower nine,spam,oos,test
how do i stop my child from setting small animals on fire for amusement,spam,oos,test
review chapter 6 with my son and verify his math homework answers,spam,oos,test
can you look up how i shoot a time lapse video on my iphone camera or is it even possible,spam,oos,test
how do i turn up the resolution that i am taking pictures in on my camera phone,spam,oos,test
print out the photos i took today,spam,oos,test
can you find me sheet music for the beatles white album online,spam,oos,test
find me a good band instructor or two to compare in my area,spam,oos,test
can i get a starter course for the trumpet,spam,oos,test
how many keys does a xylophone have,spam,oos,test
how many polar bears are still alive in the arctic,spam,oos,test
are polar bears on the endangered species list,spam,oos,test
what is the life expectancy of a polar bear,spam,oos,test
can a polar bear live in alabama,spam,oos,test
when will george rr martin publish the next game of thrones book,spam,oos,test
show me the new york times most popular book list for this week,spam,oos,test
how many books are in piers anthony virtual mode series,spam,oos,test
"order the new book titled ""ghost work""",spam,oos,test
please check if god is really living in a small apartment in brussels,spam,oos,test
what did the mesopotamians call the creator of the universe,spam,oos,test
put on an educational program about buddhism,spam,oos,test
what happens if you're skydiving and your parachute doesn't open,spam,oos,test
research how many deaths has resulted from skydiving,spam,oos,test
how many people die each year while skydiving,spam,oos,test
google the price of skydiving in florida,spam,oos,test
in what movie did mrs congeniality feature a contestant championing for world peace,spam,oos,test
"has there ever been total world peace, where no nations in the world are at war",spam,oos,test
name the leader from tibet that stands firm for world peace,spam,oos,test
what will it take to achieve world peace,spam,oos,test
was einstein right to be scared of spooky action at a distance,spam,oos,test
what is the nature of the big bang theory,spam,oos,test
how does the etheric body operate,spam,oos,test
do we actually have a soul,spam,oos,test
where can i find cheap rental skis nearby,spam,oos,test
check the nanny cam and send the feed to my phone,spam,oos,test
how much should i tip on this bill,spam,oos,test
send me live feed of the pre-game prediction show on my phone,spam,oos,test
what are the scores of other teams in this division,spam,oos,test
look up pitcher stats on jake rooney,spam,oos,test
what teams are playing right now,spam,oos,test
is it too late to upgrade to first class,spam,oos,test
"according to my fitness tracker, how many push ups have i done today",spam,oos,test
renew gym membership,spam,oos,test
what's my budget for today's shopping trip,spam,oos,test
can you find my car in the parking lot,spam,oos,test
what's the best hand to have in texas hold em,spam,oos,test
is gambling legal in my state,spam,oos,test
fold my hand,spam,oos,test
what time did i put in my first load of laundry,spam,oos,test
how much time is left on my laundry,spam,oos,test
report outage to my electric provider,spam,oos,test
power up my generator,spam,oos,test
call up instructables website and find article on bike assembly,spam,oos,test
find schematics for ikea desk assembly,spam,oos,test
search information on how to apply foundation,spam,oos,test
find instructions on how to play taboo,spam,oos,test
what casino game has the best odds,spam,oos,test
tell me how much energy i have consumed so far this year,spam,oos,test
give me an energy usage breakdown for march,spam,oos,test
how many kilowatts have i used this month,spam,oos,test
what's my current electric bill,spam,oos,test
can you locate the television remote,spam,oos,test
where did i last place my remote,spam,oos,test
do you know where the remote is,spam,oos,test
have you seen the remote,spam,oos,test
please ping the rfid in my wallet and tell me where it's at right now,spam,oos,test
can you detect where i placed my wallet,spam,oos,test
give me my wallet location,spam,oos,test
find my wallet,spam,oos,test
can you give me the gps location of harvey,spam,oos,test
where's my buddy steve right this second,spam,oos,test
locate jenny at her present position,spam,oos,test
let me know where jim is right now,spam,oos,test
